[0.000000] (-) TimerEvent: {}
[0.000601] (parkbot_aruco) JobQueued: {'identifier': 'parkbot_aruco', 'dependencies': OrderedDict()}
[0.000649] (parking_robot_interfaces) JobQueued: {'identifier': 'parking_robot_interfaces', 'dependencies': OrderedDict()}
[0.000700] (parkbot_motion) JobQueued: {'identifier': 'parkbot_motion', 'dependencies': OrderedDict([('parking_robot_interfaces', '/home/rokey/p3/cobot_ws/install/parking_robot_interfaces')])}
[0.000716] (parking_robot_interfaces) JobStarted: {'identifier': 'parking_robot_interfaces'}
[0.002832] (parkbot_aruco) JobStarted: {'identifier': 'parkbot_aruco'}
[0.005346] (parking_robot_interfaces) JobProgress: {'identifier': 'parking_robot_interfaces', 'progress': 'cmake'}
[0.005661] (parking_robot_interfaces) JobProgress: {'identifier': 'parking_robot_interfaces', 'progress': 'build'}
[0.006012] (parking_robot_interfaces) Command: {'cmd': ['/usr/bin/cmake', '--build', '/home/rokey/p3/cobot_ws/build/parking_robot_interfaces', '--', '-j24', '-l24'], 'cwd': '/home/rokey/p3/cobot_ws/build/parking_robot_interfaces', 'env': OrderedDict([('GJS_DEBUG_TOPICS', 'JS ERROR;JS LOG'), ('LESSOPEN', '| /usr/bin/lesspipe %s'), ('LANGUAGE', 'ko:en'), ('USER', 'rokey'), ('LC_TIME', 'ko_KR.UTF-8'), ('XDG_SESSION_TYPE', 'x11'), ('SHLVL', '1'), ('LD_LIBRARY_PATH', '/opt/ros/humble/opt/rviz_ogre_vendor/lib:/opt/ros/humble/lib/x86_64-linux-gnu:/opt/ros/humble/lib'), ('HOME', '/home/rokey'), ('OLDPWD', '/home/rokey'), ('DESKTOP_SESSION', 'ubuntu'), ('NVM_BIN', '/home/rokey/.nvm/versions/node/v24.18.0/bin'), ('NVM_INC', '/home/rokey/.nvm/versions/node/v24.18.0/include/node'), ('GIO_LAUNCHED_DESKTOP_FILE', '/usr/share/applications/terminator.desktop'), ('ROS_PYTHON_VERSION', '3'), ('GNOME_SHELL_SESSION_MODE', 'ubuntu'), ('GTK_MODULES', 'gail:atk-bridge'), ('LC_MONETARY', 'ko_KR.UTF-8'), ('MANAGERPID', '2176'), ('SYSTEMD_EXEC_PID', '2531'), ('DBUS_SESSION_BUS_ADDRESS', 'unix:path=/run/user/1000/bus'), ('COLORTERM', 'truecolor'), ('TERMINATOR_DBUS_NAME', 'net.tenshu.Terminator23558193cd9818af7fe4d2c2f5bd9d00f'), ('GIO_LAUNCHED_DESKTOP_FILE_PID', '6581'), ('NVM_DIR', '/home/rokey/.nvm'), ('ROS_DISTRO', 'humble'), ('GTK_IM_MODULE', 'ibus'), ('LOGNAME', 'rokey'), ('JOURNAL_STREAM', '8:25857'), ('_', '/usr/bin/colcon'), ('ROS_VERSION', '2'), ('XDG_SESSION_CLASS', 'user'), ('USERNAME', 'rokey'), ('TERM', 'xterm-256color'), ('GNOME_DESKTOP_SESSION_ID', 'this-is-deprecated'), ('ROS_LOCALHOST_ONLY', '0'), ('WINDOWPATH', '2'), ('PATH', '/home/rokey/.nvm/versions/node/v24.18.0/bin:/opt/ros/humble/bin:/home/rokey/.local/bin:/usr/local/sbin:/usr/local/bin:/usr/sbin:/usr/bin:/sbin:/bin:/usr/games:/usr/local/games:/snap/bin:/snap/bin'), ('SESSION_MANAGER', 'local/IsaacSim09:@/tmp/.ICE-unix/2507,unix/IsaacSim09:/tmp/.ICE-unix/2507'), ('FASTRTPS_DEFAULT_PROFILES_FILE', '/home/rokey/.ros/fastdds_wired.xml'), ('INVOCATION_ID', 'bf491cbed05e49b3ae06854c70296156'), ('PAPERSIZE', 'a4'), ('XDG_MENU_PREFIX', 'gnome-'), ('LC_ADDRESS', 'ko_KR.UTF-8'), ('XDG_RUNTIME_DIR', '/run/user/1000'), ('DISPLAY', ':1'), ('TERMINATOR_DBUS_PATH', '/net/tenshu/Terminator2'), ('LANG', 'ko_KR.UTF-8'), ('XDG_CURRENT_DESKTOP', 'ubuntu:GNOME'), ('IBUS_DISABLE_SNOOPER', '1'), ('LC_TELEPHONE', 'ko_KR.UTF-8'), ('RMW_IMPLEMENTATION', 'rmw_fastrtps_cpp'), ('XMODIFIERS', '@im=ibus'), ('XDG_SESSION_DESKTOP', 'ubuntu'), ('XAUTHORITY', '/run/user/1000/gdm/Xauthority'), ('LS_COLORS', 'rs=0:di=01;34:ln=01;36:mh=00:pi=40;33:so=01;35:do=01;35:bd=40;33;01:cd=40;33;01:or=40;31;01:mi=00:su=37;41:sg=30;43:ca=30;41:tw=30;42:ow=34;42:st=37;44:ex=01;32:*.tar=01;31:*.tgz=01;31:*.arc=01;31:*.arj=01;31:*.taz=01;31:*.lha=01;31:*.lz4=01;31:*.lzh=01;31:*.lzma=01;31:*.tlz=01;31:*.txz=01;31:*.tzo=01;31:*.t7z=01;31:*.zip=01;31:*.z=01;31:*.dz=01;31:*.gz=01;31:*.lrz=01;31:*.lz=01;31:*.lzo=01;31:*.xz=01;31:*.zst=01;31:*.tzst=01;31:*.bz2=01;31:*.bz=01;31:*.tbz=01;31:*.tbz2=01;31:*.tz=01;31:*.deb=01;31:*.rpm=01;31:*.jar=01;31:*.war=01;31:*.ear=01;31:*.sar=01;31:*.rar=01;31:*.alz=01;31:*.ace=01;31:*.zoo=01;31:*.cpio=01;31:*.7z=01;31:*.rz=01;31:*.cab=01;31:*.wim=01;31:*.swm=01;31:*.dwm=01;31:*.esd=01;31:*.jpg=01;35:*.jpeg=01;35:*.mjpg=01;35:*.mjpeg=01;35:*.gif=01;35:*.bmp=01;35:*.pbm=01;35:*.pgm=01;35:*.ppm=01;35:*.tga=01;35:*.xbm=01;35:*.xpm=01;35:*.tif=01;35:*.tiff=01;35:*.png=01;35:*.svg=01;35:*.svgz=01;35:*.mng=01;35:*.pcx=01;35:*.mov=01;35:*.mpg=01;35:*.mpeg=01;35:*.m2v=01;35:*.mkv=01;35:*.webm=01;35:*.webp=01;35:*.ogm=01;35:*.mp4=01;35:*.m4v=01;35:*.mp4v=01;35:*.vob=01;35:*.qt=01;35:*.nuv=01;35:*.wmv=01;35:*.asf=01;35:*.rm=01;35:*.rmvb=01;35:*.flc=01;35:*.avi=01;35:*.fli=01;35:*.flv=01;35:*.gl=01;35:*.dl=01;35:*.xcf=01;35:*.xwd=01;35:*.yuv=01;35:*.cgm=01;35:*.emf=01;35:*.ogv=01;35:*.ogx=01;35:*.aac=00;36:*.au=00;36:*.flac=00;36:*.m4a=00;36:*.mid=00;36:*.midi=00;36:*.mka=00;36:*.mp3=00;36:*.mpc=00;36:*.ogg=00;36:*.ra=00;36:*.wav=00;36:*.oga=00;36:*.opus=00;36:*.spx=00;36:*.xspf=00;36:'), ('SSH_AGENT_LAUNCHER', 'gnome-keyring'), ('SSH_AUTH_SOCK', '/run/user/1000/keyring/ssh'), ('ROS_DOMAIN_ID', '126'), ('AMENT_PREFIX_PATH', '/opt/ros/humble'), ('SHELL', '/bin/bash'), ('LC_NAME', 'ko_KR.UTF-8'), ('TERMINATOR_UUID', 'urn:uuid:b2e163e8-18b9-48d5-a255-6e74261ef47d'), ('QT_ACCESSIBILITY', '1'), ('GDMSESSION', 'ubuntu'), ('LESSCLOSE', '/usr/bin/lesspipe %s %s'), ('LC_MEASUREMENT', 'ko_KR.UTF-8'), ('GPG_AGENT_INFO', '/run/user/1000/gnupg/S.gpg-agent:0:1'), ('GJS_DEBUG_OUTPUT', 'stderr'), ('LC_IDENTIFICATION', 'ko_KR.UTF-8'), ('QT_IM_MODULE', 'ibus'), ('PWD', '/home/rokey/p3/cobot_ws/build/parking_robot_interfaces'), ('LC_ALL', 'en_US.UTF-8'), ('XDG_CONFIG_DIRS', '/etc/xdg/xdg-ubuntu:/etc/xdg'), ('NVM_CD_FLAGS', ''), ('XDG_DATA_DIRS', '/usr/share/ubuntu:/usr/share/gnome:/home/rokey/.local/share/flatpak/exports/share:/var/lib/flatpak/exports/share:/usr/local/share/:/usr/share/:/var/lib/snapd/desktop'), ('PYTHONPATH', '/opt/ros/humble/lib/python3.10/site-packages:/opt/ros/humble/local/lib/python3.10/dist-packages'), ('LC_NUMERIC', 'ko_KR.UTF-8'), ('LC_PAPER', 'ko_KR.UTF-8'), ('COLCON', '1'), ('VTE_VERSION', '6800'), ('CMAKE_PREFIX_PATH', '/opt/ros/humble')]), 'shell': False}
[0.034898] (parking_robot_interfaces) StdoutLine: {'line': b'\x1b[35m\x1b[1mConsolidate compiler generated dependencies of target parking_robot_interfaces__rosidl_generator_c\x1b[0m\n'}
[0.036944] (parking_robot_interfaces) StdoutLine: {'line': b'[  1%] Built target parking_robot_interfaces__rs\n'}
[0.038056] (parking_robot_interfaces) StdoutLine: {'line': b'[  1%] Built target parking_robot_interfaces__cpp\n'}
[0.047113] (parking_robot_interfaces) StdoutLine: {'line': b'[  1%] Built target ament_cmake_python_symlink_parking_robot_interfaces\n'}
[0.047198] (parking_robot_interfaces) StdoutLine: {'line': b'[ 13%] Built target parking_robot_interfaces__rosidl_generator_c\n'}
[0.050124] (parking_robot_interfaces) StdoutLine: {'line': b'\x1b[35m\x1b[1mConsolidate compiler generated dependencies of target parking_robot_interfaces__rosidl_typesupport_introspection_cpp\x1b[0m\n'}
[0.050201] (parking_robot_interfaces) StdoutLine: {'line': b'\x1b[35m\x1b[1mConsolidate compiler generated dependencies of target parking_robot_interfaces__rosidl_typesupport_cpp\x1b[0m\n'}
[0.050494] (parking_robot_interfaces) StdoutLine: {'line': b'\x1b[35m\x1b[1mConsolidate compiler generated dependencies of target parking_robot_interfaces__rosidl_typesupport_fastrtps_cpp\x1b[0m\n'}
[0.054733] (parking_robot_interfaces) StdoutLine: {'line': b'\x1b[35m\x1b[1mConsolidate compiler generated dependencies of target parking_robot_interfaces__rosidl_typesupport_c\x1b[0m\n'}
[0.056490] (parking_robot_interfaces) StdoutLine: {'line': b'\x1b[35m\x1b[1mConsolidate compiler generated dependencies of target parking_robot_interfaces__rosidl_typesupport_introspection_c\x1b[0m\n'}
[0.056592] (parking_robot_interfaces) StdoutLine: {'line': b'\x1b[35m\x1b[1mConsolidate compiler generated dependencies of target parking_robot_interfaces__rosidl_typesupport_fastrtps_c\x1b[0m\n'}
[0.063487] (parking_robot_interfaces) StdoutLine: {'line': b'[ 25%] Built target parking_robot_interfaces__rosidl_typesupport_c\n'}
[0.067171] (parking_robot_interfaces) StdoutLine: {'line': b'[ 37%] Built target parking_robot_interfaces__rosidl_typesupport_cpp\n'}
[0.068094] (parking_robot_interfaces) StdoutLine: {'line': b'[ 49%] Built target parking_robot_interfaces__rosidl_typesupport_introspection_cpp\n'}
[0.068686] (parking_robot_interfaces) StdoutLine: {'line': b'[ 69%] Built target parking_robot_interfaces__rosidl_typesupport_fastrtps_cpp\n'}
[0.068736] (parking_robot_interfaces) StdoutLine: {'line': b'[ 73%] Built target parking_robot_interfaces__rosidl_typesupport_introspection_c\n'}
[0.071177] (parking_robot_interfaces) StdoutLine: {'line': b'[ 85%] Built target parking_robot_interfaces__rosidl_typesupport_fastrtps_c\n'}
[0.082073] (parking_robot_interfaces) StdoutLine: {'line': b'[ 85%] Built target parking_robot_interfaces\n'}
[0.096784] (parking_robot_interfaces) StdoutLine: {'line': b'[ 86%] Built target parking_robot_interfaces__py\n'}
[0.099998] (-) TimerEvent: {}
[0.106590] (parking_robot_interfaces) StdoutLine: {'line': b'\x1b[35m\x1b[1mConsolidate compiler generated dependencies of target parking_robot_interfaces__rosidl_generator_py\x1b[0m\n'}
[0.121189] (parking_robot_interfaces) StdoutLine: {'line': b'[ 97%] Built target parking_robot_interfaces__rosidl_generator_py\n'}
[0.127585] (parking_robot_interfaces) StdoutLine: {'line': b'\x1b[35m\x1b[1mConsolidate compiler generated dependencies of target parking_robot_interfaces__rosidl_typesupport_introspection_c__pyext\x1b[0m\n'}
[0.128456] (parking_robot_interfaces) StdoutLine: {'line': b'\x1b[35m\x1b[1mConsolidate compiler generated dependencies of target parking_robot_interfaces__rosidl_typesupport_c__pyext\x1b[0m\n'}
[0.128624] (parking_robot_interfaces) StdoutLine: {'line': b'\x1b[35m\x1b[1mConsolidate compiler generated dependencies of target parking_robot_interfaces__rosidl_typesupport_fastrtps_c__pyext\x1b[0m\n'}
[0.134000] (parking_robot_interfaces) StdoutLine: {'line': b'[ 98%] Built target parking_robot_interfaces__rosidl_typesupport_c__pyext\n'}
[0.134141] (parking_robot_interfaces) StdoutLine: {'line': b'[ 99%] Built target parking_robot_interfaces__rosidl_typesupport_introspection_c__pyext\n'}
[0.134200] (parking_robot_interfaces) StdoutLine: {'line': b'[100%] Built target parking_robot_interfaces__rosidl_typesupport_fastrtps_c__pyext\n'}
[0.162219] (parking_robot_interfaces) StdoutLine: {'line': b'running egg_info\n'}
[0.163197] (parking_robot_interfaces) StdoutLine: {'line': b'writing parking_robot_interfaces.egg-info/PKG-INFO\n'}
[0.163241] (parking_robot_interfaces) StdoutLine: {'line': b'writing dependency_links to parking_robot_interfaces.egg-info/dependency_links.txt\n'}
[0.163268] (parking_robot_interfaces) StdoutLine: {'line': b'writing top-level names to parking_robot_interfaces.egg-info/top_level.txt\n'}
[0.164518] (parking_robot_interfaces) StdoutLine: {'line': b"reading manifest file 'parking_robot_interfaces.egg-info/SOURCES.txt'\n"}
[0.164545] (parking_robot_interfaces) StdoutLine: {'line': b"writing manifest file 'parking_robot_interfaces.egg-info/SOURCES.txt'\n"}
[0.177750] (parking_robot_interfaces) StdoutLine: {'line': b'[100%] Built target ament_cmake_python_build_parking_robot_interfaces_egg\n'}
[0.186776] (parking_robot_interfaces) CommandEnded: {'returncode': 0}
[0.187008] (parking_robot_interfaces) JobProgress: {'identifier': 'parking_robot_interfaces', 'progress': 'install'}
[0.189553] (parking_robot_interfaces) Command: {'cmd': ['/usr/bin/cmake', '--install', '/home/rokey/p3/cobot_ws/build/parking_robot_interfaces'], 'cwd': '/home/rokey/p3/cobot_ws/build/parking_robot_interfaces', 'env': OrderedDict([('GJS_DEBUG_TOPICS', 'JS ERROR;JS LOG'), ('LESSOPEN', '| /usr/bin/lesspipe %s'), ('LANGUAGE', 'ko:en'), ('USER', 'rokey'), ('LC_TIME', 'ko_KR.UTF-8'), ('XDG_SESSION_TYPE', 'x11'), ('SHLVL', '1'), ('LD_LIBRARY_PATH', '/opt/ros/humble/opt/rviz_ogre_vendor/lib:/opt/ros/humble/lib/x86_64-linux-gnu:/opt/ros/humble/lib'), ('HOME', '/home/rokey'), ('OLDPWD', '/home/rokey'), ('DESKTOP_SESSION', 'ubuntu'), ('NVM_BIN', '/home/rokey/.nvm/versions/node/v24.18.0/bin'), ('NVM_INC', '/home/rokey/.nvm/versions/node/v24.18.0/include/node'), ('GIO_LAUNCHED_DESKTOP_FILE', '/usr/share/applications/terminator.desktop'), ('ROS_PYTHON_VERSION', '3'), ('GNOME_SHELL_SESSION_MODE', 'ubuntu'), ('GTK_MODULES', 'gail:atk-bridge'), ('LC_MONETARY', 'ko_KR.UTF-8'), ('MANAGERPID', '2176'), ('SYSTEMD_EXEC_PID', '2531'), ('DBUS_SESSION_BUS_ADDRESS', 'unix:path=/run/user/1000/bus'), ('COLORTERM', 'truecolor'), ('TERMINATOR_DBUS_NAME', 'net.tenshu.Terminator23558193cd9818af7fe4d2c2f5bd9d00f'), ('GIO_LAUNCHED_DESKTOP_FILE_PID', '6581'), ('NVM_DIR', '/home/rokey/.nvm'), ('ROS_DISTRO', 'humble'), ('GTK_IM_MODULE', 'ibus'), ('LOGNAME', 'rokey'), ('JOURNAL_STREAM', '8:25857'), ('_', '/usr/bin/colcon'), ('ROS_VERSION', '2'), ('XDG_SESSION_CLASS', 'user'), ('USERNAME', 'rokey'), ('TERM', 'xterm-256color'), ('GNOME_DESKTOP_SESSION_ID', 'this-is-deprecated'), ('ROS_LOCALHOST_ONLY', '0'), ('WINDOWPATH', '2'), ('PATH', '/home/rokey/.nvm/versions/node/v24.18.0/bin:/opt/ros/humble/bin:/home/rokey/.local/bin:/usr/local/sbin:/usr/local/bin:/usr/sbin:/usr/bin:/sbin:/bin:/usr/games:/usr/local/games:/snap/bin:/snap/bin'), ('SESSION_MANAGER', 'local/IsaacSim09:@/tmp/.ICE-unix/2507,unix/IsaacSim09:/tmp/.ICE-unix/2507'), ('FASTRTPS_DEFAULT_PROFILES_FILE', '/home/rokey/.ros/fastdds_wired.xml'), ('INVOCATION_ID', 'bf491cbed05e49b3ae06854c70296156'), ('PAPERSIZE', 'a4'), ('XDG_MENU_PREFIX', 'gnome-'), ('LC_ADDRESS', 'ko_KR.UTF-8'), ('XDG_RUNTIME_DIR', '/run/user/1000'), ('DISPLAY', ':1'), ('TERMINATOR_DBUS_PATH', '/net/tenshu/Terminator2'), ('LANG', 'ko_KR.UTF-8'), ('XDG_CURRENT_DESKTOP', 'ubuntu:GNOME'), ('IBUS_DISABLE_SNOOPER', '1'), ('LC_TELEPHONE', 'ko_KR.UTF-8'), ('RMW_IMPLEMENTATION', 'rmw_fastrtps_cpp'), ('XMODIFIERS', '@im=ibus'), ('XDG_SESSION_DESKTOP', 'ubuntu'), ('XAUTHORITY', '/run/user/1000/gdm/Xauthority'), ('LS_COLORS', 'rs=0:di=01;34:ln=01;36:mh=00:pi=40;33:so=01;35:do=01;35:bd=40;33;01:cd=40;33;01:or=40;31;01:mi=00:su=37;41:sg=30;43:ca=30;41:tw=30;42:ow=34;42:st=37;44:ex=01;32:*.tar=01;31:*.tgz=01;31:*.arc=01;31:*.arj=01;31:*.taz=01;31:*.lha=01;31:*.lz4=01;31:*.lzh=01;31:*.lzma=01;31:*.tlz=01;31:*.txz=01;31:*.tzo=01;31:*.t7z=01;31:*.zip=01;31:*.z=01;31:*.dz=01;31:*.gz=01;31:*.lrz=01;31:*.lz=01;31:*.lzo=01;31:*.xz=01;31:*.zst=01;31:*.tzst=01;31:*.bz2=01;31:*.bz=01;31:*.tbz=01;31:*.tbz2=01;31:*.tz=01;31:*.deb=01;31:*.rpm=01;31:*.jar=01;31:*.war=01;31:*.ear=01;31:*.sar=01;31:*.rar=01;31:*.alz=01;31:*.ace=01;31:*.zoo=01;31:*.cpio=01;31:*.7z=01;31:*.rz=01;31:*.cab=01;31:*.wim=01;31:*.swm=01;31:*.dwm=01;31:*.esd=01;31:*.jpg=01;35:*.jpeg=01;35:*.mjpg=01;35:*.mjpeg=01;35:*.gif=01;35:*.bmp=01;35:*.pbm=01;35:*.pgm=01;35:*.ppm=01;35:*.tga=01;35:*.xbm=01;35:*.xpm=01;35:*.tif=01;35:*.tiff=01;35:*.png=01;35:*.svg=01;35:*.svgz=01;35:*.mng=01;35:*.pcx=01;35:*.mov=01;35:*.mpg=01;35:*.mpeg=01;35:*.m2v=01;35:*.mkv=01;35:*.webm=01;35:*.webp=01;35:*.ogm=01;35:*.mp4=01;35:*.m4v=01;35:*.mp4v=01;35:*.vob=01;35:*.qt=01;35:*.nuv=01;35:*.wmv=01;35:*.asf=01;35:*.rm=01;35:*.rmvb=01;35:*.flc=01;35:*.avi=01;35:*.fli=01;35:*.flv=01;35:*.gl=01;35:*.dl=01;35:*.xcf=01;35:*.xwd=01;35:*.yuv=01;35:*.cgm=01;35:*.emf=01;35:*.ogv=01;35:*.ogx=01;35:*.aac=00;36:*.au=00;36:*.flac=00;36:*.m4a=00;36:*.mid=00;36:*.midi=00;36:*.mka=00;36:*.mp3=00;36:*.mpc=00;36:*.ogg=00;36:*.ra=00;36:*.wav=00;36:*.oga=00;36:*.opus=00;36:*.spx=00;36:*.xspf=00;36:'), ('SSH_AGENT_LAUNCHER', 'gnome-keyring'), ('SSH_AUTH_SOCK', '/run/user/1000/keyring/ssh'), ('ROS_DOMAIN_ID', '126'), ('AMENT_PREFIX_PATH', '/opt/ros/humble'), ('SHELL', '/bin/bash'), ('LC_NAME', 'ko_KR.UTF-8'), ('TERMINATOR_UUID', 'urn:uuid:b2e163e8-18b9-48d5-a255-6e74261ef47d'), ('QT_ACCESSIBILITY', '1'), ('GDMSESSION', 'ubuntu'), ('LESSCLOSE', '/usr/bin/lesspipe %s %s'), ('LC_MEASUREMENT', 'ko_KR.UTF-8'), ('GPG_AGENT_INFO', '/run/user/1000/gnupg/S.gpg-agent:0:1'), ('GJS_DEBUG_OUTPUT', 'stderr'), ('LC_IDENTIFICATION', 'ko_KR.UTF-8'), ('QT_IM_MODULE', 'ibus'), ('PWD', '/home/rokey/p3/cobot_ws/build/parking_robot_interfaces'), ('LC_ALL', 'en_US.UTF-8'), ('XDG_CONFIG_DIRS', '/etc/xdg/xdg-ubuntu:/etc/xdg'), ('NVM_CD_FLAGS', ''), ('XDG_DATA_DIRS', '/usr/share/ubuntu:/usr/share/gnome:/home/rokey/.local/share/flatpak/exports/share:/var/lib/flatpak/exports/share:/usr/local/share/:/usr/share/:/var/lib/snapd/desktop'), ('PYTHONPATH', '/opt/ros/humble/lib/python3.10/site-packages:/opt/ros/humble/local/lib/python3.10/dist-packages'), ('LC_NUMERIC', 'ko_KR.UTF-8'), ('LC_PAPER', 'ko_KR.UTF-8'), ('COLCON', '1'), ('VTE_VERSION', '6800'), ('CMAKE_PREFIX_PATH', '/opt/ros/humble')]), 'shell': False}
[0.193726] (parking_robot_interfaces) StdoutLine: {'line': b'-- Install configuration: ""\n'}
[0.194058] (parking_robot_interfaces) StdoutLine: {'line': b'-- Execute custom install script\n'}
[0.194173] (parking_robot_interfaces) StdoutLine: {'line': b'-- Up-to-date symlink: /home/rokey/p3/cobot_ws/install/parking_robot_interfaces/share/ament_index/resource_index/rosidl_interfaces/parking_robot_interfaces\n'}
[0.194678] (parking_robot_interfaces) StdoutLine: {'line': b'-- Up-to-date symlink: /home/rokey/p3/cobot_ws/install/parking_robot_interfaces/include/parking_robot_interfaces/parking_robot_interfaces/action/align_vehicle.h\n'}
[0.194714] (parking_robot_interfaces) StdoutLine: {'line': b'-- Up-to-date symlink: /home/rokey/p3/cobot_ws/install/parking_robot_interfaces/include/parking_robot_interfaces/parking_robot_interfaces/action/carry_to_slot.h\n'}
[0.194734] (parking_robot_interfaces) StdoutLine: {'line': b'-- Up-to-date symlink: /home/rokey/p3/cobot_ws/install/parking_robot_interfaces/include/parking_robot_interfaces/parking_robot_interfaces/action/control_lift.h\n'}
[0.194754] (parking_robot_interfaces) StdoutLine: {'line': b'-- Up-to-date symlink: /home/rokey/p3/cobot_ws/install/parking_robot_interfaces/include/parking_robot_interfaces/parking_robot_interfaces/action/detail/align_vehicle__functions.h\n'}
[0.194806] (parking_robot_interfaces) StdoutLine: {'line': b'-- Up-to-date symlink: /home/rokey/p3/cobot_ws/install/parking_robot_interfaces/include/parking_robot_interfaces/parking_robot_interfaces/action/detail/align_vehicle__struct.h\n'}
[0.194829] (parking_robot_interfaces) StdoutLine: {'line': b'-- Up-to-date symlink: /home/rokey/p3/cobot_ws/install/parking_robot_interfaces/include/parking_robot_interfaces/parking_robot_interfaces/action/detail/align_vehicle__type_support.h\n'}
[0.194901] (parking_robot_interfaces) StdoutLine: {'line': b'-- Up-to-date symlink: /home/rokey/p3/cobot_ws/install/parking_robot_interfaces/include/parking_robot_interfaces/parking_robot_interfaces/action/detail/carry_to_slot__functions.h\n'}
[0.194962] (parking_robot_interfaces) StdoutLine: {'line': b'-- Up-to-date symlink: /home/rokey/p3/cobot_ws/install/parking_robot_interfaces/include/parking_robot_interfaces/parking_robot_interfaces/action/detail/carry_to_slot__struct.h\n'}
[0.195017] (parking_robot_interfaces) StdoutLine: {'line': b'-- Up-to-date symlink: /home/rokey/p3/cobot_ws/install/parking_robot_interfaces/include/parking_robot_interfaces/parking_robot_interfaces/action/detail/carry_to_slot__type_support.h\n'}
[0.195074] (parking_robot_interfaces) StdoutLine: {'line': b'-- Up-to-date symlink: /home/rokey/p3/cobot_ws/install/parking_robot_interfaces/include/parking_robot_interfaces/parking_robot_interfaces/action/detail/control_lift__functions.h\n'}
[0.195123] (parking_robot_interfaces) StdoutLine: {'line': b'-- Up-to-date symlink: /home/rokey/p3/cobot_ws/install/parking_robot_interfaces/include/parking_robot_interfaces/parking_robot_interfaces/action/detail/control_lift__struct.h\n'}
[0.195153] (parking_robot_interfaces) StdoutLine: {'line': b'-- Up-to-date symlink: /home/rokey/p3/cobot_ws/install/parking_robot_interfaces/include/parking_robot_interfaces/parking_robot_interfaces/action/detail/control_lift__type_support.h\n'}
[0.195175] (parking_robot_interfaces) StdoutLine: {'line': b'-- Up-to-date symlink: /home/rokey/p3/cobot_ws/install/parking_robot_interfaces/include/parking_robot_interfaces/parking_robot_interfaces/action/detail/detect_vehicle__functions.h\n'}
[0.195238] (parking_robot_interfaces) StdoutLine: {'line': b'-- Up-to-date symlink: /home/rokey/p3/cobot_ws/install/parking_robot_interfaces/include/parking_robot_interfaces/parking_robot_interfaces/action/detail/detect_vehicle__struct.h\n'}
[0.195314] (parking_robot_interfaces) StdoutLine: {'line': b'-- Up-to-date symlink: /home/rokey/p3/cobot_ws/install/parking_robot_interfaces/include/parking_robot_interfaces/parking_robot_interfaces/action/detail/detect_vehicle__type_support.h\n'}
[0.195379] (parking_robot_interfaces) StdoutLine: {'line': b'-- Up-to-date symlink: /home/rokey/p3/cobot_ws/install/parking_robot_interfaces/include/parking_robot_interfaces/parking_robot_interfaces/action/detail/execute_parking_task__functions.h\n'}
[0.195435] (parking_robot_interfaces) StdoutLine: {'line': b'-- Up-to-date symlink: /home/rokey/p3/cobot_ws/install/parking_robot_interfaces/include/parking_robot_interfaces/parking_robot_interfaces/action/detail/execute_parking_task__struct.h\n'}
[0.195501] (parking_robot_interfaces) StdoutLine: {'line': b'-- Up-to-date symlink: /home/rokey/p3/cobot_ws/install/parking_robot_interfaces/include/parking_robot_interfaces/parking_robot_interfaces/action/detail/execute_parking_task__type_support.h\n'}
[0.195560] (parking_robot_interfaces) StdoutLine: {'line': b'-- Up-to-date symlink: /home/rokey/p3/cobot_ws/install/parking_robot_interfaces/include/parking_robot_interfaces/parking_robot_interfaces/action/detail/ingress_under_truck__functions.h\n'}
[0.195587] (parking_robot_interfaces) StdoutLine: {'line': b'-- Up-to-date symlink: /home/rokey/p3/cobot_ws/install/parking_robot_interfaces/include/parking_robot_interfaces/parking_robot_interfaces/action/detail/ingress_under_truck__struct.h\n'}
[0.195605] (parking_robot_interfaces) StdoutLine: {'line': b'-- Up-to-date symlink: /home/rokey/p3/cobot_ws/install/parking_robot_interfaces/include/parking_robot_interfaces/parking_robot_interfaces/action/detail/ingress_under_truck__type_support.h\n'}
[0.195623] (parking_robot_interfaces) StdoutLine: {'line': b'-- Up-to-date symlink: /home/rokey/p3/cobot_ws/install/parking_robot_interfaces/include/parking_robot_interfaces/parking_robot_interfaces/action/detect_vehicle.h\n'}
[0.195640] (parking_robot_interfaces) StdoutLine: {'line': b'-- Up-to-date symlink: /home/rokey/p3/cobot_ws/install/parking_robot_interfaces/include/parking_robot_interfaces/parking_robot_interfaces/action/execute_parking_task.h\n'}
[0.195659] (parking_robot_interfaces) StdoutLine: {'line': b'-- Up-to-date symlink: /home/rokey/p3/cobot_ws/install/parking_robot_interfaces/include/parking_robot_interfaces/parking_robot_interfaces/action/ingress_under_truck.h\n'}
[0.195675] (parking_robot_interfaces) StdoutLine: {'line': b'-- Up-to-date symlink: /home/rokey/p3/cobot_ws/install/parking_robot_interfaces/include/parking_robot_interfaces/parking_robot_interfaces/msg/detail/formation_assignment__functions.h\n'}
[0.195692] (parking_robot_interfaces) StdoutLine: {'line': b'-- Up-to-date symlink: /home/rokey/p3/cobot_ws/install/parking_robot_interfaces/include/parking_robot_interfaces/parking_robot_interfaces/msg/detail/formation_assignment__struct.h\n'}
[0.195708] (parking_robot_interfaces) StdoutLine: {'line': b'-- Up-to-date symlink: /home/rokey/p3/cobot_ws/install/parking_robot_interfaces/include/parking_robot_interfaces/parking_robot_interfaces/msg/detail/formation_assignment__type_support.h\n'}
[0.195723] (parking_robot_interfaces) StdoutLine: {'line': b'-- Up-to-date symlink: /home/rokey/p3/cobot_ws/install/parking_robot_interfaces/include/parking_robot_interfaces/parking_robot_interfaces/msg/detail/formation_stop__functions.h\n'}
[0.195874] (parking_robot_interfaces) StdoutLine: {'line': b'-- Up-to-date symlink: /home/rokey/p3/cobot_ws/install/parking_robot_interfaces/include/parking_robot_interfaces/parking_robot_interfaces/msg/detail/formation_stop__struct.h\n'}
[0.195946] (parking_robot_interfaces) StdoutLine: {'line': b'-- Up-to-date symlink: /home/rokey/p3/cobot_ws/install/parking_robot_interfaces/include/parking_robot_interfaces/parking_robot_interfaces/msg/detail/formation_stop__type_support.h\n'}
[0.196013] (parking_robot_interfaces) StdoutLine: {'line': b'-- Up-to-date symlink: /home/rokey/p3/cobot_ws/install/parking_robot_interfaces/include/parking_robot_interfaces/parking_robot_interfaces/msg/detail/obstacle_alert__functions.h\n'}
[0.196183] (parking_robot_interfaces) StdoutLine: {'line': b'-- Up-to-date symlink: /home/rokey/p3/cobot_ws/install/parking_robot_interfaces/include/parking_robot_interfaces/parking_robot_interfaces/msg/detail/obstacle_alert__struct.h\n'}
[0.196257] (parking_robot_interfaces) StdoutLine: {'line': b'-- Up-to-date symlink: /home/rokey/p3/cobot_ws/install/parking_robot_interfaces/include/parking_robot_interfaces/parking_robot_interfaces/msg/detail/obstacle_alert__type_support.h\n'}
[0.196320] (parking_robot_interfaces) StdoutLine: {'line': b'-- Up-to-date symlink: /home/rokey/p3/cobot_ws/install/parking_robot_interfaces/include/parking_robot_interfaces/parking_robot_interfaces/msg/detail/task_state__functions.h\n'}
[0.196392] (parking_robot_interfaces) StdoutLine: {'line': b'-- Up-to-date symlink: /home/rokey/p3/cobot_ws/install/parking_robot_interfaces/include/parking_robot_interfaces/parking_robot_interfaces/msg/detail/task_state__struct.h\n'}
[0.196450] (parking_robot_interfaces) StdoutLine: {'line': b'-- Up-to-date symlink: /home/rokey/p3/cobot_ws/install/parking_robot_interfaces/include/parking_robot_interfaces/parking_robot_interfaces/msg/detail/task_state__type_support.h\n'}
[0.196524] (parking_robot_interfaces) StdoutLine: {'line': b'-- Up-to-date symlink: /home/rokey/p3/cobot_ws/install/parking_robot_interfaces/include/parking_robot_interfaces/parking_robot_interfaces/msg/detail/vehicle_info__functions.h\n'}
[0.196570] (parking_robot_interfaces) StdoutLine: {'line': b'-- Up-to-date symlink: /home/rokey/p3/cobot_ws/install/parking_robot_interfaces/include/parking_robot_interfaces/parking_robot_interfaces/msg/detail/vehicle_info__struct.h\n'}
[0.196615] (parking_robot_interfaces) StdoutLine: {'line': b'-- Up-to-date symlink: /home/rokey/p3/cobot_ws/install/parking_robot_interfaces/include/parking_robot_interfaces/parking_robot_interfaces/msg/detail/vehicle_info__type_support.h\n'}
[0.196683] (parking_robot_interfaces) StdoutLine: {'line': b'-- Up-to-date symlink: /home/rokey/p3/cobot_ws/install/parking_robot_interfaces/include/parking_robot_interfaces/parking_robot_interfaces/msg/formation_assignment.h\n'}
[0.196753] (parking_robot_interfaces) StdoutLine: {'line': b'-- Up-to-date symlink: /home/rokey/p3/cobot_ws/install/parking_robot_interfaces/include/parking_robot_interfaces/parking_robot_interfaces/msg/formation_stop.h\n'}
[0.196814] (parking_robot_interfaces) StdoutLine: {'line': b'-- Up-to-date symlink: /home/rokey/p3/cobot_ws/install/parking_robot_interfaces/include/parking_robot_interfaces/parking_robot_interfaces/msg/obstacle_alert.h\n'}
[0.196868] (parking_robot_interfaces) StdoutLine: {'line': b'-- Up-to-date symlink: /home/rokey/p3/cobot_ws/install/parking_robot_interfaces/include/parking_robot_interfaces/parking_robot_interfaces/msg/rosidl_generator_c__visibility_control.h\n'}
[0.196937] (parking_robot_interfaces) StdoutLine: {'line': b'-- Up-to-date symlink: /home/rokey/p3/cobot_ws/install/parking_robot_interfaces/include/parking_robot_interfaces/parking_robot_interfaces/msg/task_state.h\n'}
[0.197002] (parking_robot_interfaces) StdoutLine: {'line': b'-- Up-to-date symlink: /home/rokey/p3/cobot_ws/install/parking_robot_interfaces/include/parking_robot_interfaces/parking_robot_interfaces/msg/vehicle_info.h\n'}
[0.197027] (parking_robot_interfaces) StdoutLine: {'line': b'-- Up-to-date symlink: /home/rokey/p3/cobot_ws/install/parking_robot_interfaces/include/parking_robot_interfaces/parking_robot_interfaces/srv/acquire_zones.h\n'}
[0.197048] (parking_robot_interfaces) StdoutLine: {'line': b'-- Up-to-date symlink: /home/rokey/p3/cobot_ws/install/parking_robot_interfaces/include/parking_robot_interfaces/parking_robot_interfaces/srv/detail/acquire_zones__functions.h\n'}
[0.197066] (parking_robot_interfaces) StdoutLine: {'line': b'-- Up-to-date symlink: /home/rokey/p3/cobot_ws/install/parking_robot_interfaces/include/parking_robot_interfaces/parking_robot_interfaces/srv/detail/acquire_zones__struct.h\n'}
[0.197085] (parking_robot_interfaces) StdoutLine: {'line': b'-- Up-to-date symlink: /home/rokey/p3/cobot_ws/install/parking_robot_interfaces/include/parking_robot_interfaces/parking_robot_interfaces/srv/detail/acquire_zones__type_support.h\n'}
[0.197101] (parking_robot_interfaces) StdoutLine: {'line': b'-- Up-to-date symlink: /home/rokey/p3/cobot_ws/install/parking_robot_interfaces/include/parking_robot_interfaces/parking_robot_interfaces/srv/detail/find_empty_slot__functions.h\n'}
[0.197118] (parking_robot_interfaces) StdoutLine: {'line': b'-- Up-to-date symlink: /home/rokey/p3/cobot_ws/install/parking_robot_interfaces/include/parking_robot_interfaces/parking_robot_interfaces/srv/detail/find_empty_slot__struct.h\n'}
[0.197133] (parking_robot_interfaces) StdoutLine: {'line': b'-- Up-to-date symlink: /home/rokey/p3/cobot_ws/install/parking_robot_interfaces/include/parking_robot_interfaces/parking_robot_interfaces/srv/detail/find_empty_slot__type_support.h\n'}
[0.197150] (parking_robot_interfaces) StdoutLine: {'line': b'-- Up-to-date symlink: /home/rokey/p3/cobot_ws/install/parking_robot_interfaces/include/parking_robot_interfaces/parking_robot_interfaces/srv/detail/get_slot_info__functions.h\n'}
[0.197169] (parking_robot_interfaces) StdoutLine: {'line': b'-- Up-to-date symlink: /home/rokey/p3/cobot_ws/install/parking_robot_interfaces/include/parking_robot_interfaces/parking_robot_interfaces/srv/detail/get_slot_info__struct.h\n'}
[0.197186] (parking_robot_interfaces) StdoutLine: {'line': b'-- Up-to-date symlink: /home/rokey/p3/cobot_ws/install/parking_robot_interfaces/include/parking_robot_interfaces/parking_robot_interfaces/srv/detail/get_slot_info__type_support.h\n'}
[0.197202] (parking_robot_interfaces) StdoutLine: {'line': b'-- Up-to-date symlink: /home/rokey/p3/cobot_ws/install/parking_robot_interfaces/include/parking_robot_interfaces/parking_robot_interfaces/srv/detail/get_task_status__functions.h\n'}
[0.197218] (parking_robot_interfaces) StdoutLine: {'line': b'-- Up-to-date symlink: /home/rokey/p3/cobot_ws/install/parking_robot_interfaces/include/parking_robot_interfaces/parking_robot_interfaces/srv/detail/get_task_status__struct.h\n'}
[0.197234] (parking_robot_interfaces) StdoutLine: {'line': b'-- Up-to-date symlink: /home/rokey/p3/cobot_ws/install/parking_robot_interfaces/include/parking_robot_interfaces/parking_robot_interfaces/srv/detail/get_task_status__type_support.h\n'}
[0.197249] (parking_robot_interfaces) StdoutLine: {'line': b'-- Up-to-date symlink: /home/rokey/p3/cobot_ws/install/parking_robot_interfaces/include/parking_robot_interfaces/parking_robot_interfaces/srv/detail/park_in_slot__functions.h\n'}
[0.197265] (parking_robot_interfaces) StdoutLine: {'line': b'-- Up-to-date symlink: /home/rokey/p3/cobot_ws/install/parking_robot_interfaces/include/parking_robot_interfaces/parking_robot_interfaces/srv/detail/park_in_slot__struct.h\n'}
[0.197281] (parking_robot_interfaces) StdoutLine: {'line': b'-- Up-to-date symlink: /home/rokey/p3/cobot_ws/install/parking_robot_interfaces/include/parking_robot_interfaces/parking_robot_interfaces/srv/detail/park_in_slot__type_support.h\n'}
[0.197297] (parking_robot_interfaces) StdoutLine: {'line': b'-- Up-to-date symlink: /home/rokey/p3/cobot_ws/install/parking_robot_interfaces/include/parking_robot_interfaces/parking_robot_interfaces/srv/detail/release_zones__functions.h\n'}
[0.197312] (parking_robot_interfaces) StdoutLine: {'line': b'-- Up-to-date symlink: /home/rokey/p3/cobot_ws/install/parking_robot_interfaces/include/parking_robot_interfaces/parking_robot_interfaces/srv/detail/release_zones__struct.h\n'}
[0.197328] (parking_robot_interfaces) StdoutLine: {'line': b'-- Up-to-date symlink: /home/rokey/p3/cobot_ws/install/parking_robot_interfaces/include/parking_robot_interfaces/parking_robot_interfaces/srv/detail/release_zones__type_support.h\n'}
[0.197344] (parking_robot_interfaces) StdoutLine: {'line': b'-- Up-to-date symlink: /home/rokey/p3/cobot_ws/install/parking_robot_interfaces/include/parking_robot_interfaces/parking_robot_interfaces/srv/detail/request_parking_task__functions.h\n'}
[0.197361] (parking_robot_interfaces) StdoutLine: {'line': b'-- Up-to-date symlink: /home/rokey/p3/cobot_ws/install/parking_robot_interfaces/include/parking_robot_interfaces/parking_robot_interfaces/srv/detail/request_parking_task__struct.h\n'}
[0.197376] (parking_robot_interfaces) StdoutLine: {'line': b'-- Up-to-date symlink: /home/rokey/p3/cobot_ws/install/parking_robot_interfaces/include/parking_robot_interfaces/parking_robot_interfaces/srv/detail/request_parking_task__type_support.h\n'}
[0.197393] (parking_robot_interfaces) StdoutLine: {'line': b'-- Up-to-date symlink: /home/rokey/p3/cobot_ws/install/parking_robot_interfaces/include/parking_robot_interfaces/parking_robot_interfaces/srv/find_empty_slot.h\n'}
[0.197409] (parking_robot_interfaces) StdoutLine: {'line': b'-- Up-to-date symlink: /home/rokey/p3/cobot_ws/install/parking_robot_interfaces/include/parking_robot_interfaces/parking_robot_interfaces/srv/get_slot_info.h\n'}
[0.197424] (parking_robot_interfaces) StdoutLine: {'line': b'-- Up-to-date symlink: /home/rokey/p3/cobot_ws/install/parking_robot_interfaces/include/parking_robot_interfaces/parking_robot_interfaces/srv/get_task_status.h\n'}
[0.197439] (parking_robot_interfaces) StdoutLine: {'line': b'-- Up-to-date symlink: /home/rokey/p3/cobot_ws/install/parking_robot_interfaces/include/parking_robot_interfaces/parking_robot_interfaces/srv/park_in_slot.h\n'}
[0.197455] (parking_robot_interfaces) StdoutLine: {'line': b'-- Up-to-date symlink: /home/rokey/p3/cobot_ws/install/parking_robot_interfaces/include/parking_robot_interfaces/parking_robot_interfaces/srv/release_zones.h\n'}
[0.197755] (parking_robot_interfaces) StdoutLine: {'line': b'-- Up-to-date symlink: /home/rokey/p3/cobot_ws/install/parking_robot_interfaces/include/parking_robot_interfaces/parking_robot_interfaces/srv/request_parking_task.h\n'}
[0.197823] (parking_robot_interfaces) StdoutLine: {'line': b'-- Up-to-date symlink: /home/rokey/p3/cobot_ws/install/parking_robot_interfaces/share/parking_robot_interfaces/environment/library_path.sh\n'}
[0.197890] (parking_robot_interfaces) StdoutLine: {'line': b'-- Up-to-date symlink: /home/rokey/p3/cobot_ws/install/parking_robot_interfaces/share/parking_robot_interfaces/environment/library_path.dsv\n'}
[0.197956] (parking_robot_interfaces) StdoutLine: {'line': b'-- Up-to-date symlink: /home/rokey/p3/cobot_ws/install/parking_robot_interfaces/include/parking_robot_interfaces/parking_robot_interfaces/action/detail/align_vehicle__rosidl_typesupport_fastrtps_c.h\n'}
[0.198013] (parking_robot_interfaces) StdoutLine: {'line': b'-- Up-to-date symlink: /home/rokey/p3/cobot_ws/install/parking_robot_interfaces/include/parking_robot_interfaces/parking_robot_interfaces/action/detail/carry_to_slot__rosidl_typesupport_fastrtps_c.h\n'}
[0.198093] (parking_robot_interfaces) StdoutLine: {'line': b'-- Up-to-date symlink: /home/rokey/p3/cobot_ws/install/parking_robot_interfaces/include/parking_robot_interfaces/parking_robot_interfaces/action/detail/control_lift__rosidl_typesupport_fastrtps_c.h\n'}
[0.198144] (parking_robot_interfaces) StdoutLine: {'line': b'-- Up-to-date symlink: /home/rokey/p3/cobot_ws/install/parking_robot_interfaces/include/parking_robot_interfaces/parking_robot_interfaces/action/detail/detect_vehicle__rosidl_typesupport_fastrtps_c.h\n'}
[0.198185] (parking_robot_interfaces) StdoutLine: {'line': b'-- Up-to-date symlink: /home/rokey/p3/cobot_ws/install/parking_robot_interfaces/include/parking_robot_interfaces/parking_robot_interfaces/action/detail/execute_parking_task__rosidl_typesupport_fastrtps_c.h\n'}
[0.198226] (parking_robot_interfaces) StdoutLine: {'line': b'-- Up-to-date symlink: /home/rokey/p3/cobot_ws/install/parking_robot_interfaces/include/parking_robot_interfaces/parking_robot_interfaces/action/detail/ingress_under_truck__rosidl_typesupport_fastrtps_c.h\n'}
[0.198265] (parking_robot_interfaces) StdoutLine: {'line': b'-- Up-to-date symlink: /home/rokey/p3/cobot_ws/install/parking_robot_interfaces/include/parking_robot_interfaces/parking_robot_interfaces/msg/detail/formation_assignment__rosidl_typesupport_fastrtps_c.h\n'}
[0.198309] (parking_robot_interfaces) StdoutLine: {'line': b'-- Up-to-date symlink: /home/rokey/p3/cobot_ws/install/parking_robot_interfaces/include/parking_robot_interfaces/parking_robot_interfaces/msg/detail/formation_stop__rosidl_typesupport_fastrtps_c.h\n'}
[0.198367] (parking_robot_interfaces) StdoutLine: {'line': b'-- Up-to-date symlink: /home/rokey/p3/cobot_ws/install/parking_robot_interfaces/include/parking_robot_interfaces/parking_robot_interfaces/msg/detail/obstacle_alert__rosidl_typesupport_fastrtps_c.h\n'}
[0.198423] (parking_robot_interfaces) StdoutLine: {'line': b'-- Up-to-date symlink: /home/rokey/p3/cobot_ws/install/parking_robot_interfaces/include/parking_robot_interfaces/parking_robot_interfaces/msg/detail/task_state__rosidl_typesupport_fastrtps_c.h\n'}
[0.198484] (parking_robot_interfaces) StdoutLine: {'line': b'-- Up-to-date symlink: /home/rokey/p3/cobot_ws/install/parking_robot_interfaces/include/parking_robot_interfaces/parking_robot_interfaces/msg/detail/vehicle_info__rosidl_typesupport_fastrtps_c.h\n'}
[0.198548] (parking_robot_interfaces) StdoutLine: {'line': b'-- Up-to-date symlink: /home/rokey/p3/cobot_ws/install/parking_robot_interfaces/include/parking_robot_interfaces/parking_robot_interfaces/msg/rosidl_typesupport_fastrtps_c__visibility_control.h\n'}
[0.198604] (parking_robot_interfaces) StdoutLine: {'line': b'-- Up-to-date symlink: /home/rokey/p3/cobot_ws/install/parking_robot_interfaces/include/parking_robot_interfaces/parking_robot_interfaces/srv/detail/acquire_zones__rosidl_typesupport_fastrtps_c.h\n'}
[0.198661] (parking_robot_interfaces) StdoutLine: {'line': b'-- Up-to-date symlink: /home/rokey/p3/cobot_ws/install/parking_robot_interfaces/include/parking_robot_interfaces/parking_robot_interfaces/srv/detail/find_empty_slot__rosidl_typesupport_fastrtps_c.h\n'}
[0.198729] (parking_robot_interfaces) StdoutLine: {'line': b'-- Up-to-date symlink: /home/rokey/p3/cobot_ws/install/parking_robot_interfaces/include/parking_robot_interfaces/parking_robot_interfaces/srv/detail/get_slot_info__rosidl_typesupport_fastrtps_c.h\n'}
[0.198795] (parking_robot_interfaces) StdoutLine: {'line': b'-- Up-to-date symlink: /home/rokey/p3/cobot_ws/install/parking_robot_interfaces/include/parking_robot_interfaces/parking_robot_interfaces/srv/detail/get_task_status__rosidl_typesupport_fastrtps_c.h\n'}
[0.198861] (parking_robot_interfaces) StdoutLine: {'line': b'-- Up-to-date symlink: /home/rokey/p3/cobot_ws/install/parking_robot_interfaces/include/parking_robot_interfaces/parking_robot_interfaces/srv/detail/park_in_slot__rosidl_typesupport_fastrtps_c.h\n'}
[0.198925] (parking_robot_interfaces) StdoutLine: {'line': b'-- Up-to-date symlink: /home/rokey/p3/cobot_ws/install/parking_robot_interfaces/include/parking_robot_interfaces/parking_robot_interfaces/srv/detail/release_zones__rosidl_typesupport_fastrtps_c.h\n'}
[0.198975] (parking_robot_interfaces) StdoutLine: {'line': b'-- Up-to-date symlink: /home/rokey/p3/cobot_ws/install/parking_robot_interfaces/include/parking_robot_interfaces/parking_robot_interfaces/srv/detail/request_parking_task__rosidl_typesupport_fastrtps_c.h\n'}
[0.199015] (parking_robot_interfaces) StdoutLine: {'line': b'-- Up-to-date symlink: /home/rokey/p3/cobot_ws/install/parking_robot_interfaces/include/parking_robot_interfaces/parking_robot_interfaces/action/detail/align_vehicle__rosidl_typesupport_introspection_c.h\n'}
[0.199058] (parking_robot_interfaces) StdoutLine: {'line': b'-- Up-to-date symlink: /home/rokey/p3/cobot_ws/install/parking_robot_interfaces/include/parking_robot_interfaces/parking_robot_interfaces/action/detail/carry_to_slot__rosidl_typesupport_introspection_c.h\n'}
[0.199099] (parking_robot_interfaces) StdoutLine: {'line': b'-- Up-to-date symlink: /home/rokey/p3/cobot_ws/install/parking_robot_interfaces/include/parking_robot_interfaces/parking_robot_interfaces/action/detail/control_lift__rosidl_typesupport_introspection_c.h\n'}
[0.199139] (parking_robot_interfaces) StdoutLine: {'line': b'-- Up-to-date symlink: /home/rokey/p3/cobot_ws/install/parking_robot_interfaces/include/parking_robot_interfaces/parking_robot_interfaces/action/detail/detect_vehicle__rosidl_typesupport_introspection_c.h\n'}
[0.199186] (parking_robot_interfaces) StdoutLine: {'line': b'-- Up-to-date symlink: /home/rokey/p3/cobot_ws/install/parking_robot_interfaces/include/parking_robot_interfaces/parking_robot_interfaces/action/detail/execute_parking_task__rosidl_typesupport_introspection_c.h\n'}
[0.199227] (parking_robot_interfaces) StdoutLine: {'line': b'-- Up-to-date symlink: /home/rokey/p3/cobot_ws/install/parking_robot_interfaces/include/parking_robot_interfaces/parking_robot_interfaces/action/detail/ingress_under_truck__rosidl_typesupport_introspection_c.h\n'}
[0.199267] (parking_robot_interfaces) StdoutLine: {'line': b'-- Up-to-date symlink: /home/rokey/p3/cobot_ws/install/parking_robot_interfaces/include/parking_robot_interfaces/parking_robot_interfaces/msg/detail/formation_assignment__rosidl_typesupport_introspection_c.h\n'}
[0.199307] (parking_robot_interfaces) StdoutLine: {'line': b'-- Up-to-date symlink: /home/rokey/p3/cobot_ws/install/parking_robot_interfaces/include/parking_robot_interfaces/parking_robot_interfaces/msg/detail/formation_stop__rosidl_typesupport_introspection_c.h\n'}
[0.199356] (parking_robot_interfaces) StdoutLine: {'line': b'-- Up-to-date symlink: /home/rokey/p3/cobot_ws/install/parking_robot_interfaces/include/parking_robot_interfaces/parking_robot_interfaces/msg/detail/obstacle_alert__rosidl_typesupport_introspection_c.h\n'}
[0.199415] (parking_robot_interfaces) StdoutLine: {'line': b'-- Up-to-date symlink: /home/rokey/p3/cobot_ws/install/parking_robot_interfaces/include/parking_robot_interfaces/parking_robot_interfaces/msg/detail/task_state__rosidl_typesupport_introspection_c.h\n'}
[0.199476] (parking_robot_interfaces) StdoutLine: {'line': b'-- Up-to-date symlink: /home/rokey/p3/cobot_ws/install/parking_robot_interfaces/include/parking_robot_interfaces/parking_robot_interfaces/msg/detail/vehicle_info__rosidl_typesupport_introspection_c.h\n'}
[0.199567] (parking_robot_interfaces) StdoutLine: {'line': b'-- Up-to-date symlink: /home/rokey/p3/cobot_ws/install/parking_robot_interfaces/include/parking_robot_interfaces/parking_robot_interfaces/msg/rosidl_typesupport_introspection_c__visibility_control.h\n'}
[0.199646] (parking_robot_interfaces) StdoutLine: {'line': b'-- Up-to-date symlink: /home/rokey/p3/cobot_ws/install/parking_robot_interfaces/include/parking_robot_interfaces/parking_robot_interfaces/srv/detail/acquire_zones__rosidl_typesupport_introspection_c.h\n'}
[0.199686] (parking_robot_interfaces) StdoutLine: {'line': b'-- Up-to-date symlink: /home/rokey/p3/cobot_ws/install/parking_robot_interfaces/include/parking_robot_interfaces/parking_robot_interfaces/srv/detail/find_empty_slot__rosidl_typesupport_introspection_c.h\n'}
[0.199729] (parking_robot_interfaces) StdoutLine: {'line': b'-- Up-to-date symlink: /home/rokey/p3/cobot_ws/install/parking_robot_interfaces/include/parking_robot_interfaces/parking_robot_interfaces/srv/detail/get_slot_info__rosidl_typesupport_introspection_c.h\n'}
[0.199769] (parking_robot_interfaces) StdoutLine: {'line': b'-- Up-to-date symlink: /home/rokey/p3/cobot_ws/install/parking_robot_interfaces/include/parking_robot_interfaces/parking_robot_interfaces/srv/detail/get_task_status__rosidl_typesupport_introspection_c.h\n'}
[0.199808] (parking_robot_interfaces) StdoutLine: {'line': b'-- Up-to-date symlink: /home/rokey/p3/cobot_ws/install/parking_robot_interfaces/include/parking_robot_interfaces/parking_robot_interfaces/srv/detail/park_in_slot__rosidl_typesupport_introspection_c.h\n'}
[0.199857] (parking_robot_interfaces) StdoutLine: {'line': b'-- Up-to-date symlink: /home/rokey/p3/cobot_ws/install/parking_robot_interfaces/include/parking_robot_interfaces/parking_robot_interfaces/srv/detail/release_zones__rosidl_typesupport_introspection_c.h\n'}
[0.199939] (parking_robot_interfaces) StdoutLine: {'line': b'-- Up-to-date symlink: /home/rokey/p3/cobot_ws/install/parking_robot_interfaces/include/parking_robot_interfaces/parking_robot_interfaces/srv/detail/request_parking_task__rosidl_typesupport_introspection_c.h\n'}
[0.200023] (-) TimerEvent: {}
[0.200122] (parking_robot_interfaces) StdoutLine: {'line': b'-- Up-to-date symlink: /home/rokey/p3/cobot_ws/install/parking_robot_interfaces/include/parking_robot_interfaces/parking_robot_interfaces/action/align_vehicle.hpp\n'}
[0.200178] (parking_robot_interfaces) StdoutLine: {'line': b'-- Up-to-date symlink: /home/rokey/p3/cobot_ws/install/parking_robot_interfaces/include/parking_robot_interfaces/parking_robot_interfaces/action/carry_to_slot.hpp\n'}
[0.200226] (parking_robot_interfaces) StdoutLine: {'line': b'-- Up-to-date symlink: /home/rokey/p3/cobot_ws/install/parking_robot_interfaces/include/parking_robot_interfaces/parking_robot_interfaces/action/control_lift.hpp\n'}
[0.200276] (parking_robot_interfaces) StdoutLine: {'line': b'-- Up-to-date symlink: /home/rokey/p3/cobot_ws/install/parking_robot_interfaces/include/parking_robot_interfaces/parking_robot_interfaces/action/detail/align_vehicle__builder.hpp\n'}
[0.200324] (parking_robot_interfaces) StdoutLine: {'line': b'-- Up-to-date symlink: /home/rokey/p3/cobot_ws/install/parking_robot_interfaces/include/parking_robot_interfaces/parking_robot_interfaces/action/detail/align_vehicle__struct.hpp\n'}
[0.200372] (parking_robot_interfaces) StdoutLine: {'line': b'-- Up-to-date symlink: /home/rokey/p3/cobot_ws/install/parking_robot_interfaces/include/parking_robot_interfaces/parking_robot_interfaces/action/detail/align_vehicle__traits.hpp\n'}
[0.200746] (parking_robot_interfaces) StdoutLine: {'line': b'-- Up-to-date symlink: /home/rokey/p3/cobot_ws/install/parking_robot_interfaces/include/parking_robot_interfaces/parking_robot_interfaces/action/detail/align_vehicle__type_support.hpp\n'}
[0.200774] (parking_robot_interfaces) StdoutLine: {'line': b'-- Up-to-date symlink: /home/rokey/p3/cobot_ws/install/parking_robot_interfaces/include/parking_robot_interfaces/parking_robot_interfaces/action/detail/carry_to_slot__builder.hpp\n'}
[0.200794] (parking_robot_interfaces) StdoutLine: {'line': b'-- Up-to-date symlink: /home/rokey/p3/cobot_ws/install/parking_robot_interfaces/include/parking_robot_interfaces/parking_robot_interfaces/action/detail/carry_to_slot__struct.hpp\n'}
[0.200814] (parking_robot_interfaces) StdoutLine: {'line': b'-- Up-to-date symlink: /home/rokey/p3/cobot_ws/install/parking_robot_interfaces/include/parking_robot_interfaces/parking_robot_interfaces/action/detail/carry_to_slot__traits.hpp\n'}
[0.200832] (parking_robot_interfaces) StdoutLine: {'line': b'-- Up-to-date symlink: /home/rokey/p3/cobot_ws/install/parking_robot_interfaces/include/parking_robot_interfaces/parking_robot_interfaces/action/detail/carry_to_slot__type_support.hpp\n'}
[0.200850] (parking_robot_interfaces) StdoutLine: {'line': b'-- Up-to-date symlink: /home/rokey/p3/cobot_ws/install/parking_robot_interfaces/include/parking_robot_interfaces/parking_robot_interfaces/action/detail/control_lift__builder.hpp\n'}
[0.200867] (parking_robot_interfaces) StdoutLine: {'line': b'-- Up-to-date symlink: /home/rokey/p3/cobot_ws/install/parking_robot_interfaces/include/parking_robot_interfaces/parking_robot_interfaces/action/detail/control_lift__struct.hpp\n'}
[0.200884] (parking_robot_interfaces) StdoutLine: {'line': b'-- Up-to-date symlink: /home/rokey/p3/cobot_ws/install/parking_robot_interfaces/include/parking_robot_interfaces/parking_robot_interfaces/action/detail/control_lift__traits.hpp\n'}
[0.200901] (parking_robot_interfaces) StdoutLine: {'line': b'-- Up-to-date symlink: /home/rokey/p3/cobot_ws/install/parking_robot_interfaces/include/parking_robot_interfaces/parking_robot_interfaces/action/detail/control_lift__type_support.hpp\n'}
[0.200919] (parking_robot_interfaces) StdoutLine: {'line': b'-- Up-to-date symlink: /home/rokey/p3/cobot_ws/install/parking_robot_interfaces/include/parking_robot_interfaces/parking_robot_interfaces/action/detail/detect_vehicle__builder.hpp\n'}
[0.200937] (parking_robot_interfaces) StdoutLine: {'line': b'-- Up-to-date symlink: /home/rokey/p3/cobot_ws/install/parking_robot_interfaces/include/parking_robot_interfaces/parking_robot_interfaces/action/detail/detect_vehicle__struct.hpp\n'}
[0.200956] (parking_robot_interfaces) StdoutLine: {'line': b'-- Up-to-date symlink: /home/rokey/p3/cobot_ws/install/parking_robot_interfaces/include/parking_robot_interfaces/parking_robot_interfaces/action/detail/detect_vehicle__traits.hpp\n'}
[0.200973] (parking_robot_interfaces) StdoutLine: {'line': b'-- Up-to-date symlink: /home/rokey/p3/cobot_ws/install/parking_robot_interfaces/include/parking_robot_interfaces/parking_robot_interfaces/action/detail/detect_vehicle__type_support.hpp\n'}
[0.200990] (parking_robot_interfaces) StdoutLine: {'line': b'-- Up-to-date symlink: /home/rokey/p3/cobot_ws/install/parking_robot_interfaces/include/parking_robot_interfaces/parking_robot_interfaces/action/detail/execute_parking_task__builder.hpp\n'}
[0.201006] (parking_robot_interfaces) StdoutLine: {'line': b'-- Up-to-date symlink: /home/rokey/p3/cobot_ws/install/parking_robot_interfaces/include/parking_robot_interfaces/parking_robot_interfaces/action/detail/execute_parking_task__struct.hpp\n'}
[0.201224] (parking_robot_interfaces) StdoutLine: {'line': b'-- Up-to-date symlink: /home/rokey/p3/cobot_ws/install/parking_robot_interfaces/include/parking_robot_interfaces/parking_robot_interfaces/action/detail/execute_parking_task__traits.hpp\n'}
[0.201291] (parking_robot_interfaces) StdoutLine: {'line': b'-- Up-to-date symlink: /home/rokey/p3/cobot_ws/install/parking_robot_interfaces/include/parking_robot_interfaces/parking_robot_interfaces/action/detail/execute_parking_task__type_support.hpp\n'}
[0.201357] (parking_robot_interfaces) StdoutLine: {'line': b'-- Up-to-date symlink: /home/rokey/p3/cobot_ws/install/parking_robot_interfaces/include/parking_robot_interfaces/parking_robot_interfaces/action/detail/ingress_under_truck__builder.hpp\n'}
[0.201422] (parking_robot_interfaces) StdoutLine: {'line': b'-- Up-to-date symlink: /home/rokey/p3/cobot_ws/install/parking_robot_interfaces/include/parking_robot_interfaces/parking_robot_interfaces/action/detail/ingress_under_truck__struct.hpp\n'}
[0.201487] (parking_robot_interfaces) StdoutLine: {'line': b'-- Up-to-date symlink: /home/rokey/p3/cobot_ws/install/parking_robot_interfaces/include/parking_robot_interfaces/parking_robot_interfaces/action/detail/ingress_under_truck__traits.hpp\n'}
[0.201545] (parking_robot_interfaces) StdoutLine: {'line': b'-- Up-to-date symlink: /home/rokey/p3/cobot_ws/install/parking_robot_interfaces/include/parking_robot_interfaces/parking_robot_interfaces/action/detail/ingress_under_truck__type_support.hpp\n'}
[0.201604] (parking_robot_interfaces) StdoutLine: {'line': b'-- Up-to-date symlink: /home/rokey/p3/cobot_ws/install/parking_robot_interfaces/include/parking_robot_interfaces/parking_robot_interfaces/action/detect_vehicle.hpp\n'}
[0.201670] (parking_robot_interfaces) StdoutLine: {'line': b'-- Up-to-date symlink: /home/rokey/p3/cobot_ws/install/parking_robot_interfaces/include/parking_robot_interfaces/parking_robot_interfaces/action/execute_parking_task.hpp\n'}
[0.201729] (parking_robot_interfaces) StdoutLine: {'line': b'-- Up-to-date symlink: /home/rokey/p3/cobot_ws/install/parking_robot_interfaces/include/parking_robot_interfaces/parking_robot_interfaces/action/ingress_under_truck.hpp\n'}
[0.201799] (parking_robot_interfaces) StdoutLine: {'line': b'-- Up-to-date symlink: /home/rokey/p3/cobot_ws/install/parking_robot_interfaces/include/parking_robot_interfaces/parking_robot_interfaces/msg/detail/formation_assignment__builder.hpp\n'}
[0.201864] (parking_robot_interfaces) StdoutLine: {'line': b'-- Up-to-date symlink: /home/rokey/p3/cobot_ws/install/parking_robot_interfaces/include/parking_robot_interfaces/parking_robot_interfaces/msg/detail/formation_assignment__struct.hpp\n'}
[0.201926] (parking_robot_interfaces) StdoutLine: {'line': b'-- Up-to-date symlink: /home/rokey/p3/cobot_ws/install/parking_robot_interfaces/include/parking_robot_interfaces/parking_robot_interfaces/msg/detail/formation_assignment__traits.hpp\n'}
[0.201992] (parking_robot_interfaces) StdoutLine: {'line': b'-- Up-to-date symlink: /home/rokey/p3/cobot_ws/install/parking_robot_interfaces/include/parking_robot_interfaces/parking_robot_interfaces/msg/detail/formation_assignment__type_support.hpp\n'}
[0.202023] (parking_robot_interfaces) StdoutLine: {'line': b'-- Up-to-date symlink: /home/rokey/p3/cobot_ws/install/parking_robot_interfaces/include/parking_robot_interfaces/parking_robot_interfaces/msg/detail/formation_stop__builder.hpp\n'}
[0.202101] (parking_robot_interfaces) StdoutLine: {'line': b'-- Up-to-date symlink: /home/rokey/p3/cobot_ws/install/parking_robot_interfaces/include/parking_robot_interfaces/parking_robot_interfaces/msg/detail/formation_stop__struct.hpp\n'}
[0.202160] (parking_robot_interfaces) StdoutLine: {'line': b'-- Up-to-date symlink: /home/rokey/p3/cobot_ws/install/parking_robot_interfaces/include/parking_robot_interfaces/parking_robot_interfaces/msg/detail/formation_stop__traits.hpp\n'}
[0.202210] (parking_robot_interfaces) StdoutLine: {'line': b'-- Up-to-date symlink: /home/rokey/p3/cobot_ws/install/parking_robot_interfaces/include/parking_robot_interfaces/parking_robot_interfaces/msg/detail/formation_stop__type_support.hpp\n'}
[0.202257] (parking_robot_interfaces) StdoutLine: {'line': b'-- Up-to-date symlink: /home/rokey/p3/cobot_ws/install/parking_robot_interfaces/include/parking_robot_interfaces/parking_robot_interfaces/msg/detail/obstacle_alert__builder.hpp\n'}
[0.202332] (parking_robot_interfaces) StdoutLine: {'line': b'-- Up-to-date symlink: /home/rokey/p3/cobot_ws/install/parking_robot_interfaces/include/parking_robot_interfaces/parking_robot_interfaces/msg/detail/obstacle_alert__struct.hpp\n'}
[0.202535] (parking_robot_interfaces) StdoutLine: {'line': b'-- Up-to-date symlink: /home/rokey/p3/cobot_ws/install/parking_robot_interfaces/include/parking_robot_interfaces/parking_robot_interfaces/msg/detail/obstacle_alert__traits.hpp\n'}
[0.202605] (parking_robot_interfaces) StdoutLine: {'line': b'-- Up-to-date symlink: /home/rokey/p3/cobot_ws/install/parking_robot_interfaces/include/parking_robot_interfaces/parking_robot_interfaces/msg/detail/obstacle_alert__type_support.hpp\n'}
[0.202647] (parking_robot_interfaces) StdoutLine: {'line': b'-- Up-to-date symlink: /home/rokey/p3/cobot_ws/install/parking_robot_interfaces/include/parking_robot_interfaces/parking_robot_interfaces/msg/detail/task_state__builder.hpp\n'}
[0.202713] (parking_robot_interfaces) StdoutLine: {'line': b'-- Up-to-date symlink: /home/rokey/p3/cobot_ws/install/parking_robot_interfaces/include/parking_robot_interfaces/parking_robot_interfaces/msg/detail/task_state__struct.hpp\n'}
[0.202779] (parking_robot_interfaces) StdoutLine: {'line': b'-- Up-to-date symlink: /home/rokey/p3/cobot_ws/install/parking_robot_interfaces/include/parking_robot_interfaces/parking_robot_interfaces/msg/detail/task_state__traits.hpp\n'}
[0.202821] (parking_robot_interfaces) StdoutLine: {'line': b'-- Up-to-date symlink: /home/rokey/p3/cobot_ws/install/parking_robot_interfaces/include/parking_robot_interfaces/parking_robot_interfaces/msg/detail/task_state__type_support.hpp\n'}
[0.202890] (parking_robot_interfaces) StdoutLine: {'line': b'-- Up-to-date symlink: /home/rokey/p3/cobot_ws/install/parking_robot_interfaces/include/parking_robot_interfaces/parking_robot_interfaces/msg/detail/vehicle_info__builder.hpp\n'}
[0.202915] (parking_robot_interfaces) StdoutLine: {'line': b'-- Up-to-date symlink: /home/rokey/p3/cobot_ws/install/parking_robot_interfaces/include/parking_robot_interfaces/parking_robot_interfaces/msg/detail/vehicle_info__struct.hpp\n'}
[0.202933] (parking_robot_interfaces) StdoutLine: {'line': b'-- Up-to-date symlink: /home/rokey/p3/cobot_ws/install/parking_robot_interfaces/include/parking_robot_interfaces/parking_robot_interfaces/msg/detail/vehicle_info__traits.hpp\n'}
[0.202950] (parking_robot_interfaces) StdoutLine: {'line': b'-- Up-to-date symlink: /home/rokey/p3/cobot_ws/install/parking_robot_interfaces/include/parking_robot_interfaces/parking_robot_interfaces/msg/detail/vehicle_info__type_support.hpp\n'}
[0.202970] (parking_robot_interfaces) StdoutLine: {'line': b'-- Up-to-date symlink: /home/rokey/p3/cobot_ws/install/parking_robot_interfaces/include/parking_robot_interfaces/parking_robot_interfaces/msg/formation_assignment.hpp\n'}
[0.202992] (parking_robot_interfaces) StdoutLine: {'line': b'-- Up-to-date symlink: /home/rokey/p3/cobot_ws/install/parking_robot_interfaces/include/parking_robot_interfaces/parking_robot_interfaces/msg/formation_stop.hpp\n'}
[0.203009] (parking_robot_interfaces) StdoutLine: {'line': b'-- Up-to-date symlink: /home/rokey/p3/cobot_ws/install/parking_robot_interfaces/include/parking_robot_interfaces/parking_robot_interfaces/msg/obstacle_alert.hpp\n'}
[0.203026] (parking_robot_interfaces) StdoutLine: {'line': b'-- Up-to-date symlink: /home/rokey/p3/cobot_ws/install/parking_robot_interfaces/include/parking_robot_interfaces/parking_robot_interfaces/msg/rosidl_generator_cpp__visibility_control.hpp\n'}
[0.203046] (parking_robot_interfaces) StdoutLine: {'line': b'-- Up-to-date symlink: /home/rokey/p3/cobot_ws/install/parking_robot_interfaces/include/parking_robot_interfaces/parking_robot_interfaces/msg/task_state.hpp\n'}
[0.203717] (parking_robot_interfaces) StdoutLine: {'line': b'-- Up-to-date symlink: /home/rokey/p3/cobot_ws/install/parking_robot_interfaces/include/parking_robot_interfaces/parking_robot_interfaces/msg/vehicle_info.hpp\n'}
[0.204122] (parking_robot_interfaces) StdoutLine: {'line': b'-- Up-to-date symlink: /home/rokey/p3/cobot_ws/install/parking_robot_interfaces/include/parking_robot_interfaces/parking_robot_interfaces/srv/acquire_zones.hpp\n'}
[0.204281] (parking_robot_interfaces) StdoutLine: {'line': b'-- Up-to-date symlink: /home/rokey/p3/cobot_ws/install/parking_robot_interfaces/include/parking_robot_interfaces/parking_robot_interfaces/srv/detail/acquire_zones__builder.hpp\n'}
[0.204495] (parking_robot_interfaces) StdoutLine: {'line': b'-- Up-to-date symlink: /home/rokey/p3/cobot_ws/install/parking_robot_interfaces/include/parking_robot_interfaces/parking_robot_interfaces/srv/detail/acquire_zones__struct.hpp\n'}
[0.204517] (parking_robot_interfaces) StdoutLine: {'line': b'-- Up-to-date symlink: /home/rokey/p3/cobot_ws/install/parking_robot_interfaces/include/parking_robot_interfaces/parking_robot_interfaces/srv/detail/acquire_zones__traits.hpp\n'}
[0.204536] (parking_robot_interfaces) StdoutLine: {'line': b'-- Up-to-date symlink: /home/rokey/p3/cobot_ws/install/parking_robot_interfaces/include/parking_robot_interfaces/parking_robot_interfaces/srv/detail/acquire_zones__type_support.hpp\n'}
[0.204562] (parking_robot_interfaces) StdoutLine: {'line': b'-- Up-to-date symlink: /home/rokey/p3/cobot_ws/install/parking_robot_interfaces/include/parking_robot_interfaces/parking_robot_interfaces/srv/detail/find_empty_slot__builder.hpp\n'}
[0.204580] (parking_robot_interfaces) StdoutLine: {'line': b'-- Up-to-date symlink: /home/rokey/p3/cobot_ws/install/parking_robot_interfaces/include/parking_robot_interfaces/parking_robot_interfaces/srv/detail/find_empty_slot__struct.hpp\n'}
[0.204598] (parking_robot_interfaces) StdoutLine: {'line': b'-- Up-to-date symlink: /home/rokey/p3/cobot_ws/install/parking_robot_interfaces/include/parking_robot_interfaces/parking_robot_interfaces/srv/detail/find_empty_slot__traits.hpp\n'}
[0.204616] (parking_robot_interfaces) StdoutLine: {'line': b'-- Up-to-date symlink: /home/rokey/p3/cobot_ws/install/parking_robot_interfaces/include/parking_robot_interfaces/parking_robot_interfaces/srv/detail/find_empty_slot__type_support.hpp\n'}
[0.204633] (parking_robot_interfaces) StdoutLine: {'line': b'-- Up-to-date symlink: /home/rokey/p3/cobot_ws/install/parking_robot_interfaces/include/parking_robot_interfaces/parking_robot_interfaces/srv/detail/get_slot_info__builder.hpp\n'}
[0.204650] (parking_robot_interfaces) StdoutLine: {'line': b'-- Up-to-date symlink: /home/rokey/p3/cobot_ws/install/parking_robot_interfaces/include/parking_robot_interfaces/parking_robot_interfaces/srv/detail/get_slot_info__struct.hpp\n'}
[0.204667] (parking_robot_interfaces) StdoutLine: {'line': b'-- Up-to-date symlink: /home/rokey/p3/cobot_ws/install/parking_robot_interfaces/include/parking_robot_interfaces/parking_robot_interfaces/srv/detail/get_slot_info__traits.hpp\n'}
[0.204686] (parking_robot_interfaces) StdoutLine: {'line': b'-- Up-to-date symlink: /home/rokey/p3/cobot_ws/install/parking_robot_interfaces/include/parking_robot_interfaces/parking_robot_interfaces/srv/detail/get_slot_info__type_support.hpp\n'}
[0.204703] (parking_robot_interfaces) StdoutLine: {'line': b'-- Up-to-date symlink: /home/rokey/p3/cobot_ws/install/parking_robot_interfaces/include/parking_robot_interfaces/parking_robot_interfaces/srv/detail/get_task_status__builder.hpp\n'}
[0.204726] (parking_robot_interfaces) StdoutLine: {'line': b'-- Up-to-date symlink: /home/rokey/p3/cobot_ws/install/parking_robot_interfaces/include/parking_robot_interfaces/parking_robot_interfaces/srv/detail/get_task_status__struct.hpp\n'}
[0.204742] (parking_robot_interfaces) StdoutLine: {'line': b'-- Up-to-date symlink: /home/rokey/p3/cobot_ws/install/parking_robot_interfaces/include/parking_robot_interfaces/parking_robot_interfaces/srv/detail/get_task_status__traits.hpp\n'}
[0.204758] (parking_robot_interfaces) StdoutLine: {'line': b'-- Up-to-date symlink: /home/rokey/p3/cobot_ws/install/parking_robot_interfaces/include/parking_robot_interfaces/parking_robot_interfaces/srv/detail/get_task_status__type_support.hpp\n'}
[0.204775] (parking_robot_interfaces) StdoutLine: {'line': b'-- Up-to-date symlink: /home/rokey/p3/cobot_ws/install/parking_robot_interfaces/include/parking_robot_interfaces/parking_robot_interfaces/srv/detail/park_in_slot__builder.hpp\n'}
[0.204791] (parking_robot_interfaces) StdoutLine: {'line': b'-- Up-to-date symlink: /home/rokey/p3/cobot_ws/install/parking_robot_interfaces/include/parking_robot_interfaces/parking_robot_interfaces/srv/detail/park_in_slot__struct.hpp\n'}
[0.204811] (parking_robot_interfaces) StdoutLine: {'line': b'-- Up-to-date symlink: /home/rokey/p3/cobot_ws/install/parking_robot_interfaces/include/parking_robot_interfaces/parking_robot_interfaces/srv/detail/park_in_slot__traits.hpp\n'}
[0.204827] (parking_robot_interfaces) StdoutLine: {'line': b'-- Up-to-date symlink: /home/rokey/p3/cobot_ws/install/parking_robot_interfaces/include/parking_robot_interfaces/parking_robot_interfaces/srv/detail/park_in_slot__type_support.hpp\n'}
[0.204843] (parking_robot_interfaces) StdoutLine: {'line': b'-- Up-to-date symlink: /home/rokey/p3/cobot_ws/install/parking_robot_interfaces/include/parking_robot_interfaces/parking_robot_interfaces/srv/detail/release_zones__builder.hpp\n'}
[0.204859] (parking_robot_interfaces) StdoutLine: {'line': b'-- Up-to-date symlink: /home/rokey/p3/cobot_ws/install/parking_robot_interfaces/include/parking_robot_interfaces/parking_robot_interfaces/srv/detail/release_zones__struct.hpp\n'}
[0.204875] (parking_robot_interfaces) StdoutLine: {'line': b'-- Up-to-date symlink: /home/rokey/p3/cobot_ws/install/parking_robot_interfaces/include/parking_robot_interfaces/parking_robot_interfaces/srv/detail/release_zones__traits.hpp\n'}
[0.204890] (parking_robot_interfaces) StdoutLine: {'line': b'-- Up-to-date symlink: /home/rokey/p3/cobot_ws/install/parking_robot_interfaces/include/parking_robot_interfaces/parking_robot_interfaces/srv/detail/release_zones__type_support.hpp\n'}
[0.204906] (parking_robot_interfaces) StdoutLine: {'line': b'-- Up-to-date symlink: /home/rokey/p3/cobot_ws/install/parking_robot_interfaces/include/parking_robot_interfaces/parking_robot_interfaces/srv/detail/request_parking_task__builder.hpp\n'}
[0.204922] (parking_robot_interfaces) StdoutLine: {'line': b'-- Up-to-date symlink: /home/rokey/p3/cobot_ws/install/parking_robot_interfaces/include/parking_robot_interfaces/parking_robot_interfaces/srv/detail/request_parking_task__struct.hpp\n'}
[0.204939] (parking_robot_interfaces) StdoutLine: {'line': b'-- Up-to-date symlink: /home/rokey/p3/cobot_ws/install/parking_robot_interfaces/include/parking_robot_interfaces/parking_robot_interfaces/srv/detail/request_parking_task__traits.hpp\n'}
[0.204955] (parking_robot_interfaces) StdoutLine: {'line': b'-- Up-to-date symlink: /home/rokey/p3/cobot_ws/install/parking_robot_interfaces/include/parking_robot_interfaces/parking_robot_interfaces/srv/detail/request_parking_task__type_support.hpp\n'}
[0.204972] (parking_robot_interfaces) StdoutLine: {'line': b'-- Up-to-date symlink: /home/rokey/p3/cobot_ws/install/parking_robot_interfaces/include/parking_robot_interfaces/parking_robot_interfaces/srv/find_empty_slot.hpp\n'}
[0.204989] (parking_robot_interfaces) StdoutLine: {'line': b'-- Up-to-date symlink: /home/rokey/p3/cobot_ws/install/parking_robot_interfaces/include/parking_robot_interfaces/parking_robot_interfaces/srv/get_slot_info.hpp\n'}
[0.205005] (parking_robot_interfaces) StdoutLine: {'line': b'-- Up-to-date symlink: /home/rokey/p3/cobot_ws/install/parking_robot_interfaces/include/parking_robot_interfaces/parking_robot_interfaces/srv/get_task_status.hpp\n'}
[0.205020] (parking_robot_interfaces) StdoutLine: {'line': b'-- Up-to-date symlink: /home/rokey/p3/cobot_ws/install/parking_robot_interfaces/include/parking_robot_interfaces/parking_robot_interfaces/srv/park_in_slot.hpp\n'}
[0.205038] (parking_robot_interfaces) StdoutLine: {'line': b'-- Up-to-date symlink: /home/rokey/p3/cobot_ws/install/parking_robot_interfaces/include/parking_robot_interfaces/parking_robot_interfaces/srv/release_zones.hpp\n'}
[0.205057] (parking_robot_interfaces) StdoutLine: {'line': b'-- Up-to-date symlink: /home/rokey/p3/cobot_ws/install/parking_robot_interfaces/include/parking_robot_interfaces/parking_robot_interfaces/srv/request_parking_task.hpp\n'}
[0.205559] (parking_robot_interfaces) StdoutLine: {'line': b'-- Up-to-date symlink: /home/rokey/p3/cobot_ws/install/parking_robot_interfaces/include/parking_robot_interfaces/parking_robot_interfaces/action/detail/align_vehicle__rosidl_typesupport_fastrtps_cpp.hpp\n'}
[0.205587] (parking_robot_interfaces) StdoutLine: {'line': b'-- Up-to-date symlink: /home/rokey/p3/cobot_ws/install/parking_robot_interfaces/include/parking_robot_interfaces/parking_robot_interfaces/action/detail/carry_to_slot__rosidl_typesupport_fastrtps_cpp.hpp\n'}
[0.205607] (parking_robot_interfaces) StdoutLine: {'line': b'-- Up-to-date symlink: /home/rokey/p3/cobot_ws/install/parking_robot_interfaces/include/parking_robot_interfaces/parking_robot_interfaces/action/detail/control_lift__rosidl_typesupport_fastrtps_cpp.hpp\n'}
[0.205626] (parking_robot_interfaces) StdoutLine: {'line': b'-- Up-to-date symlink: /home/rokey/p3/cobot_ws/install/parking_robot_interfaces/include/parking_robot_interfaces/parking_robot_interfaces/action/detail/detect_vehicle__rosidl_typesupport_fastrtps_cpp.hpp\n'}
[0.205644] (parking_robot_interfaces) StdoutLine: {'line': b'-- Up-to-date symlink: /home/rokey/p3/cobot_ws/install/parking_robot_interfaces/include/parking_robot_interfaces/parking_robot_interfaces/action/detail/execute_parking_task__rosidl_typesupport_fastrtps_cpp.hpp\n'}
[0.205662] (parking_robot_interfaces) StdoutLine: {'line': b'-- Up-to-date symlink: /home/rokey/p3/cobot_ws/install/parking_robot_interfaces/include/parking_robot_interfaces/parking_robot_interfaces/action/detail/ingress_under_truck__rosidl_typesupport_fastrtps_cpp.hpp\n'}
[0.205682] (parking_robot_interfaces) StdoutLine: {'line': b'-- Up-to-date symlink: /home/rokey/p3/cobot_ws/install/parking_robot_interfaces/include/parking_robot_interfaces/parking_robot_interfaces/msg/detail/formation_assignment__rosidl_typesupport_fastrtps_cpp.hpp\n'}
[0.205702] (parking_robot_interfaces) StdoutLine: {'line': b'-- Up-to-date symlink: /home/rokey/p3/cobot_ws/install/parking_robot_interfaces/include/parking_robot_interfaces/parking_robot_interfaces/msg/detail/formation_stop__rosidl_typesupport_fastrtps_cpp.hpp\n'}
[0.205721] (parking_robot_interfaces) StdoutLine: {'line': b'-- Up-to-date symlink: /home/rokey/p3/cobot_ws/install/parking_robot_interfaces/include/parking_robot_interfaces/parking_robot_interfaces/msg/detail/obstacle_alert__rosidl_typesupport_fastrtps_cpp.hpp\n'}
[0.205738] (parking_robot_interfaces) StdoutLine: {'line': b'-- Up-to-date symlink: /home/rokey/p3/cobot_ws/install/parking_robot_interfaces/include/parking_robot_interfaces/parking_robot_interfaces/msg/detail/task_state__rosidl_typesupport_fastrtps_cpp.hpp\n'}
[0.205757] (parking_robot_interfaces) StdoutLine: {'line': b'-- Up-to-date symlink: /home/rokey/p3/cobot_ws/install/parking_robot_interfaces/include/parking_robot_interfaces/parking_robot_interfaces/msg/detail/vehicle_info__rosidl_typesupport_fastrtps_cpp.hpp\n'}
[0.205774] (parking_robot_interfaces) StdoutLine: {'line': b'-- Up-to-date symlink: /home/rokey/p3/cobot_ws/install/parking_robot_interfaces/include/parking_robot_interfaces/parking_robot_interfaces/msg/rosidl_typesupport_fastrtps_cpp__visibility_control.h\n'}
[0.205792] (parking_robot_interfaces) StdoutLine: {'line': b'-- Up-to-date symlink: /home/rokey/p3/cobot_ws/install/parking_robot_interfaces/include/parking_robot_interfaces/parking_robot_interfaces/srv/detail/acquire_zones__rosidl_typesupport_fastrtps_cpp.hpp\n'}
[0.206297] (parking_robot_interfaces) StdoutLine: {'line': b'-- Up-to-date symlink: /home/rokey/p3/cobot_ws/install/parking_robot_interfaces/include/parking_robot_interfaces/parking_robot_interfaces/srv/detail/find_empty_slot__rosidl_typesupport_fastrtps_cpp.hpp\n'}
[0.206471] (parking_robot_interfaces) StdoutLine: {'line': b'-- Up-to-date symlink: /home/rokey/p3/cobot_ws/install/parking_robot_interfaces/include/parking_robot_interfaces/parking_robot_interfaces/srv/detail/get_slot_info__rosidl_typesupport_fastrtps_cpp.hpp\n'}
[0.206644] (parking_robot_interfaces) StdoutLine: {'line': b'-- Up-to-date symlink: /home/rokey/p3/cobot_ws/install/parking_robot_interfaces/include/parking_robot_interfaces/parking_robot_interfaces/srv/detail/get_task_status__rosidl_typesupport_fastrtps_cpp.hpp\n'}
[0.206667] (parking_robot_interfaces) StdoutLine: {'line': b'-- Up-to-date symlink: /home/rokey/p3/cobot_ws/install/parking_robot_interfaces/include/parking_robot_interfaces/parking_robot_interfaces/srv/detail/park_in_slot__rosidl_typesupport_fastrtps_cpp.hpp\n'}
[0.206872] (parking_robot_interfaces) StdoutLine: {'line': b'-- Up-to-date symlink: /home/rokey/p3/cobot_ws/install/parking_robot_interfaces/include/parking_robot_interfaces/parking_robot_interfaces/srv/detail/release_zones__rosidl_typesupport_fastrtps_cpp.hpp\n'}
[0.206966] (parking_robot_interfaces) StdoutLine: {'line': b'-- Up-to-date symlink: /home/rokey/p3/cobot_ws/install/parking_robot_interfaces/include/parking_robot_interfaces/parking_robot_interfaces/srv/detail/request_parking_task__rosidl_typesupport_fastrtps_cpp.hpp\n'}
[0.207090] (parking_robot_interfaces) StdoutLine: {'line': b'-- Up-to-date symlink: /home/rokey/p3/cobot_ws/install/parking_robot_interfaces/include/parking_robot_interfaces/parking_robot_interfaces/action/detail/align_vehicle__rosidl_typesupport_introspection_cpp.hpp\n'}
[0.207194] (parking_robot_interfaces) StdoutLine: {'line': b'-- Up-to-date symlink: /home/rokey/p3/cobot_ws/install/parking_robot_interfaces/include/parking_robot_interfaces/parking_robot_interfaces/action/detail/carry_to_slot__rosidl_typesupport_introspection_cpp.hpp\n'}
[0.207329] (parking_robot_interfaces) StdoutLine: {'line': b'-- Up-to-date symlink: /home/rokey/p3/cobot_ws/install/parking_robot_interfaces/include/parking_robot_interfaces/parking_robot_interfaces/action/detail/control_lift__rosidl_typesupport_introspection_cpp.hpp\n'}
[0.207356] (parking_robot_interfaces) StdoutLine: {'line': b'-- Up-to-date symlink: /home/rokey/p3/cobot_ws/install/parking_robot_interfaces/include/parking_robot_interfaces/parking_robot_interfaces/action/detail/detect_vehicle__rosidl_typesupport_introspection_cpp.hpp\n'}
[0.207374] (parking_robot_interfaces) StdoutLine: {'line': b'-- Up-to-date symlink: /home/rokey/p3/cobot_ws/install/parking_robot_interfaces/include/parking_robot_interfaces/parking_robot_interfaces/action/detail/execute_parking_task__rosidl_typesupport_introspection_cpp.hpp\n'}
[0.207532] (parking_robot_interfaces) StdoutLine: {'line': b'-- Up-to-date symlink: /home/rokey/p3/cobot_ws/install/parking_robot_interfaces/include/parking_robot_interfaces/parking_robot_interfaces/action/detail/ingress_under_truck__rosidl_typesupport_introspection_cpp.hpp\n'}
[0.207638] (parking_robot_interfaces) StdoutLine: {'line': b'-- Up-to-date symlink: /home/rokey/p3/cobot_ws/install/parking_robot_interfaces/include/parking_robot_interfaces/parking_robot_interfaces/msg/detail/formation_assignment__rosidl_typesupport_introspection_cpp.hpp\n'}
[0.207661] (parking_robot_interfaces) StdoutLine: {'line': b'-- Up-to-date symlink: /home/rokey/p3/cobot_ws/install/parking_robot_interfaces/include/parking_robot_interfaces/parking_robot_interfaces/msg/detail/formation_stop__rosidl_typesupport_introspection_cpp.hpp\n'}
[0.207679] (parking_robot_interfaces) StdoutLine: {'line': b'-- Up-to-date symlink: /home/rokey/p3/cobot_ws/install/parking_robot_interfaces/include/parking_robot_interfaces/parking_robot_interfaces/msg/detail/obstacle_alert__rosidl_typesupport_introspection_cpp.hpp\n'}
[0.207880] (parking_robot_interfaces) StdoutLine: {'line': b'-- Up-to-date symlink: /home/rokey/p3/cobot_ws/install/parking_robot_interfaces/include/parking_robot_interfaces/parking_robot_interfaces/msg/detail/task_state__rosidl_typesupport_introspection_cpp.hpp\n'}
[0.208033] (parking_robot_interfaces) StdoutLine: {'line': b'-- Up-to-date symlink: /home/rokey/p3/cobot_ws/install/parking_robot_interfaces/include/parking_robot_interfaces/parking_robot_interfaces/msg/detail/vehicle_info__rosidl_typesupport_introspection_cpp.hpp\n'}
[0.208164] (parking_robot_interfaces) StdoutLine: {'line': b'-- Up-to-date symlink: /home/rokey/p3/cobot_ws/install/parking_robot_interfaces/include/parking_robot_interfaces/parking_robot_interfaces/srv/detail/acquire_zones__rosidl_typesupport_introspection_cpp.hpp\n'}
[0.208214] (parking_robot_interfaces) StdoutLine: {'line': b'-- Up-to-date symlink: /home/rokey/p3/cobot_ws/install/parking_robot_interfaces/include/parking_robot_interfaces/parking_robot_interfaces/srv/detail/find_empty_slot__rosidl_typesupport_introspection_cpp.hpp\n'}
[0.208232] (parking_robot_interfaces) StdoutLine: {'line': b'-- Up-to-date symlink: /home/rokey/p3/cobot_ws/install/parking_robot_interfaces/include/parking_robot_interfaces/parking_robot_interfaces/srv/detail/get_slot_info__rosidl_typesupport_introspection_cpp.hpp\n'}
[0.208250] (parking_robot_interfaces) StdoutLine: {'line': b'-- Up-to-date symlink: /home/rokey/p3/cobot_ws/install/parking_robot_interfaces/include/parking_robot_interfaces/parking_robot_interfaces/srv/detail/get_task_status__rosidl_typesupport_introspection_cpp.hpp\n'}
[0.208267] (parking_robot_interfaces) StdoutLine: {'line': b'-- Up-to-date symlink: /home/rokey/p3/cobot_ws/install/parking_robot_interfaces/include/parking_robot_interfaces/parking_robot_interfaces/srv/detail/park_in_slot__rosidl_typesupport_introspection_cpp.hpp\n'}
[0.208283] (parking_robot_interfaces) StdoutLine: {'line': b'-- Up-to-date symlink: /home/rokey/p3/cobot_ws/install/parking_robot_interfaces/include/parking_robot_interfaces/parking_robot_interfaces/srv/detail/release_zones__rosidl_typesupport_introspection_cpp.hpp\n'}
[0.208300] (parking_robot_interfaces) StdoutLine: {'line': b'-- Up-to-date symlink: /home/rokey/p3/cobot_ws/install/parking_robot_interfaces/include/parking_robot_interfaces/parking_robot_interfaces/srv/detail/request_parking_task__rosidl_typesupport_introspection_cpp.hpp\n'}
[0.208317] (parking_robot_interfaces) StdoutLine: {'line': b'-- Up-to-date symlink: /home/rokey/p3/cobot_ws/install/parking_robot_interfaces/share/parking_robot_interfaces/environment/pythonpath.sh\n'}
[0.208333] (parking_robot_interfaces) StdoutLine: {'line': b'-- Up-to-date symlink: /home/rokey/p3/cobot_ws/install/parking_robot_interfaces/share/parking_robot_interfaces/environment/pythonpath.dsv\n'}
[0.208349] (parking_robot_interfaces) StdoutLine: {'line': b'-- Up-to-date symlink: /home/rokey/p3/cobot_ws/install/parking_robot_interfaces/local/lib/python3.10/dist-packages/parking_robot_interfaces-0.0.1-py3.10.egg-info/PKG-INFO\n'}
[0.208366] (parking_robot_interfaces) StdoutLine: {'line': b'-- Up-to-date symlink: /home/rokey/p3/cobot_ws/install/parking_robot_interfaces/local/lib/python3.10/dist-packages/parking_robot_interfaces-0.0.1-py3.10.egg-info/SOURCES.txt\n'}
[0.208385] (parking_robot_interfaces) StdoutLine: {'line': b'-- Up-to-date symlink: /home/rokey/p3/cobot_ws/install/parking_robot_interfaces/local/lib/python3.10/dist-packages/parking_robot_interfaces-0.0.1-py3.10.egg-info/dependency_links.txt\n'}
[0.208402] (parking_robot_interfaces) StdoutLine: {'line': b'-- Up-to-date symlink: /home/rokey/p3/cobot_ws/install/parking_robot_interfaces/local/lib/python3.10/dist-packages/parking_robot_interfaces-0.0.1-py3.10.egg-info/top_level.txt\n'}
[0.208941] (parking_robot_interfaces) StdoutLine: {'line': b'-- Up-to-date symlink: /home/rokey/p3/cobot_ws/install/parking_robot_interfaces/local/lib/python3.10/dist-packages/parking_robot_interfaces/__init__.py\n'}
[0.209003] (parking_robot_interfaces) StdoutLine: {'line': b'-- Up-to-date symlink: /home/rokey/p3/cobot_ws/install/parking_robot_interfaces/local/lib/python3.10/dist-packages/parking_robot_interfaces/_parking_robot_interfaces_s.ep.rosidl_typesupport_c.c\n'}
[0.209068] (parking_robot_interfaces) StdoutLine: {'line': b'-- Up-to-date symlink: /home/rokey/p3/cobot_ws/install/parking_robot_interfaces/local/lib/python3.10/dist-packages/parking_robot_interfaces/_parking_robot_interfaces_s.ep.rosidl_typesupport_fastrtps_c.c\n'}
[0.209125] (parking_robot_interfaces) StdoutLine: {'line': b'-- Up-to-date symlink: /home/rokey/p3/cobot_ws/install/parking_robot_interfaces/local/lib/python3.10/dist-packages/parking_robot_interfaces/_parking_robot_interfaces_s.ep.rosidl_typesupport_introspection_c.c\n'}
[0.209189] (parking_robot_interfaces) StdoutLine: {'line': b'-- Up-to-date symlink: /home/rokey/p3/cobot_ws/install/parking_robot_interfaces/local/lib/python3.10/dist-packages/parking_robot_interfaces/action/__init__.py\n'}
[0.209254] (parking_robot_interfaces) StdoutLine: {'line': b'-- Up-to-date symlink: /home/rokey/p3/cobot_ws/install/parking_robot_interfaces/local/lib/python3.10/dist-packages/parking_robot_interfaces/action/_align_vehicle.py\n'}
[0.209318] (parking_robot_interfaces) StdoutLine: {'line': b'-- Up-to-date symlink: /home/rokey/p3/cobot_ws/install/parking_robot_interfaces/local/lib/python3.10/dist-packages/parking_robot_interfaces/action/_align_vehicle_s.c\n'}
[0.209385] (parking_robot_interfaces) StdoutLine: {'line': b'-- Up-to-date symlink: /home/rokey/p3/cobot_ws/install/parking_robot_interfaces/local/lib/python3.10/dist-packages/parking_robot_interfaces/action/_carry_to_slot.py\n'}
[0.209446] (parking_robot_interfaces) StdoutLine: {'line': b'-- Up-to-date symlink: /home/rokey/p3/cobot_ws/install/parking_robot_interfaces/local/lib/python3.10/dist-packages/parking_robot_interfaces/action/_carry_to_slot_s.c\n'}
[0.209511] (parking_robot_interfaces) StdoutLine: {'line': b'-- Up-to-date symlink: /home/rokey/p3/cobot_ws/install/parking_robot_interfaces/local/lib/python3.10/dist-packages/parking_robot_interfaces/action/_control_lift.py\n'}
[0.209571] (parking_robot_interfaces) StdoutLine: {'line': b'-- Up-to-date symlink: /home/rokey/p3/cobot_ws/install/parking_robot_interfaces/local/lib/python3.10/dist-packages/parking_robot_interfaces/action/_control_lift_s.c\n'}
[0.209627] (parking_robot_interfaces) StdoutLine: {'line': b'-- Up-to-date symlink: /home/rokey/p3/cobot_ws/install/parking_robot_interfaces/local/lib/python3.10/dist-packages/parking_robot_interfaces/action/_detect_vehicle.py\n'}
[0.209684] (parking_robot_interfaces) StdoutLine: {'line': b'-- Up-to-date symlink: /home/rokey/p3/cobot_ws/install/parking_robot_interfaces/local/lib/python3.10/dist-packages/parking_robot_interfaces/action/_detect_vehicle_s.c\n'}
[0.209747] (parking_robot_interfaces) StdoutLine: {'line': b'-- Up-to-date symlink: /home/rokey/p3/cobot_ws/install/parking_robot_interfaces/local/lib/python3.10/dist-packages/parking_robot_interfaces/action/_execute_parking_task.py\n'}
[0.209812] (parking_robot_interfaces) StdoutLine: {'line': b'-- Up-to-date symlink: /home/rokey/p3/cobot_ws/install/parking_robot_interfaces/local/lib/python3.10/dist-packages/parking_robot_interfaces/action/_execute_parking_task_s.c\n'}
[0.209878] (parking_robot_interfaces) StdoutLine: {'line': b'-- Up-to-date symlink: /home/rokey/p3/cobot_ws/install/parking_robot_interfaces/local/lib/python3.10/dist-packages/parking_robot_interfaces/action/_ingress_under_truck.py\n'}
[0.209941] (parking_robot_interfaces) StdoutLine: {'line': b'-- Up-to-date symlink: /home/rokey/p3/cobot_ws/install/parking_robot_interfaces/local/lib/python3.10/dist-packages/parking_robot_interfaces/action/_ingress_under_truck_s.c\n'}
[0.210003] (parking_robot_interfaces) StdoutLine: {'line': b'-- Up-to-date symlink: /home/rokey/p3/cobot_ws/install/parking_robot_interfaces/local/lib/python3.10/dist-packages/parking_robot_interfaces/libparking_robot_interfaces__rosidl_generator_py.so\n'}
[0.210072] (parking_robot_interfaces) StdoutLine: {'line': b'-- Up-to-date symlink: /home/rokey/p3/cobot_ws/install/parking_robot_interfaces/local/lib/python3.10/dist-packages/parking_robot_interfaces/msg/__init__.py\n'}
[0.210144] (parking_robot_interfaces) StdoutLine: {'line': b'-- Up-to-date symlink: /home/rokey/p3/cobot_ws/install/parking_robot_interfaces/local/lib/python3.10/dist-packages/parking_robot_interfaces/msg/_formation_assignment.py\n'}
[0.210204] (parking_robot_interfaces) StdoutLine: {'line': b'-- Up-to-date symlink: /home/rokey/p3/cobot_ws/install/parking_robot_interfaces/local/lib/python3.10/dist-packages/parking_robot_interfaces/msg/_formation_assignment_s.c\n'}
[0.210256] (parking_robot_interfaces) StdoutLine: {'line': b'-- Up-to-date symlink: /home/rokey/p3/cobot_ws/install/parking_robot_interfaces/local/lib/python3.10/dist-packages/parking_robot_interfaces/msg/_formation_stop.py\n'}
[0.210297] (parking_robot_interfaces) StdoutLine: {'line': b'-- Up-to-date symlink: /home/rokey/p3/cobot_ws/install/parking_robot_interfaces/local/lib/python3.10/dist-packages/parking_robot_interfaces/msg/_formation_stop_s.c\n'}
[0.210338] (parking_robot_interfaces) StdoutLine: {'line': b'-- Up-to-date symlink: /home/rokey/p3/cobot_ws/install/parking_robot_interfaces/local/lib/python3.10/dist-packages/parking_robot_interfaces/msg/_obstacle_alert.py\n'}
[0.210380] (parking_robot_interfaces) StdoutLine: {'line': b'-- Up-to-date symlink: /home/rokey/p3/cobot_ws/install/parking_robot_interfaces/local/lib/python3.10/dist-packages/parking_robot_interfaces/msg/_obstacle_alert_s.c\n'}
[0.210440] (parking_robot_interfaces) StdoutLine: {'line': b'-- Up-to-date symlink: /home/rokey/p3/cobot_ws/install/parking_robot_interfaces/local/lib/python3.10/dist-packages/parking_robot_interfaces/msg/_task_state.py\n'}
[0.210550] (parking_robot_interfaces) StdoutLine: {'line': b'-- Up-to-date symlink: /home/rokey/p3/cobot_ws/install/parking_robot_interfaces/local/lib/python3.10/dist-packages/parking_robot_interfaces/msg/_task_state_s.c\n'}
[0.210613] (parking_robot_interfaces) StdoutLine: {'line': b'-- Up-to-date symlink: /home/rokey/p3/cobot_ws/install/parking_robot_interfaces/local/lib/python3.10/dist-packages/parking_robot_interfaces/msg/_vehicle_info.py\n'}
[0.210661] (parking_robot_interfaces) StdoutLine: {'line': b'-- Up-to-date symlink: /home/rokey/p3/cobot_ws/install/parking_robot_interfaces/local/lib/python3.10/dist-packages/parking_robot_interfaces/msg/_vehicle_info_s.c\n'}
[0.210703] (parking_robot_interfaces) StdoutLine: {'line': b'-- Up-to-date symlink: /home/rokey/p3/cobot_ws/install/parking_robot_interfaces/local/lib/python3.10/dist-packages/parking_robot_interfaces/parking_robot_interfaces_s__rosidl_typesupport_c.cpython-310-x86_64-linux-gnu.so\n'}
[0.210759] (parking_robot_interfaces) StdoutLine: {'line': b'-- Up-to-date symlink: /home/rokey/p3/cobot_ws/install/parking_robot_interfaces/local/lib/python3.10/dist-packages/parking_robot_interfaces/parking_robot_interfaces_s__rosidl_typesupport_fastrtps_c.cpython-310-x86_64-linux-gnu.so\n'}
[0.210806] (parking_robot_interfaces) StdoutLine: {'line': b'-- Up-to-date symlink: /home/rokey/p3/cobot_ws/install/parking_robot_interfaces/local/lib/python3.10/dist-packages/parking_robot_interfaces/parking_robot_interfaces_s__rosidl_typesupport_introspection_c.cpython-310-x86_64-linux-gnu.so\n'}
[0.210851] (parking_robot_interfaces) StdoutLine: {'line': b'-- Up-to-date symlink: /home/rokey/p3/cobot_ws/install/parking_robot_interfaces/local/lib/python3.10/dist-packages/parking_robot_interfaces/srv/__init__.py\n'}
[0.210871] (parking_robot_interfaces) StdoutLine: {'line': b'-- Up-to-date symlink: /home/rokey/p3/cobot_ws/install/parking_robot_interfaces/local/lib/python3.10/dist-packages/parking_robot_interfaces/srv/_acquire_zones.py\n'}
[0.210889] (parking_robot_interfaces) StdoutLine: {'line': b'-- Up-to-date symlink: /home/rokey/p3/cobot_ws/install/parking_robot_interfaces/local/lib/python3.10/dist-packages/parking_robot_interfaces/srv/_acquire_zones_s.c\n'}
[0.210963] (parking_robot_interfaces) StdoutLine: {'line': b'-- Up-to-date symlink: /home/rokey/p3/cobot_ws/install/parking_robot_interfaces/local/lib/python3.10/dist-packages/parking_robot_interfaces/srv/_find_empty_slot.py\n'}
[0.211091] (parking_robot_interfaces) StdoutLine: {'line': b'-- Up-to-date symlink: /home/rokey/p3/cobot_ws/install/parking_robot_interfaces/local/lib/python3.10/dist-packages/parking_robot_interfaces/srv/_find_empty_slot_s.c\n'}
[0.211155] (parking_robot_interfaces) StdoutLine: {'line': b'-- Up-to-date symlink: /home/rokey/p3/cobot_ws/install/parking_robot_interfaces/local/lib/python3.10/dist-packages/parking_robot_interfaces/srv/_get_slot_info.py\n'}
[0.211199] (parking_robot_interfaces) StdoutLine: {'line': b'-- Up-to-date symlink: /home/rokey/p3/cobot_ws/install/parking_robot_interfaces/local/lib/python3.10/dist-packages/parking_robot_interfaces/srv/_get_slot_info_s.c\n'}
[0.211239] (parking_robot_interfaces) StdoutLine: {'line': b'-- Up-to-date symlink: /home/rokey/p3/cobot_ws/install/parking_robot_interfaces/local/lib/python3.10/dist-packages/parking_robot_interfaces/srv/_get_task_status.py\n'}
[0.211286] (parking_robot_interfaces) StdoutLine: {'line': b'-- Up-to-date symlink: /home/rokey/p3/cobot_ws/install/parking_robot_interfaces/local/lib/python3.10/dist-packages/parking_robot_interfaces/srv/_get_task_status_s.c\n'}
[0.211333] (parking_robot_interfaces) StdoutLine: {'line': b'-- Up-to-date symlink: /home/rokey/p3/cobot_ws/install/parking_robot_interfaces/local/lib/python3.10/dist-packages/parking_robot_interfaces/srv/_park_in_slot.py\n'}
[0.211373] (parking_robot_interfaces) StdoutLine: {'line': b'-- Up-to-date symlink: /home/rokey/p3/cobot_ws/install/parking_robot_interfaces/local/lib/python3.10/dist-packages/parking_robot_interfaces/srv/_park_in_slot_s.c\n'}
[0.211412] (parking_robot_interfaces) StdoutLine: {'line': b'-- Up-to-date symlink: /home/rokey/p3/cobot_ws/install/parking_robot_interfaces/local/lib/python3.10/dist-packages/parking_robot_interfaces/srv/_release_zones.py\n'}
[0.211431] (parking_robot_interfaces) StdoutLine: {'line': b'-- Up-to-date symlink: /home/rokey/p3/cobot_ws/install/parking_robot_interfaces/local/lib/python3.10/dist-packages/parking_robot_interfaces/srv/_release_zones_s.c\n'}
[0.211448] (parking_robot_interfaces) StdoutLine: {'line': b'-- Up-to-date symlink: /home/rokey/p3/cobot_ws/install/parking_robot_interfaces/local/lib/python3.10/dist-packages/parking_robot_interfaces/srv/_request_parking_task.py\n'}
[0.211465] (parking_robot_interfaces) StdoutLine: {'line': b'-- Up-to-date symlink: /home/rokey/p3/cobot_ws/install/parking_robot_interfaces/local/lib/python3.10/dist-packages/parking_robot_interfaces/srv/_request_parking_task_s.c\n'}
[0.211482] (parking_robot_interfaces) StdoutLine: {'line': b'-- Up-to-date symlink: /home/rokey/p3/cobot_ws/install/parking_robot_interfaces/local/lib/python3.10/dist-packages/parking_robot_interfaces/parking_robot_interfaces_s__rosidl_typesupport_fastrtps_c.cpython-310-x86_64-linux-gnu.so\n'}
[0.211499] (parking_robot_interfaces) StdoutLine: {'line': b'-- Up-to-date symlink: /home/rokey/p3/cobot_ws/install/parking_robot_interfaces/local/lib/python3.10/dist-packages/parking_robot_interfaces/parking_robot_interfaces_s__rosidl_typesupport_introspection_c.cpython-310-x86_64-linux-gnu.so\n'}
[0.211517] (parking_robot_interfaces) StdoutLine: {'line': b'-- Up-to-date symlink: /home/rokey/p3/cobot_ws/install/parking_robot_interfaces/local/lib/python3.10/dist-packages/parking_robot_interfaces/parking_robot_interfaces_s__rosidl_typesupport_c.cpython-310-x86_64-linux-gnu.so\n'}
[0.211534] (parking_robot_interfaces) StdoutLine: {'line': b'-- Up-to-date symlink: /home/rokey/p3/cobot_ws/install/parking_robot_interfaces/share/ament_index/resource_index/rust_packages/parking_robot_interfaces\n'}
[0.211661] (parking_robot_interfaces) StdoutLine: {'line': b'-- Up-to-date symlink: /home/rokey/p3/cobot_ws/install/parking_robot_interfaces/share/parking_robot_interfaces/rust/Cargo.toml\n'}
[0.211725] (parking_robot_interfaces) StdoutLine: {'line': b'-- Up-to-date symlink: /home/rokey/p3/cobot_ws/install/parking_robot_interfaces/share/parking_robot_interfaces/rust/build.rs\n'}
[0.211784] (parking_robot_interfaces) StdoutLine: {'line': b'-- Up-to-date symlink: /home/rokey/p3/cobot_ws/install/parking_robot_interfaces/share/parking_robot_interfaces/rust/src/action.rs\n'}
[0.211838] (parking_robot_interfaces) StdoutLine: {'line': b'-- Up-to-date symlink: /home/rokey/p3/cobot_ws/install/parking_robot_interfaces/share/parking_robot_interfaces/rust/src/action/rmw.rs\n'}
[0.211889] (parking_robot_interfaces) StdoutLine: {'line': b'-- Up-to-date symlink: /home/rokey/p3/cobot_ws/install/parking_robot_interfaces/share/parking_robot_interfaces/rust/src/lib.rs\n'}
[0.211948] (parking_robot_interfaces) StdoutLine: {'line': b'-- Up-to-date symlink: /home/rokey/p3/cobot_ws/install/parking_robot_interfaces/share/parking_robot_interfaces/rust/src/msg.rs\n'}
[0.212004] (parking_robot_interfaces) StdoutLine: {'line': b'-- Up-to-date symlink: /home/rokey/p3/cobot_ws/install/parking_robot_interfaces/share/parking_robot_interfaces/rust/src/msg/rmw.rs\n'}
[0.212058] (parking_robot_interfaces) StdoutLine: {'line': b'-- Up-to-date symlink: /home/rokey/p3/cobot_ws/install/parking_robot_interfaces/share/parking_robot_interfaces/rust/src/srv.rs\n'}
[0.212114] (parking_robot_interfaces) StdoutLine: {'line': b'-- Up-to-date symlink: /home/rokey/p3/cobot_ws/install/parking_robot_interfaces/share/parking_robot_interfaces/rust/src/srv/rmw.rs\n'}
[0.212162] (parking_robot_interfaces) StdoutLine: {'line': b'-- Up-to-date symlink: /home/rokey/p3/cobot_ws/install/parking_robot_interfaces/share/parking_robot_interfaces/msg/VehicleInfo.idl\n'}
[0.212214] (parking_robot_interfaces) StdoutLine: {'line': b'-- Up-to-date symlink: /home/rokey/p3/cobot_ws/install/parking_robot_interfaces/share/parking_robot_interfaces/msg/TaskState.idl\n'}
[0.212265] (parking_robot_interfaces) StdoutLine: {'line': b'-- Up-to-date symlink: /home/rokey/p3/cobot_ws/install/parking_robot_interfaces/share/parking_robot_interfaces/msg/ObstacleAlert.idl\n'}
[0.212321] (parking_robot_interfaces) StdoutLine: {'line': b'-- Up-to-date symlink: /home/rokey/p3/cobot_ws/install/parking_robot_interfaces/share/parking_robot_interfaces/msg/FormationStop.idl\n'}
[0.212373] (parking_robot_interfaces) StdoutLine: {'line': b'-- Up-to-date symlink: /home/rokey/p3/cobot_ws/install/parking_robot_interfaces/share/parking_robot_interfaces/msg/FormationAssignment.idl\n'}
[0.212428] (parking_robot_interfaces) StdoutLine: {'line': b'-- Up-to-date symlink: /home/rokey/p3/cobot_ws/install/parking_robot_interfaces/share/parking_robot_interfaces/srv/FindEmptySlot.idl\n'}
[0.212482] (parking_robot_interfaces) StdoutLine: {'line': b'-- Up-to-date symlink: /home/rokey/p3/cobot_ws/install/parking_robot_interfaces/share/parking_robot_interfaces/srv/ParkInSlot.idl\n'}
[0.212534] (parking_robot_interfaces) StdoutLine: {'line': b'-- Up-to-date symlink: /home/rokey/p3/cobot_ws/install/parking_robot_interfaces/share/parking_robot_interfaces/srv/GetSlotInfo.idl\n'}
[0.212586] (parking_robot_interfaces) StdoutLine: {'line': b'-- Up-to-date symlink: /home/rokey/p3/cobot_ws/install/parking_robot_interfaces/share/parking_robot_interfaces/srv/RequestParkingTask.idl\n'}
[0.212645] (parking_robot_interfaces) StdoutLine: {'line': b'-- Up-to-date symlink: /home/rokey/p3/cobot_ws/install/parking_robot_interfaces/share/parking_robot_interfaces/srv/GetTaskStatus.idl\n'}
[0.212696] (parking_robot_interfaces) StdoutLine: {'line': b'-- Up-to-date symlink: /home/rokey/p3/cobot_ws/install/parking_robot_interfaces/share/parking_robot_interfaces/srv/AcquireZones.idl\n'}
[0.212747] (parking_robot_interfaces) StdoutLine: {'line': b'-- Up-to-date symlink: /home/rokey/p3/cobot_ws/install/parking_robot_interfaces/share/parking_robot_interfaces/srv/ReleaseZones.idl\n'}
[0.212799] (parking_robot_interfaces) StdoutLine: {'line': b'-- Up-to-date symlink: /home/rokey/p3/cobot_ws/install/parking_robot_interfaces/share/parking_robot_interfaces/action/ExecuteParkingTask.idl\n'}
[0.212818] (parking_robot_interfaces) StdoutLine: {'line': b'-- Up-to-date symlink: /home/rokey/p3/cobot_ws/install/parking_robot_interfaces/share/parking_robot_interfaces/action/DetectVehicle.idl\n'}
[0.212835] (parking_robot_interfaces) StdoutLine: {'line': b'-- Up-to-date symlink: /home/rokey/p3/cobot_ws/install/parking_robot_interfaces/share/parking_robot_interfaces/action/AlignVehicle.idl\n'}
[0.212851] (parking_robot_interfaces) StdoutLine: {'line': b'-- Up-to-date symlink: /home/rokey/p3/cobot_ws/install/parking_robot_interfaces/share/parking_robot_interfaces/action/ControlLift.idl\n'}
[0.212867] (parking_robot_interfaces) StdoutLine: {'line': b'-- Up-to-date symlink: /home/rokey/p3/cobot_ws/install/parking_robot_interfaces/share/parking_robot_interfaces/action/IngressUnderTruck.idl\n'}
[0.212883] (parking_robot_interfaces) StdoutLine: {'line': b'-- Up-to-date symlink: /home/rokey/p3/cobot_ws/install/parking_robot_interfaces/share/parking_robot_interfaces/action/CarryToSlot.idl\n'}
[0.212899] (parking_robot_interfaces) StdoutLine: {'line': b'-- Up-to-date symlink: /home/rokey/p3/cobot_ws/install/parking_robot_interfaces/share/parking_robot_interfaces/msg/VehicleInfo.msg\n'}
[0.212914] (parking_robot_interfaces) StdoutLine: {'line': b'-- Up-to-date symlink: /home/rokey/p3/cobot_ws/install/parking_robot_interfaces/share/parking_robot_interfaces/msg/TaskState.msg\n'}
[0.212930] (parking_robot_interfaces) StdoutLine: {'line': b'-- Up-to-date symlink: /home/rokey/p3/cobot_ws/install/parking_robot_interfaces/share/parking_robot_interfaces/msg/ObstacleAlert.msg\n'}
[0.212946] (parking_robot_interfaces) StdoutLine: {'line': b'-- Up-to-date symlink: /home/rokey/p3/cobot_ws/install/parking_robot_interfaces/share/parking_robot_interfaces/msg/FormationStop.msg\n'}
[0.212961] (parking_robot_interfaces) StdoutLine: {'line': b'-- Up-to-date symlink: /home/rokey/p3/cobot_ws/install/parking_robot_interfaces/share/parking_robot_interfaces/msg/FormationAssignment.msg\n'}
[0.213123] (parking_robot_interfaces) StdoutLine: {'line': b'-- Up-to-date symlink: /home/rokey/p3/cobot_ws/install/parking_robot_interfaces/share/parking_robot_interfaces/srv/FindEmptySlot.srv\n'}
[0.213189] (parking_robot_interfaces) StdoutLine: {'line': b'-- Up-to-date symlink: /home/rokey/p3/cobot_ws/install/parking_robot_interfaces/share/parking_robot_interfaces/srv/FindEmptySlot_Request.msg\n'}
[0.213243] (parking_robot_interfaces) StdoutLine: {'line': b'-- Up-to-date symlink: /home/rokey/p3/cobot_ws/install/parking_robot_interfaces/share/parking_robot_interfaces/srv/FindEmptySlot_Response.msg\n'}
[0.213297] (parking_robot_interfaces) StdoutLine: {'line': b'-- Up-to-date symlink: /home/rokey/p3/cobot_ws/install/parking_robot_interfaces/share/parking_robot_interfaces/srv/ParkInSlot.srv\n'}
[0.213352] (parking_robot_interfaces) StdoutLine: {'line': b'-- Up-to-date symlink: /home/rokey/p3/cobot_ws/install/parking_robot_interfaces/share/parking_robot_interfaces/srv/ParkInSlot_Request.msg\n'}
[0.213408] (parking_robot_interfaces) StdoutLine: {'line': b'-- Up-to-date symlink: /home/rokey/p3/cobot_ws/install/parking_robot_interfaces/share/parking_robot_interfaces/srv/ParkInSlot_Response.msg\n'}
[0.213461] (parking_robot_interfaces) StdoutLine: {'line': b'-- Up-to-date symlink: /home/rokey/p3/cobot_ws/install/parking_robot_interfaces/share/parking_robot_interfaces/srv/GetSlotInfo.srv\n'}
[0.213525] (parking_robot_interfaces) StdoutLine: {'line': b'-- Up-to-date symlink: /home/rokey/p3/cobot_ws/install/parking_robot_interfaces/share/parking_robot_interfaces/srv/GetSlotInfo_Request.msg\n'}
[0.213583] (parking_robot_interfaces) StdoutLine: {'line': b'-- Up-to-date symlink: /home/rokey/p3/cobot_ws/install/parking_robot_interfaces/share/parking_robot_interfaces/srv/GetSlotInfo_Response.msg\n'}
[0.213640] (parking_robot_interfaces) StdoutLine: {'line': b'-- Up-to-date symlink: /home/rokey/p3/cobot_ws/install/parking_robot_interfaces/share/parking_robot_interfaces/srv/RequestParkingTask.srv\n'}
[0.213689] (parking_robot_interfaces) StdoutLine: {'line': b'-- Up-to-date symlink: /home/rokey/p3/cobot_ws/install/parking_robot_interfaces/share/parking_robot_interfaces/srv/RequestParkingTask_Request.msg\n'}
[0.213745] (parking_robot_interfaces) StdoutLine: {'line': b'-- Up-to-date symlink: /home/rokey/p3/cobot_ws/install/parking_robot_interfaces/share/parking_robot_interfaces/srv/RequestParkingTask_Response.msg\n'}
[0.213800] (parking_robot_interfaces) StdoutLine: {'line': b'-- Up-to-date symlink: /home/rokey/p3/cobot_ws/install/parking_robot_interfaces/share/parking_robot_interfaces/srv/GetTaskStatus.srv\n'}
[0.213857] (parking_robot_interfaces) StdoutLine: {'line': b'-- Up-to-date symlink: /home/rokey/p3/cobot_ws/install/parking_robot_interfaces/share/parking_robot_interfaces/srv/GetTaskStatus_Request.msg\n'}
[0.213916] (parking_robot_interfaces) StdoutLine: {'line': b'-- Up-to-date symlink: /home/rokey/p3/cobot_ws/install/parking_robot_interfaces/share/parking_robot_interfaces/srv/GetTaskStatus_Response.msg\n'}
[0.213971] (parking_robot_interfaces) StdoutLine: {'line': b'-- Up-to-date symlink: /home/rokey/p3/cobot_ws/install/parking_robot_interfaces/share/parking_robot_interfaces/srv/AcquireZones.srv\n'}
[0.214029] (parking_robot_interfaces) StdoutLine: {'line': b'-- Up-to-date symlink: /home/rokey/p3/cobot_ws/install/parking_robot_interfaces/share/parking_robot_interfaces/srv/AcquireZones_Request.msg\n'}
[0.214087] (parking_robot_interfaces) StdoutLine: {'line': b'-- Up-to-date symlink: /home/rokey/p3/cobot_ws/install/parking_robot_interfaces/share/parking_robot_interfaces/srv/AcquireZones_Response.msg\n'}
[0.214136] (parking_robot_interfaces) StdoutLine: {'line': b'-- Up-to-date symlink: /home/rokey/p3/cobot_ws/install/parking_robot_interfaces/share/parking_robot_interfaces/srv/ReleaseZones.srv\n'}
[0.214188] (parking_robot_interfaces) StdoutLine: {'line': b'-- Up-to-date symlink: /home/rokey/p3/cobot_ws/install/parking_robot_interfaces/share/parking_robot_interfaces/srv/ReleaseZones_Request.msg\n'}
[0.214240] (parking_robot_interfaces) StdoutLine: {'line': b'-- Up-to-date symlink: /home/rokey/p3/cobot_ws/install/parking_robot_interfaces/share/parking_robot_interfaces/srv/ReleaseZones_Response.msg\n'}
[0.214298] (parking_robot_interfaces) StdoutLine: {'line': b'-- Up-to-date symlink: /home/rokey/p3/cobot_ws/install/parking_robot_interfaces/share/parking_robot_interfaces/action/ExecuteParkingTask.action\n'}
[0.214348] (parking_robot_interfaces) StdoutLine: {'line': b'-- Up-to-date symlink: /home/rokey/p3/cobot_ws/install/parking_robot_interfaces/share/parking_robot_interfaces/action/DetectVehicle.action\n'}
[0.214401] (parking_robot_interfaces) StdoutLine: {'line': b'-- Up-to-date symlink: /home/rokey/p3/cobot_ws/install/parking_robot_interfaces/share/parking_robot_interfaces/action/AlignVehicle.action\n'}
[0.214446] (parking_robot_interfaces) StdoutLine: {'line': b'-- Up-to-date symlink: /home/rokey/p3/cobot_ws/install/parking_robot_interfaces/share/parking_robot_interfaces/action/ControlLift.action\n'}
[0.214501] (parking_robot_interfaces) StdoutLine: {'line': b'-- Up-to-date symlink: /home/rokey/p3/cobot_ws/install/parking_robot_interfaces/share/parking_robot_interfaces/action/IngressUnderTruck.action\n'}
[0.214520] (parking_robot_interfaces) StdoutLine: {'line': b'-- Up-to-date symlink: /home/rokey/p3/cobot_ws/install/parking_robot_interfaces/share/parking_robot_interfaces/action/CarryToSlot.action\n'}
[0.214541] (parking_robot_interfaces) StdoutLine: {'line': b'-- Up-to-date symlink: /home/rokey/p3/cobot_ws/install/parking_robot_interfaces/share/ament_index/resource_index/package_run_dependencies/parking_robot_interfaces\n'}
[0.214559] (parking_robot_interfaces) StdoutLine: {'line': b'-- Up-to-date symlink: /home/rokey/p3/cobot_ws/install/parking_robot_interfaces/share/ament_index/resource_index/parent_prefix_path/parking_robot_interfaces\n'}
[0.214578] (parking_robot_interfaces) StdoutLine: {'line': b'-- Up-to-date symlink: /home/rokey/p3/cobot_ws/install/parking_robot_interfaces/share/parking_robot_interfaces/environment/ament_prefix_path.sh\n'}
[0.214598] (parking_robot_interfaces) StdoutLine: {'line': b'-- Up-to-date symlink: /home/rokey/p3/cobot_ws/install/parking_robot_interfaces/share/parking_robot_interfaces/environment/ament_prefix_path.dsv\n'}
[0.214615] (parking_robot_interfaces) StdoutLine: {'line': b'-- Up-to-date symlink: /home/rokey/p3/cobot_ws/install/parking_robot_interfaces/share/parking_robot_interfaces/environment/path.sh\n'}
[0.214632] (parking_robot_interfaces) StdoutLine: {'line': b'-- Up-to-date symlink: /home/rokey/p3/cobot_ws/install/parking_robot_interfaces/share/parking_robot_interfaces/environment/path.dsv\n'}
[0.214648] (parking_robot_interfaces) StdoutLine: {'line': b'-- Up-to-date symlink: /home/rokey/p3/cobot_ws/install/parking_robot_interfaces/share/parking_robot_interfaces/local_setup.bash\n'}
[0.214664] (parking_robot_interfaces) StdoutLine: {'line': b'-- Up-to-date symlink: /home/rokey/p3/cobot_ws/install/parking_robot_interfaces/share/parking_robot_interfaces/local_setup.sh\n'}
[0.214680] (parking_robot_interfaces) StdoutLine: {'line': b'-- Up-to-date symlink: /home/rokey/p3/cobot_ws/install/parking_robot_interfaces/share/parking_robot_interfaces/local_setup.zsh\n'}
[0.214696] (parking_robot_interfaces) StdoutLine: {'line': b'-- Up-to-date symlink: /home/rokey/p3/cobot_ws/install/parking_robot_interfaces/share/parking_robot_interfaces/local_setup.dsv\n'}
[0.214712] (parking_robot_interfaces) StdoutLine: {'line': b'-- Symlinking: /home/rokey/p3/cobot_ws/install/parking_robot_interfaces/share/parking_robot_interfaces/package.dsv\n'}
[0.219537] (parking_robot_interfaces) StdoutLine: {'line': b'-- Up-to-date symlink: /home/rokey/p3/cobot_ws/install/parking_robot_interfaces/share/ament_index/resource_index/packages/parking_robot_interfaces\n'}
[0.219640] (parking_robot_interfaces) StdoutLine: {'line': b'-- Up-to-date symlink: /home/rokey/p3/cobot_ws/install/parking_robot_interfaces/share/parking_robot_interfaces/cmake/rosidl_cmake-extras.cmake\n'}
[0.219701] (parking_robot_interfaces) StdoutLine: {'line': b'-- Up-to-date symlink: /home/rokey/p3/cobot_ws/install/parking_robot_interfaces/share/parking_robot_interfaces/cmake/ament_cmake_export_dependencies-extras.cmake\n'}
[0.219756] (parking_robot_interfaces) StdoutLine: {'line': b'-- Up-to-date symlink: /home/rokey/p3/cobot_ws/install/parking_robot_interfaces/share/parking_robot_interfaces/cmake/ament_cmake_export_include_directories-extras.cmake\n'}
[0.219807] (parking_robot_interfaces) StdoutLine: {'line': b'-- Up-to-date symlink: /home/rokey/p3/cobot_ws/install/parking_robot_interfaces/share/parking_robot_interfaces/cmake/ament_cmake_export_libraries-extras.cmake\n'}
[0.220144] (parking_robot_interfaces) StdoutLine: {'line': b'-- Up-to-date symlink: /home/rokey/p3/cobot_ws/install/parking_robot_interfaces/share/parking_robot_interfaces/cmake/ament_cmake_export_targets-extras.cmake\n'}
[0.220178] (parking_robot_interfaces) StdoutLine: {'line': b'-- Up-to-date symlink: /home/rokey/p3/cobot_ws/install/parking_robot_interfaces/share/parking_robot_interfaces/cmake/rosidl_cmake_export_typesupport_targets-extras.cmake\n'}
[0.220198] (parking_robot_interfaces) StdoutLine: {'line': b'-- Up-to-date symlink: /home/rokey/p3/cobot_ws/install/parking_robot_interfaces/share/parking_robot_interfaces/cmake/rosidl_cmake_export_typesupport_libraries-extras.cmake\n'}
[0.220223] (parking_robot_interfaces) StdoutLine: {'line': b'-- Up-to-date symlink: /home/rokey/p3/cobot_ws/install/parking_robot_interfaces/share/parking_robot_interfaces/cmake/parking_robot_interfacesConfig.cmake\n'}
[0.220241] (parking_robot_interfaces) StdoutLine: {'line': b'-- Up-to-date symlink: /home/rokey/p3/cobot_ws/install/parking_robot_interfaces/share/parking_robot_interfaces/cmake/parking_robot_interfacesConfig-version.cmake\n'}
[0.221947] (parking_robot_interfaces) StdoutLine: {'line': b'-- Up-to-date symlink: /home/rokey/p3/cobot_ws/install/parking_robot_interfaces/share/parking_robot_interfaces/package.xml\n'}
[0.221985] (parking_robot_interfaces) StdoutLine: {'line': b'-- Up-to-date: /home/rokey/p3/cobot_ws/install/parking_robot_interfaces/lib/libparking_robot_interfaces__rosidl_generator_c.so\n'}
[0.222005] (parking_robot_interfaces) StdoutLine: {'line': b'-- Up-to-date: /home/rokey/p3/cobot_ws/install/parking_robot_interfaces/lib/libparking_robot_interfaces__rosidl_typesupport_fastrtps_c.so\n'}
[0.222024] (parking_robot_interfaces) StdoutLine: {'line': b'-- Up-to-date: /home/rokey/p3/cobot_ws/install/parking_robot_interfaces/lib/libparking_robot_interfaces__rosidl_typesupport_introspection_c.so\n'}
[0.222044] (parking_robot_interfaces) StdoutLine: {'line': b'-- Up-to-date: /home/rokey/p3/cobot_ws/install/parking_robot_interfaces/lib/libparking_robot_interfaces__rosidl_typesupport_c.so\n'}
[0.222063] (parking_robot_interfaces) StdoutLine: {'line': b'-- Up-to-date: /home/rokey/p3/cobot_ws/install/parking_robot_interfaces/lib/libparking_robot_interfaces__rosidl_typesupport_fastrtps_cpp.so\n'}
[0.222081] (parking_robot_interfaces) StdoutLine: {'line': b'-- Up-to-date: /home/rokey/p3/cobot_ws/install/parking_robot_interfaces/lib/libparking_robot_interfaces__rosidl_typesupport_introspection_cpp.so\n'}
[0.222098] (parking_robot_interfaces) StdoutLine: {'line': b'-- Up-to-date: /home/rokey/p3/cobot_ws/install/parking_robot_interfaces/lib/libparking_robot_interfaces__rosidl_typesupport_cpp.so\n'}
[0.236729] (parking_robot_interfaces) StdoutLine: {'line': b"Listing '/home/rokey/p3/cobot_ws/install/parking_robot_interfaces/local/lib/python3.10/dist-packages/parking_robot_interfaces'...\n"}
[0.236796] (parking_robot_interfaces) StdoutLine: {'line': b"Listing '/home/rokey/p3/cobot_ws/install/parking_robot_interfaces/local/lib/python3.10/dist-packages/parking_robot_interfaces/action'...\n"}
[0.236819] (parking_robot_interfaces) StdoutLine: {'line': b"Listing '/home/rokey/p3/cobot_ws/install/parking_robot_interfaces/local/lib/python3.10/dist-packages/parking_robot_interfaces/msg'...\n"}
[0.236846] (parking_robot_interfaces) StdoutLine: {'line': b"Listing '/home/rokey/p3/cobot_ws/install/parking_robot_interfaces/local/lib/python3.10/dist-packages/parking_robot_interfaces/srv'...\n"}
[0.239964] (parking_robot_interfaces) StdoutLine: {'line': b'-- Up-to-date: /home/rokey/p3/cobot_ws/install/parking_robot_interfaces/lib/libparking_robot_interfaces__rosidl_generator_py.so\n'}
[0.240031] (parking_robot_interfaces) StdoutLine: {'line': b'-- Up-to-date: /home/rokey/p3/cobot_ws/install/parking_robot_interfaces/share/parking_robot_interfaces/cmake/export_parking_robot_interfaces__rosidl_generator_cExport.cmake\n'}
[0.240071] (parking_robot_interfaces) StdoutLine: {'line': b'-- Up-to-date: /home/rokey/p3/cobot_ws/install/parking_robot_interfaces/share/parking_robot_interfaces/cmake/export_parking_robot_interfaces__rosidl_generator_cExport-noconfig.cmake\n'}
[0.240105] (parking_robot_interfaces) StdoutLine: {'line': b'-- Up-to-date: /home/rokey/p3/cobot_ws/install/parking_robot_interfaces/share/parking_robot_interfaces/cmake/export_parking_robot_interfaces__rosidl_typesupport_fastrtps_cExport.cmake\n'}
[0.240126] (parking_robot_interfaces) StdoutLine: {'line': b'-- Up-to-date: /home/rokey/p3/cobot_ws/install/parking_robot_interfaces/share/parking_robot_interfaces/cmake/export_parking_robot_interfaces__rosidl_typesupport_fastrtps_cExport-noconfig.cmake\n'}
[0.240224] (parking_robot_interfaces) StdoutLine: {'line': b'-- Up-to-date: /home/rokey/p3/cobot_ws/install/parking_robot_interfaces/share/parking_robot_interfaces/cmake/parking_robot_interfaces__rosidl_typesupport_introspection_cExport.cmake\n'}
[0.240286] (parking_robot_interfaces) StdoutLine: {'line': b'-- Up-to-date: /home/rokey/p3/cobot_ws/install/parking_robot_interfaces/share/parking_robot_interfaces/cmake/parking_robot_interfaces__rosidl_typesupport_introspection_cExport-noconfig.cmake\n'}
[0.240343] (parking_robot_interfaces) StdoutLine: {'line': b'-- Up-to-date: /home/rokey/p3/cobot_ws/install/parking_robot_interfaces/share/parking_robot_interfaces/cmake/parking_robot_interfaces__rosidl_typesupport_cExport.cmake\n'}
[0.240396] (parking_robot_interfaces) StdoutLine: {'line': b'-- Up-to-date: /home/rokey/p3/cobot_ws/install/parking_robot_interfaces/share/parking_robot_interfaces/cmake/parking_robot_interfaces__rosidl_typesupport_cExport-noconfig.cmake\n'}
[0.240448] (parking_robot_interfaces) StdoutLine: {'line': b'-- Up-to-date: /home/rokey/p3/cobot_ws/install/parking_robot_interfaces/share/parking_robot_interfaces/cmake/export_parking_robot_interfaces__rosidl_generator_cppExport.cmake\n'}
[0.240511] (parking_robot_interfaces) StdoutLine: {'line': b'-- Up-to-date: /home/rokey/p3/cobot_ws/install/parking_robot_interfaces/share/parking_robot_interfaces/cmake/export_parking_robot_interfaces__rosidl_typesupport_fastrtps_cppExport.cmake\n'}
[0.240530] (parking_robot_interfaces) StdoutLine: {'line': b'-- Up-to-date: /home/rokey/p3/cobot_ws/install/parking_robot_interfaces/share/parking_robot_interfaces/cmake/export_parking_robot_interfaces__rosidl_typesupport_fastrtps_cppExport-noconfig.cmake\n'}
[0.240547] (parking_robot_interfaces) StdoutLine: {'line': b'-- Up-to-date: /home/rokey/p3/cobot_ws/install/parking_robot_interfaces/share/parking_robot_interfaces/cmake/parking_robot_interfaces__rosidl_typesupport_introspection_cppExport.cmake\n'}
[0.240564] (parking_robot_interfaces) StdoutLine: {'line': b'-- Up-to-date: /home/rokey/p3/cobot_ws/install/parking_robot_interfaces/share/parking_robot_interfaces/cmake/parking_robot_interfaces__rosidl_typesupport_introspection_cppExport-noconfig.cmake\n'}
[0.240580] (parking_robot_interfaces) StdoutLine: {'line': b'-- Up-to-date: /home/rokey/p3/cobot_ws/install/parking_robot_interfaces/share/parking_robot_interfaces/cmake/parking_robot_interfaces__rosidl_typesupport_cppExport.cmake\n'}
[0.240597] (parking_robot_interfaces) StdoutLine: {'line': b'-- Up-to-date: /home/rokey/p3/cobot_ws/install/parking_robot_interfaces/share/parking_robot_interfaces/cmake/parking_robot_interfaces__rosidl_typesupport_cppExport-noconfig.cmake\n'}
[0.240974] (parking_robot_interfaces) StdoutLine: {'line': b'-- Up-to-date: /home/rokey/p3/cobot_ws/install/parking_robot_interfaces/share/parking_robot_interfaces/cmake/export_parking_robot_interfaces__rosidl_generator_pyExport.cmake\n'}
[0.241032] (parking_robot_interfaces) StdoutLine: {'line': b'-- Up-to-date: /home/rokey/p3/cobot_ws/install/parking_robot_interfaces/share/parking_robot_interfaces/cmake/export_parking_robot_interfaces__rosidl_generator_pyExport-noconfig.cmake\n'}
[0.243085] (parking_robot_interfaces) CommandEnded: {'returncode': 0}
[0.256243] (parking_robot_interfaces) JobEnded: {'identifier': 'parking_robot_interfaces', 'rc': 0}
[0.259438] (parkbot_motion) JobStarted: {'identifier': 'parkbot_motion'}
[0.262513] (parkbot_aruco) Command: {'cmd': ['/usr/bin/python3', '-W', 'ignore:setup.py install is deprecated', '-W', 'ignore:easy_install command is deprecated', 'setup.py', 'develop', '--uninstall', '--editable', '--build-directory', '/home/rokey/p3/cobot_ws/build/parkbot_aruco/build'], 'cwd': '/home/rokey/p3/cobot_ws/build/parkbot_aruco', 'env': {'GJS_DEBUG_TOPICS': 'JS ERROR;JS LOG', 'LESSOPEN': '| /usr/bin/lesspipe %s', 'LANGUAGE': 'ko:en', 'USER': 'rokey', 'LC_TIME': 'ko_KR.UTF-8', 'XDG_SESSION_TYPE': 'x11', 'SHLVL': '1', 'LD_LIBRARY_PATH': '/opt/ros/humble/opt/rviz_ogre_vendor/lib:/opt/ros/humble/lib/x86_64-linux-gnu:/opt/ros/humble/lib', 'HOME': '/home/rokey', 'OLDPWD': '/home/rokey', 'DESKTOP_SESSION': 'ubuntu', 'NVM_BIN': '/home/rokey/.nvm/versions/node/v24.18.0/bin', 'NVM_INC': '/home/rokey/.nvm/versions/node/v24.18.0/include/node', 'GIO_LAUNCHED_DESKTOP_FILE': '/usr/share/applications/terminator.desktop', 'ROS_PYTHON_VERSION': '3', 'GNOME_SHELL_SESSION_MODE': 'ubuntu', 'GTK_MODULES': 'gail:atk-bridge', 'LC_MONETARY': 'ko_KR.UTF-8', 'MANAGERPID': '2176', 'SYSTEMD_EXEC_PID': '2531', 'DBUS_SESSION_BUS_ADDRESS': 'unix:path=/run/user/1000/bus', 'COLORTERM': 'truecolor', 'TERMINATOR_DBUS_NAME': 'net.tenshu.Terminator23558193cd9818af7fe4d2c2f5bd9d00f', 'GIO_LAUNCHED_DESKTOP_FILE_PID': '6581', 'NVM_DIR': '/home/rokey/.nvm', 'ROS_DISTRO': 'humble', 'GTK_IM_MODULE': 'ibus', 'LOGNAME': 'rokey', 'JOURNAL_STREAM': '8:25857', '_': '/usr/bin/colcon', 'ROS_VERSION': '2', 'XDG_SESSION_CLASS': 'user', 'USERNAME': 'rokey', 'TERM': 'xterm-256color', 'GNOME_DESKTOP_SESSION_ID': 'this-is-deprecated', 'ROS_LOCALHOST_ONLY': '0', 'WINDOWPATH': '2', 'PATH': '/home/rokey/.nvm/versions/node/v24.18.0/bin:/opt/ros/humble/bin:/home/rokey/.local/bin:/usr/local/sbin:/usr/local/bin:/usr/sbin:/usr/bin:/sbin:/bin:/usr/games:/usr/local/games:/snap/bin:/snap/bin', 'SESSION_MANAGER': 'local/IsaacSim09:@/tmp/.ICE-unix/2507,unix/IsaacSim09:/tmp/.ICE-unix/2507', 'FASTRTPS_DEFAULT_PROFILES_FILE': '/home/rokey/.ros/fastdds_wired.xml', 'INVOCATION_ID': 'bf491cbed05e49b3ae06854c70296156', 'PAPERSIZE': 'a4', 'XDG_MENU_PREFIX': 'gnome-', 'LC_ADDRESS': 'ko_KR.UTF-8', 'XDG_RUNTIME_DIR': '/run/user/1000', 'DISPLAY': ':1', 'TERMINATOR_DBUS_PATH': '/net/tenshu/Terminator2', 'LANG': 'ko_KR.UTF-8', 'XDG_CURRENT_DESKTOP': 'ubuntu:GNOME', 'IBUS_DISABLE_SNOOPER': '1', 'LC_TELEPHONE': 'ko_KR.UTF-8', 'RMW_IMPLEMENTATION': 'rmw_fastrtps_cpp', 'XMODIFIERS': '@im=ibus', 'XDG_SESSION_DESKTOP': 'ubuntu', 'XAUTHORITY': '/run/user/1000/gdm/Xauthority', 'LS_COLORS': 'rs=0:di=01;34:ln=01;36:mh=00:pi=40;33:so=01;35:do=01;35:bd=40;33;01:cd=40;33;01:or=40;31;01:mi=00:su=37;41:sg=30;43:ca=30;41:tw=30;42:ow=34;42:st=37;44:ex=01;32:*.tar=01;31:*.tgz=01;31:*.arc=01;31:*.arj=01;31:*.taz=01;31:*.lha=01;31:*.lz4=01;31:*.lzh=01;31:*.lzma=01;31:*.tlz=01;31:*.txz=01;31:*.tzo=01;31:*.t7z=01;31:*.zip=01;31:*.z=01;31:*.dz=01;31:*.gz=01;31:*.lrz=01;31:*.lz=01;31:*.lzo=01;31:*.xz=01;31:*.zst=01;31:*.tzst=01;31:*.bz2=01;31:*.bz=01;31:*.tbz=01;31:*.tbz2=01;31:*.tz=01;31:*.deb=01;31:*.rpm=01;31:*.jar=01;31:*.war=01;31:*.ear=01;31:*.sar=01;31:*.rar=01;31:*.alz=01;31:*.ace=01;31:*.zoo=01;31:*.cpio=01;31:*.7z=01;31:*.rz=01;31:*.cab=01;31:*.wim=01;31:*.swm=01;31:*.dwm=01;31:*.esd=01;31:*.jpg=01;35:*.jpeg=01;35:*.mjpg=01;35:*.mjpeg=01;35:*.gif=01;35:*.bmp=01;35:*.pbm=01;35:*.pgm=01;35:*.ppm=01;35:*.tga=01;35:*.xbm=01;35:*.xpm=01;35:*.tif=01;35:*.tiff=01;35:*.png=01;35:*.svg=01;35:*.svgz=01;35:*.mng=01;35:*.pcx=01;35:*.mov=01;35:*.mpg=01;35:*.mpeg=01;35:*.m2v=01;35:*.mkv=01;35:*.webm=01;35:*.webp=01;35:*.ogm=01;35:*.mp4=01;35:*.m4v=01;35:*.mp4v=01;35:*.vob=01;35:*.qt=01;35:*.nuv=01;35:*.wmv=01;35:*.asf=01;35:*.rm=01;35:*.rmvb=01;35:*.flc=01;35:*.avi=01;35:*.fli=01;35:*.flv=01;35:*.gl=01;35:*.dl=01;35:*.xcf=01;35:*.xwd=01;35:*.yuv=01;35:*.cgm=01;35:*.emf=01;35:*.ogv=01;35:*.ogx=01;35:*.aac=00;36:*.au=00;36:*.flac=00;36:*.m4a=00;36:*.mid=00;36:*.midi=00;36:*.mka=00;36:*.mp3=00;36:*.mpc=00;36:*.ogg=00;36:*.ra=00;36:*.wav=00;36:*.oga=00;36:*.opus=00;36:*.spx=00;36:*.xspf=00;36:', 'SSH_AGENT_LAUNCHER': 'gnome-keyring', 'SSH_AUTH_SOCK': '/run/user/1000/keyring/ssh', 'ROS_DOMAIN_ID': '126', 'AMENT_PREFIX_PATH': '/opt/ros/humble', 'SHELL': '/bin/bash', 'LC_NAME': 'ko_KR.UTF-8', 'TERMINATOR_UUID': 'urn:uuid:b2e163e8-18b9-48d5-a255-6e74261ef47d', 'QT_ACCESSIBILITY': '1', 'GDMSESSION': 'ubuntu', 'LESSCLOSE': '/usr/bin/lesspipe %s %s', 'LC_MEASUREMENT': 'ko_KR.UTF-8', 'GPG_AGENT_INFO': '/run/user/1000/gnupg/S.gpg-agent:0:1', 'GJS_DEBUG_OUTPUT': 'stderr', 'LC_IDENTIFICATION': 'ko_KR.UTF-8', 'QT_IM_MODULE': 'ibus', 'PWD': '/home/rokey/p3/cobot_ws/build/parkbot_aruco', 'LC_ALL': 'en_US.UTF-8', 'XDG_CONFIG_DIRS': '/etc/xdg/xdg-ubuntu:/etc/xdg', 'NVM_CD_FLAGS': '', 'XDG_DATA_DIRS': '/usr/share/ubuntu:/usr/share/gnome:/home/rokey/.local/share/flatpak/exports/share:/var/lib/flatpak/exports/share:/usr/local/share/:/usr/share/:/var/lib/snapd/desktop', 'PYTHONPATH': '/home/rokey/p3/cobot_ws/build/parkbot_aruco/prefix_override:/usr/lib/python3/dist-packages/colcon_core/task/python/colcon_distutils_commands:/home/rokey/p3/cobot_ws/install/parkbot_aruco/lib/python3.10/site-packages:/opt/ros/humble/lib/python3.10/site-packages:/opt/ros/humble/local/lib/python3.10/dist-packages', 'LC_NUMERIC': 'ko_KR.UTF-8', 'LC_PAPER': 'ko_KR.UTF-8', 'COLCON': '1', 'VTE_VERSION': '6800'}, 'shell': False}
[0.300296] (-) TimerEvent: {}
[0.361831] (parkbot_aruco) StdoutLine: {'line': b'running develop\n'}
[0.400382] (-) TimerEvent: {}
[0.416200] (parkbot_aruco) StdoutLine: {'line': b'Removing /home/rokey/p3/cobot_ws/install/parkbot_aruco/lib/python3.10/site-packages/parkbot-aruco.egg-link (link to .)\n'}
[0.432042] (parkbot_aruco) CommandEnded: {'returncode': 0}
[0.432282] (parkbot_aruco) Command: {'cmd': ['/usr/bin/python3', '-W', 'ignore:setup.py install is deprecated', '-W', 'ignore:easy_install command is deprecated', 'setup.py', 'egg_info', '--egg-base', '../../build/parkbot_aruco', 'build', '--build-base', '/home/rokey/p3/cobot_ws/build/parkbot_aruco/build', 'install', '--record', '/home/rokey/p3/cobot_ws/build/parkbot_aruco/install.log', '--install-scripts', '$base/lib/parkbot_aruco', '--single-version-externally-managed', 'install_data', '--force'], 'cwd': '/home/rokey/p3/cobot_ws/src/parkbot_aruco', 'env': {'GJS_DEBUG_TOPICS': 'JS ERROR;JS LOG', 'LESSOPEN': '| /usr/bin/lesspipe %s', 'LANGUAGE': 'ko:en', 'USER': 'rokey', 'LC_TIME': 'ko_KR.UTF-8', 'XDG_SESSION_TYPE': 'x11', 'SHLVL': '1', 'LD_LIBRARY_PATH': '/opt/ros/humble/opt/rviz_ogre_vendor/lib:/opt/ros/humble/lib/x86_64-linux-gnu:/opt/ros/humble/lib', 'HOME': '/home/rokey', 'OLDPWD': '/home/rokey', 'DESKTOP_SESSION': 'ubuntu', 'NVM_BIN': '/home/rokey/.nvm/versions/node/v24.18.0/bin', 'NVM_INC': '/home/rokey/.nvm/versions/node/v24.18.0/include/node', 'GIO_LAUNCHED_DESKTOP_FILE': '/usr/share/applications/terminator.desktop', 'ROS_PYTHON_VERSION': '3', 'GNOME_SHELL_SESSION_MODE': 'ubuntu', 'GTK_MODULES': 'gail:atk-bridge', 'LC_MONETARY': 'ko_KR.UTF-8', 'MANAGERPID': '2176', 'SYSTEMD_EXEC_PID': '2531', 'DBUS_SESSION_BUS_ADDRESS': 'unix:path=/run/user/1000/bus', 'COLORTERM': 'truecolor', 'TERMINATOR_DBUS_NAME': 'net.tenshu.Terminator23558193cd9818af7fe4d2c2f5bd9d00f', 'GIO_LAUNCHED_DESKTOP_FILE_PID': '6581', 'NVM_DIR': '/home/rokey/.nvm', 'ROS_DISTRO': 'humble', 'GTK_IM_MODULE': 'ibus', 'LOGNAME': 'rokey', 'JOURNAL_STREAM': '8:25857', '_': '/usr/bin/colcon', 'ROS_VERSION': '2', 'XDG_SESSION_CLASS': 'user', 'USERNAME': 'rokey', 'TERM': 'xterm-256color', 'GNOME_DESKTOP_SESSION_ID': 'this-is-deprecated', 'ROS_LOCALHOST_ONLY': '0', 'WINDOWPATH': '2', 'PATH': '/home/rokey/.nvm/versions/node/v24.18.0/bin:/opt/ros/humble/bin:/home/rokey/.local/bin:/usr/local/sbin:/usr/local/bin:/usr/sbin:/usr/bin:/sbin:/bin:/usr/games:/usr/local/games:/snap/bin:/snap/bin', 'SESSION_MANAGER': 'local/IsaacSim09:@/tmp/.ICE-unix/2507,unix/IsaacSim09:/tmp/.ICE-unix/2507', 'FASTRTPS_DEFAULT_PROFILES_FILE': '/home/rokey/.ros/fastdds_wired.xml', 'INVOCATION_ID': 'bf491cbed05e49b3ae06854c70296156', 'PAPERSIZE': 'a4', 'XDG_MENU_PREFIX': 'gnome-', 'LC_ADDRESS': 'ko_KR.UTF-8', 'XDG_RUNTIME_DIR': '/run/user/1000', 'DISPLAY': ':1', 'TERMINATOR_DBUS_PATH': '/net/tenshu/Terminator2', 'LANG': 'ko_KR.UTF-8', 'XDG_CURRENT_DESKTOP': 'ubuntu:GNOME', 'IBUS_DISABLE_SNOOPER': '1', 'LC_TELEPHONE': 'ko_KR.UTF-8', 'RMW_IMPLEMENTATION': 'rmw_fastrtps_cpp', 'XMODIFIERS': '@im=ibus', 'XDG_SESSION_DESKTOP': 'ubuntu', 'XAUTHORITY': '/run/user/1000/gdm/Xauthority', 'LS_COLORS': 'rs=0:di=01;34:ln=01;36:mh=00:pi=40;33:so=01;35:do=01;35:bd=40;33;01:cd=40;33;01:or=40;31;01:mi=00:su=37;41:sg=30;43:ca=30;41:tw=30;42:ow=34;42:st=37;44:ex=01;32:*.tar=01;31:*.tgz=01;31:*.arc=01;31:*.arj=01;31:*.taz=01;31:*.lha=01;31:*.lz4=01;31:*.lzh=01;31:*.lzma=01;31:*.tlz=01;31:*.txz=01;31:*.tzo=01;31:*.t7z=01;31:*.zip=01;31:*.z=01;31:*.dz=01;31:*.gz=01;31:*.lrz=01;31:*.lz=01;31:*.lzo=01;31:*.xz=01;31:*.zst=01;31:*.tzst=01;31:*.bz2=01;31:*.bz=01;31:*.tbz=01;31:*.tbz2=01;31:*.tz=01;31:*.deb=01;31:*.rpm=01;31:*.jar=01;31:*.war=01;31:*.ear=01;31:*.sar=01;31:*.rar=01;31:*.alz=01;31:*.ace=01;31:*.zoo=01;31:*.cpio=01;31:*.7z=01;31:*.rz=01;31:*.cab=01;31:*.wim=01;31:*.swm=01;31:*.dwm=01;31:*.esd=01;31:*.jpg=01;35:*.jpeg=01;35:*.mjpg=01;35:*.mjpeg=01;35:*.gif=01;35:*.bmp=01;35:*.pbm=01;35:*.pgm=01;35:*.ppm=01;35:*.tga=01;35:*.xbm=01;35:*.xpm=01;35:*.tif=01;35:*.tiff=01;35:*.png=01;35:*.svg=01;35:*.svgz=01;35:*.mng=01;35:*.pcx=01;35:*.mov=01;35:*.mpg=01;35:*.mpeg=01;35:*.m2v=01;35:*.mkv=01;35:*.webm=01;35:*.webp=01;35:*.ogm=01;35:*.mp4=01;35:*.m4v=01;35:*.mp4v=01;35:*.vob=01;35:*.qt=01;35:*.nuv=01;35:*.wmv=01;35:*.asf=01;35:*.rm=01;35:*.rmvb=01;35:*.flc=01;35:*.avi=01;35:*.fli=01;35:*.flv=01;35:*.gl=01;35:*.dl=01;35:*.xcf=01;35:*.xwd=01;35:*.yuv=01;35:*.cgm=01;35:*.emf=01;35:*.ogv=01;35:*.ogx=01;35:*.aac=00;36:*.au=00;36:*.flac=00;36:*.m4a=00;36:*.mid=00;36:*.midi=00;36:*.mka=00;36:*.mp3=00;36:*.mpc=00;36:*.ogg=00;36:*.ra=00;36:*.wav=00;36:*.oga=00;36:*.opus=00;36:*.spx=00;36:*.xspf=00;36:', 'SSH_AGENT_LAUNCHER': 'gnome-keyring', 'SSH_AUTH_SOCK': '/run/user/1000/keyring/ssh', 'ROS_DOMAIN_ID': '126', 'AMENT_PREFIX_PATH': '/opt/ros/humble', 'SHELL': '/bin/bash', 'LC_NAME': 'ko_KR.UTF-8', 'TERMINATOR_UUID': 'urn:uuid:b2e163e8-18b9-48d5-a255-6e74261ef47d', 'QT_ACCESSIBILITY': '1', 'GDMSESSION': 'ubuntu', 'LESSCLOSE': '/usr/bin/lesspipe %s %s', 'LC_MEASUREMENT': 'ko_KR.UTF-8', 'GPG_AGENT_INFO': '/run/user/1000/gnupg/S.gpg-agent:0:1', 'GJS_DEBUG_OUTPUT': 'stderr', 'LC_IDENTIFICATION': 'ko_KR.UTF-8', 'QT_IM_MODULE': 'ibus', 'PWD': '/home/rokey/p3/cobot_ws/build/parkbot_aruco', 'LC_ALL': 'en_US.UTF-8', 'XDG_CONFIG_DIRS': '/etc/xdg/xdg-ubuntu:/etc/xdg', 'NVM_CD_FLAGS': '', 'XDG_DATA_DIRS': '/usr/share/ubuntu:/usr/share/gnome:/home/rokey/.local/share/flatpak/exports/share:/var/lib/flatpak/exports/share:/usr/local/share/:/usr/share/:/var/lib/snapd/desktop', 'PYTHONPATH': '/home/rokey/p3/cobot_ws/build/parkbot_aruco/prefix_override:/usr/lib/python3/dist-packages/colcon_core/task/python/colcon_distutils_commands:/home/rokey/p3/cobot_ws/install/parkbot_aruco/lib/python3.10/site-packages:/opt/ros/humble/lib/python3.10/site-packages:/opt/ros/humble/local/lib/python3.10/dist-packages', 'LC_NUMERIC': 'ko_KR.UTF-8', 'LC_PAPER': 'ko_KR.UTF-8', 'COLCON': '1', 'VTE_VERSION': '6800'}, 'shell': False}
[0.500655] (-) TimerEvent: {}
[0.512962] (parkbot_motion) Command: {'cmd': ['/usr/bin/python3', '-W', 'ignore:setup.py install is deprecated', '-W', 'ignore:easy_install command is deprecated', 'setup.py', 'develop', '--uninstall', '--editable', '--build-directory', '/home/rokey/p3/cobot_ws/build/parkbot_motion/build'], 'cwd': '/home/rokey/p3/cobot_ws/build/parkbot_motion', 'env': {'GJS_DEBUG_TOPICS': 'JS ERROR;JS LOG', 'LESSOPEN': '| /usr/bin/lesspipe %s', 'LANGUAGE': 'ko:en', 'USER': 'rokey', 'LC_TIME': 'ko_KR.UTF-8', 'XDG_SESSION_TYPE': 'x11', 'SHLVL': '1', 'LD_LIBRARY_PATH': '/home/rokey/p3/cobot_ws/install/parking_robot_interfaces/lib:/opt/ros/humble/opt/rviz_ogre_vendor/lib:/opt/ros/humble/lib/x86_64-linux-gnu:/opt/ros/humble/lib', 'HOME': '/home/rokey', 'OLDPWD': '/home/rokey', 'DESKTOP_SESSION': 'ubuntu', 'NVM_BIN': '/home/rokey/.nvm/versions/node/v24.18.0/bin', 'NVM_INC': '/home/rokey/.nvm/versions/node/v24.18.0/include/node', 'GIO_LAUNCHED_DESKTOP_FILE': '/usr/share/applications/terminator.desktop', 'ROS_PYTHON_VERSION': '3', 'GNOME_SHELL_SESSION_MODE': 'ubuntu', 'GTK_MODULES': 'gail:atk-bridge', 'LC_MONETARY': 'ko_KR.UTF-8', 'MANAGERPID': '2176', 'SYSTEMD_EXEC_PID': '2531', 'DBUS_SESSION_BUS_ADDRESS': 'unix:path=/run/user/1000/bus', 'COLORTERM': 'truecolor', 'TERMINATOR_DBUS_NAME': 'net.tenshu.Terminator23558193cd9818af7fe4d2c2f5bd9d00f', 'GIO_LAUNCHED_DESKTOP_FILE_PID': '6581', 'NVM_DIR': '/home/rokey/.nvm', 'ROS_DISTRO': 'humble', 'GTK_IM_MODULE': 'ibus', 'LOGNAME': 'rokey', 'JOURNAL_STREAM': '8:25857', '_': '/usr/bin/colcon', 'ROS_VERSION': '2', 'XDG_SESSION_CLASS': 'user', 'USERNAME': 'rokey', 'TERM': 'xterm-256color', 'GNOME_DESKTOP_SESSION_ID': 'this-is-deprecated', 'ROS_LOCALHOST_ONLY': '0', 'WINDOWPATH': '2', 'PATH': '/home/rokey/.nvm/versions/node/v24.18.0/bin:/opt/ros/humble/bin:/home/rokey/.local/bin:/usr/local/sbin:/usr/local/bin:/usr/sbin:/usr/bin:/sbin:/bin:/usr/games:/usr/local/games:/snap/bin:/snap/bin', 'SESSION_MANAGER': 'local/IsaacSim09:@/tmp/.ICE-unix/2507,unix/IsaacSim09:/tmp/.ICE-unix/2507', 'FASTRTPS_DEFAULT_PROFILES_FILE': '/home/rokey/.ros/fastdds_wired.xml', 'INVOCATION_ID': 'bf491cbed05e49b3ae06854c70296156', 'PAPERSIZE': 'a4', 'XDG_MENU_PREFIX': 'gnome-', 'LC_ADDRESS': 'ko_KR.UTF-8', 'XDG_RUNTIME_DIR': '/run/user/1000', 'DISPLAY': ':1', 'TERMINATOR_DBUS_PATH': '/net/tenshu/Terminator2', 'LANG': 'ko_KR.UTF-8', 'XDG_CURRENT_DESKTOP': 'ubuntu:GNOME', 'IBUS_DISABLE_SNOOPER': '1', 'LC_TELEPHONE': 'ko_KR.UTF-8', 'RMW_IMPLEMENTATION': 'rmw_fastrtps_cpp', 'XMODIFIERS': '@im=ibus', 'XDG_SESSION_DESKTOP': 'ubuntu', 'XAUTHORITY': '/run/user/1000/gdm/Xauthority', 'LS_COLORS': 'rs=0:di=01;34:ln=01;36:mh=00:pi=40;33:so=01;35:do=01;35:bd=40;33;01:cd=40;33;01:or=40;31;01:mi=00:su=37;41:sg=30;43:ca=30;41:tw=30;42:ow=34;42:st=37;44:ex=01;32:*.tar=01;31:*.tgz=01;31:*.arc=01;31:*.arj=01;31:*.taz=01;31:*.lha=01;31:*.lz4=01;31:*.lzh=01;31:*.lzma=01;31:*.tlz=01;31:*.txz=01;31:*.tzo=01;31:*.t7z=01;31:*.zip=01;31:*.z=01;31:*.dz=01;31:*.gz=01;31:*.lrz=01;31:*.lz=01;31:*.lzo=01;31:*.xz=01;31:*.zst=01;31:*.tzst=01;31:*.bz2=01;31:*.bz=01;31:*.tbz=01;31:*.tbz2=01;31:*.tz=01;31:*.deb=01;31:*.rpm=01;31:*.jar=01;31:*.war=01;31:*.ear=01;31:*.sar=01;31:*.rar=01;31:*.alz=01;31:*.ace=01;31:*.zoo=01;31:*.cpio=01;31:*.7z=01;31:*.rz=01;31:*.cab=01;31:*.wim=01;31:*.swm=01;31:*.dwm=01;31:*.esd=01;31:*.jpg=01;35:*.jpeg=01;35:*.mjpg=01;35:*.mjpeg=01;35:*.gif=01;35:*.bmp=01;35:*.pbm=01;35:*.pgm=01;35:*.ppm=01;35:*.tga=01;35:*.xbm=01;35:*.xpm=01;35:*.tif=01;35:*.tiff=01;35:*.png=01;35:*.svg=01;35:*.svgz=01;35:*.mng=01;35:*.pcx=01;35:*.mov=01;35:*.mpg=01;35:*.mpeg=01;35:*.m2v=01;35:*.mkv=01;35:*.webm=01;35:*.webp=01;35:*.ogm=01;35:*.mp4=01;35:*.m4v=01;35:*.mp4v=01;35:*.vob=01;35:*.qt=01;35:*.nuv=01;35:*.wmv=01;35:*.asf=01;35:*.rm=01;35:*.rmvb=01;35:*.flc=01;35:*.avi=01;35:*.fli=01;35:*.flv=01;35:*.gl=01;35:*.dl=01;35:*.xcf=01;35:*.xwd=01;35:*.yuv=01;35:*.cgm=01;35:*.emf=01;35:*.ogv=01;35:*.ogx=01;35:*.aac=00;36:*.au=00;36:*.flac=00;36:*.m4a=00;36:*.mid=00;36:*.midi=00;36:*.mka=00;36:*.mp3=00;36:*.mpc=00;36:*.ogg=00;36:*.ra=00;36:*.wav=00;36:*.oga=00;36:*.opus=00;36:*.spx=00;36:*.xspf=00;36:', 'SSH_AGENT_LAUNCHER': 'gnome-keyring', 'SSH_AUTH_SOCK': '/run/user/1000/keyring/ssh', 'ROS_DOMAIN_ID': '126', 'AMENT_PREFIX_PATH': '/home/rokey/p3/cobot_ws/install/parking_robot_interfaces:/opt/ros/humble', 'SHELL': '/bin/bash', 'LC_NAME': 'ko_KR.UTF-8', 'TERMINATOR_UUID': 'urn:uuid:b2e163e8-18b9-48d5-a255-6e74261ef47d', 'QT_ACCESSIBILITY': '1', 'GDMSESSION': 'ubuntu', 'LESSCLOSE': '/usr/bin/lesspipe %s %s', 'LC_MEASUREMENT': 'ko_KR.UTF-8', 'GPG_AGENT_INFO': '/run/user/1000/gnupg/S.gpg-agent:0:1', 'GJS_DEBUG_OUTPUT': 'stderr', 'LC_IDENTIFICATION': 'ko_KR.UTF-8', 'QT_IM_MODULE': 'ibus', 'PWD': '/home/rokey/p3/cobot_ws/build/parkbot_motion', 'LC_ALL': 'en_US.UTF-8', 'XDG_CONFIG_DIRS': '/etc/xdg/xdg-ubuntu:/etc/xdg', 'NVM_CD_FLAGS': '', 'XDG_DATA_DIRS': '/usr/share/ubuntu:/usr/share/gnome:/home/rokey/.local/share/flatpak/exports/share:/var/lib/flatpak/exports/share:/usr/local/share/:/usr/share/:/var/lib/snapd/desktop', 'PYTHONPATH': '/home/rokey/p3/cobot_ws/build/parkbot_motion/prefix_override:/usr/lib/python3/dist-packages/colcon_core/task/python/colcon_distutils_commands:/home/rokey/p3/cobot_ws/install/parkbot_motion/lib/python3.10/site-packages:/home/rokey/p3/cobot_ws/install/parking_robot_interfaces/local/lib/python3.10/dist-packages:/opt/ros/humble/lib/python3.10/site-packages:/opt/ros/humble/local/lib/python3.10/dist-packages', 'LC_NUMERIC': 'ko_KR.UTF-8', 'LC_PAPER': 'ko_KR.UTF-8', 'COLCON': '1', 'VTE_VERSION': '6800', 'CMAKE_PREFIX_PATH': '/home/rokey/p3/cobot_ws/install/parking_robot_interfaces'}, 'shell': False}
[0.525213] (parkbot_aruco) StdoutLine: {'line': b'running egg_info\n'}
[0.525743] (parkbot_aruco) StdoutLine: {'line': b'writing ../../build/parkbot_aruco/parkbot_aruco.egg-info/PKG-INFO\n'}
[0.525803] (parkbot_aruco) StdoutLine: {'line': b'writing dependency_links to ../../build/parkbot_aruco/parkbot_aruco.egg-info/dependency_links.txt\n'}
[0.525831] (parkbot_aruco) StdoutLine: {'line': b'writing entry points to ../../build/parkbot_aruco/parkbot_aruco.egg-info/entry_points.txt\n'}
[0.525854] (parkbot_aruco) StdoutLine: {'line': b'writing requirements to ../../build/parkbot_aruco/parkbot_aruco.egg-info/requires.txt\n'}
[0.525873] (parkbot_aruco) StdoutLine: {'line': b'writing top-level names to ../../build/parkbot_aruco/parkbot_aruco.egg-info/top_level.txt\n'}
[0.526422] (parkbot_aruco) StdoutLine: {'line': b"reading manifest file '../../build/parkbot_aruco/parkbot_aruco.egg-info/SOURCES.txt'\n"}
[0.526867] (parkbot_aruco) StdoutLine: {'line': b"writing manifest file '../../build/parkbot_aruco/parkbot_aruco.egg-info/SOURCES.txt'\n"}
[0.526928] (parkbot_aruco) StdoutLine: {'line': b'running build\n'}
[0.526957] (parkbot_aruco) StdoutLine: {'line': b'running build_py\n'}
[0.526981] (parkbot_aruco) StdoutLine: {'line': b'copying parkbot_aruco/marker_localizer_node.py -> /home/rokey/p3/cobot_ws/build/parkbot_aruco/build/lib/parkbot_aruco\n'}
[0.527004] (parkbot_aruco) StdoutLine: {'line': b'copying parkbot_aruco/marker_localizer.py -> /home/rokey/p3/cobot_ws/build/parkbot_aruco/build/lib/parkbot_aruco\n'}
[0.527042] (parkbot_aruco) StdoutLine: {'line': b'running install\n'}
[0.527078] (parkbot_aruco) StdoutLine: {'line': b'running install_lib\n'}
[0.527521] (parkbot_aruco) StdoutLine: {'line': b'creating /home/rokey/p3/cobot_ws/install/parkbot_aruco/lib/python3.10/site-packages/parkbot_aruco\n'}
[0.527588] (parkbot_aruco) StdoutLine: {'line': b'copying /home/rokey/p3/cobot_ws/build/parkbot_aruco/build/lib/parkbot_aruco/aruco_detector.py -> /home/rokey/p3/cobot_ws/install/parkbot_aruco/lib/python3.10/site-packages/parkbot_aruco\n'}
[0.527618] (parkbot_aruco) StdoutLine: {'line': b'copying /home/rokey/p3/cobot_ws/build/parkbot_aruco/build/lib/parkbot_aruco/marker_localizer_node.py -> /home/rokey/p3/cobot_ws/install/parkbot_aruco/lib/python3.10/site-packages/parkbot_aruco\n'}
[0.527643] (parkbot_aruco) StdoutLine: {'line': b'copying /home/rokey/p3/cobot_ws/build/parkbot_aruco/build/lib/parkbot_aruco/site_map_v4.py -> /home/rokey/p3/cobot_ws/install/parkbot_aruco/lib/python3.10/site-packages/parkbot_aruco\n'}
[0.527667] (parkbot_aruco) StdoutLine: {'line': b'copying /home/rokey/p3/cobot_ws/build/parkbot_aruco/build/lib/parkbot_aruco/marker_localizer.py -> /home/rokey/p3/cobot_ws/install/parkbot_aruco/lib/python3.10/site-packages/parkbot_aruco\n'}
[0.527689] (parkbot_aruco) StdoutLine: {'line': b'copying /home/rokey/p3/cobot_ws/build/parkbot_aruco/build/lib/parkbot_aruco/aruco_pose.py -> /home/rokey/p3/cobot_ws/install/parkbot_aruco/lib/python3.10/site-packages/parkbot_aruco\n'}
[0.527726] (parkbot_aruco) StdoutLine: {'line': b'copying /home/rokey/p3/cobot_ws/build/parkbot_aruco/build/lib/parkbot_aruco/__init__.py -> /home/rokey/p3/cobot_ws/install/parkbot_aruco/lib/python3.10/site-packages/parkbot_aruco\n'}
[0.527754] (parkbot_aruco) StdoutLine: {'line': b'copying /home/rokey/p3/cobot_ws/build/parkbot_aruco/build/lib/parkbot_aruco/pose_estimator.py -> /home/rokey/p3/cobot_ws/install/parkbot_aruco/lib/python3.10/site-packages/parkbot_aruco\n'}
[0.528346] (parkbot_aruco) StdoutLine: {'line': b'byte-compiling /home/rokey/p3/cobot_ws/install/parkbot_aruco/lib/python3.10/site-packages/parkbot_aruco/aruco_detector.py to aruco_detector.cpython-310.pyc\n'}
[0.529188] (parkbot_aruco) StdoutLine: {'line': b'byte-compiling /home/rokey/p3/cobot_ws/install/parkbot_aruco/lib/python3.10/site-packages/parkbot_aruco/marker_localizer_node.py to marker_localizer_node.cpython-310.pyc\n'}
[0.530437] (parkbot_aruco) StdoutLine: {'line': b'byte-compiling /home/rokey/p3/cobot_ws/install/parkbot_aruco/lib/python3.10/site-packages/parkbot_aruco/site_map_v4.py to site_map_v4.cpython-310.pyc\n'}
[0.530590] (parkbot_aruco) StdoutLine: {'line': b'byte-compiling /home/rokey/p3/cobot_ws/install/parkbot_aruco/lib/python3.10/site-packages/parkbot_aruco/marker_localizer.py to marker_localizer.cpython-310.pyc\n'}
[0.531222] (parkbot_aruco) StdoutLine: {'line': b'byte-compiling /home/rokey/p3/cobot_ws/install/parkbot_aruco/lib/python3.10/site-packages/parkbot_aruco/aruco_pose.py to aruco_pose.cpython-310.pyc\n'}
[0.531624] (parkbot_aruco) StdoutLine: {'line': b'byte-compiling /home/rokey/p3/cobot_ws/install/parkbot_aruco/lib/python3.10/site-packages/parkbot_aruco/__init__.py to __init__.cpython-310.pyc\n'}
[0.532185] (parkbot_aruco) StdoutLine: {'line': b'byte-compiling /home/rokey/p3/cobot_ws/install/parkbot_aruco/lib/python3.10/site-packages/parkbot_aruco/pose_estimator.py to pose_estimator.cpython-310.pyc\n'}
[0.532218] (parkbot_aruco) StdoutLine: {'line': b'running install_data\n'}
[0.532241] (parkbot_aruco) StdoutLine: {'line': b'copying resource/parkbot_aruco -> /home/rokey/p3/cobot_ws/install/parkbot_aruco/share/ament_index/resource_index/packages\n'}
[0.532262] (parkbot_aruco) StdoutLine: {'line': b'copying package.xml -> /home/rokey/p3/cobot_ws/install/parkbot_aruco/share/parkbot_aruco\n'}
[0.532282] (parkbot_aruco) StdoutLine: {'line': b'copying data/marker_map.json -> /home/rokey/p3/cobot_ws/install/parkbot_aruco/share/parkbot_aruco/data\n'}
[0.532299] (parkbot_aruco) StdoutLine: {'line': b'copying data/marker_map_v4.json -> /home/rokey/p3/cobot_ws/install/parkbot_aruco/share/parkbot_aruco/data\n'}
[0.532316] (parkbot_aruco) StdoutLine: {'line': b'running install_egg_info\n'}
[0.535076] (parkbot_aruco) StdoutLine: {'line': b'Copying ../../build/parkbot_aruco/parkbot_aruco.egg-info to /home/rokey/p3/cobot_ws/install/parkbot_aruco/lib/python3.10/site-packages/parkbot_aruco-0.1.0-py3.10.egg-info\n'}
[0.536072] (parkbot_aruco) StdoutLine: {'line': b'running install_scripts\n'}
[0.546062] (parkbot_aruco) StdoutLine: {'line': b'Installing aruco_detector script to /home/rokey/p3/cobot_ws/install/parkbot_aruco/lib/parkbot_aruco\n'}
[0.546146] (parkbot_aruco) StdoutLine: {'line': b'Installing marker_localizer_node script to /home/rokey/p3/cobot_ws/install/parkbot_aruco/lib/parkbot_aruco\n'}
[0.546173] (parkbot_aruco) StdoutLine: {'line': b"writing list of installed files to '/home/rokey/p3/cobot_ws/build/parkbot_aruco/install.log'\n"}
[0.556747] (parkbot_aruco) CommandEnded: {'returncode': 0}
[0.560327] (parkbot_aruco) JobEnded: {'identifier': 'parkbot_aruco', 'rc': 0}
[0.600828] (-) TimerEvent: {}
[0.628081] (parkbot_motion) StdoutLine: {'line': b'running develop\n'}
[0.681874] (parkbot_motion) StdoutLine: {'line': b'Removing /home/rokey/p3/cobot_ws/install/parkbot_motion/lib/python3.10/site-packages/parkbot-motion.egg-link (link to .)\n'}
[0.694716] (parkbot_motion) CommandEnded: {'returncode': 0}
[0.695386] (parkbot_motion) Command: {'cmd': ['/usr/bin/python3', '-W', 'ignore:setup.py install is deprecated', '-W', 'ignore:easy_install command is deprecated', 'setup.py', 'egg_info', '--egg-base', '../../build/parkbot_motion', 'build', '--build-base', '/home/rokey/p3/cobot_ws/build/parkbot_motion/build', 'install', '--record', '/home/rokey/p3/cobot_ws/build/parkbot_motion/install.log', '--install-scripts', '$base/lib/parkbot_motion', '--single-version-externally-managed', 'install_data', '--force'], 'cwd': '/home/rokey/p3/cobot_ws/src/parkbot_motion', 'env': {'GJS_DEBUG_TOPICS': 'JS ERROR;JS LOG', 'LESSOPEN': '| /usr/bin/lesspipe %s', 'LANGUAGE': 'ko:en', 'USER': 'rokey', 'LC_TIME': 'ko_KR.UTF-8', 'XDG_SESSION_TYPE': 'x11', 'SHLVL': '1', 'LD_LIBRARY_PATH': '/home/rokey/p3/cobot_ws/install/parking_robot_interfaces/lib:/opt/ros/humble/opt/rviz_ogre_vendor/lib:/opt/ros/humble/lib/x86_64-linux-gnu:/opt/ros/humble/lib', 'HOME': '/home/rokey', 'OLDPWD': '/home/rokey', 'DESKTOP_SESSION': 'ubuntu', 'NVM_BIN': '/home/rokey/.nvm/versions/node/v24.18.0/bin', 'NVM_INC': '/home/rokey/.nvm/versions/node/v24.18.0/include/node', 'GIO_LAUNCHED_DESKTOP_FILE': '/usr/share/applications/terminator.desktop', 'ROS_PYTHON_VERSION': '3', 'GNOME_SHELL_SESSION_MODE': 'ubuntu', 'GTK_MODULES': 'gail:atk-bridge', 'LC_MONETARY': 'ko_KR.UTF-8', 'MANAGERPID': '2176', 'SYSTEMD_EXEC_PID': '2531', 'DBUS_SESSION_BUS_ADDRESS': 'unix:path=/run/user/1000/bus', 'COLORTERM': 'truecolor', 'TERMINATOR_DBUS_NAME': 'net.tenshu.Terminator23558193cd9818af7fe4d2c2f5bd9d00f', 'GIO_LAUNCHED_DESKTOP_FILE_PID': '6581', 'NVM_DIR': '/home/rokey/.nvm', 'ROS_DISTRO': 'humble', 'GTK_IM_MODULE': 'ibus', 'LOGNAME': 'rokey', 'JOURNAL_STREAM': '8:25857', '_': '/usr/bin/colcon', 'ROS_VERSION': '2', 'XDG_SESSION_CLASS': 'user', 'USERNAME': 'rokey', 'TERM': 'xterm-256color', 'GNOME_DESKTOP_SESSION_ID': 'this-is-deprecated', 'ROS_LOCALHOST_ONLY': '0', 'WINDOWPATH': '2', 'PATH': '/home/rokey/.nvm/versions/node/v24.18.0/bin:/opt/ros/humble/bin:/home/rokey/.local/bin:/usr/local/sbin:/usr/local/bin:/usr/sbin:/usr/bin:/sbin:/bin:/usr/games:/usr/local/games:/snap/bin:/snap/bin', 'SESSION_MANAGER': 'local/IsaacSim09:@/tmp/.ICE-unix/2507,unix/IsaacSim09:/tmp/.ICE-unix/2507', 'FASTRTPS_DEFAULT_PROFILES_FILE': '/home/rokey/.ros/fastdds_wired.xml', 'INVOCATION_ID': 'bf491cbed05e49b3ae06854c70296156', 'PAPERSIZE': 'a4', 'XDG_MENU_PREFIX': 'gnome-', 'LC_ADDRESS': 'ko_KR.UTF-8', 'XDG_RUNTIME_DIR': '/run/user/1000', 'DISPLAY': ':1', 'TERMINATOR_DBUS_PATH': '/net/tenshu/Terminator2', 'LANG': 'ko_KR.UTF-8', 'XDG_CURRENT_DESKTOP': 'ubuntu:GNOME', 'IBUS_DISABLE_SNOOPER': '1', 'LC_TELEPHONE': 'ko_KR.UTF-8', 'RMW_IMPLEMENTATION': 'rmw_fastrtps_cpp', 'XMODIFIERS': '@im=ibus', 'XDG_SESSION_DESKTOP': 'ubuntu', 'XAUTHORITY': '/run/user/1000/gdm/Xauthority', 'LS_COLORS': 'rs=0:di=01;34:ln=01;36:mh=00:pi=40;33:so=01;35:do=01;35:bd=40;33;01:cd=40;33;01:or=40;31;01:mi=00:su=37;41:sg=30;43:ca=30;41:tw=30;42:ow=34;42:st=37;44:ex=01;32:*.tar=01;31:*.tgz=01;31:*.arc=01;31:*.arj=01;31:*.taz=01;31:*.lha=01;31:*.lz4=01;31:*.lzh=01;31:*.lzma=01;31:*.tlz=01;31:*.txz=01;31:*.tzo=01;31:*.t7z=01;31:*.zip=01;31:*.z=01;31:*.dz=01;31:*.gz=01;31:*.lrz=01;31:*.lz=01;31:*.lzo=01;31:*.xz=01;31:*.zst=01;31:*.tzst=01;31:*.bz2=01;31:*.bz=01;31:*.tbz=01;31:*.tbz2=01;31:*.tz=01;31:*.deb=01;31:*.rpm=01;31:*.jar=01;31:*.war=01;31:*.ear=01;31:*.sar=01;31:*.rar=01;31:*.alz=01;31:*.ace=01;31:*.zoo=01;31:*.cpio=01;31:*.7z=01;31:*.rz=01;31:*.cab=01;31:*.wim=01;31:*.swm=01;31:*.dwm=01;31:*.esd=01;31:*.jpg=01;35:*.jpeg=01;35:*.mjpg=01;35:*.mjpeg=01;35:*.gif=01;35:*.bmp=01;35:*.pbm=01;35:*.pgm=01;35:*.ppm=01;35:*.tga=01;35:*.xbm=01;35:*.xpm=01;35:*.tif=01;35:*.tiff=01;35:*.png=01;35:*.svg=01;35:*.svgz=01;35:*.mng=01;35:*.pcx=01;35:*.mov=01;35:*.mpg=01;35:*.mpeg=01;35:*.m2v=01;35:*.mkv=01;35:*.webm=01;35:*.webp=01;35:*.ogm=01;35:*.mp4=01;35:*.m4v=01;35:*.mp4v=01;35:*.vob=01;35:*.qt=01;35:*.nuv=01;35:*.wmv=01;35:*.asf=01;35:*.rm=01;35:*.rmvb=01;35:*.flc=01;35:*.avi=01;35:*.fli=01;35:*.flv=01;35:*.gl=01;35:*.dl=01;35:*.xcf=01;35:*.xwd=01;35:*.yuv=01;35:*.cgm=01;35:*.emf=01;35:*.ogv=01;35:*.ogx=01;35:*.aac=00;36:*.au=00;36:*.flac=00;36:*.m4a=00;36:*.mid=00;36:*.midi=00;36:*.mka=00;36:*.mp3=00;36:*.mpc=00;36:*.ogg=00;36:*.ra=00;36:*.wav=00;36:*.oga=00;36:*.opus=00;36:*.spx=00;36:*.xspf=00;36:', 'SSH_AGENT_LAUNCHER': 'gnome-keyring', 'SSH_AUTH_SOCK': '/run/user/1000/keyring/ssh', 'ROS_DOMAIN_ID': '126', 'AMENT_PREFIX_PATH': '/home/rokey/p3/cobot_ws/install/parking_robot_interfaces:/opt/ros/humble', 'SHELL': '/bin/bash', 'LC_NAME': 'ko_KR.UTF-8', 'TERMINATOR_UUID': 'urn:uuid:b2e163e8-18b9-48d5-a255-6e74261ef47d', 'QT_ACCESSIBILITY': '1', 'GDMSESSION': 'ubuntu', 'LESSCLOSE': '/usr/bin/lesspipe %s %s', 'LC_MEASUREMENT': 'ko_KR.UTF-8', 'GPG_AGENT_INFO': '/run/user/1000/gnupg/S.gpg-agent:0:1', 'GJS_DEBUG_OUTPUT': 'stderr', 'LC_IDENTIFICATION': 'ko_KR.UTF-8', 'QT_IM_MODULE': 'ibus', 'PWD': '/home/rokey/p3/cobot_ws/build/parkbot_motion', 'LC_ALL': 'en_US.UTF-8', 'XDG_CONFIG_DIRS': '/etc/xdg/xdg-ubuntu:/etc/xdg', 'NVM_CD_FLAGS': '', 'XDG_DATA_DIRS': '/usr/share/ubuntu:/usr/share/gnome:/home/rokey/.local/share/flatpak/exports/share:/var/lib/flatpak/exports/share:/usr/local/share/:/usr/share/:/var/lib/snapd/desktop', 'PYTHONPATH': '/home/rokey/p3/cobot_ws/build/parkbot_motion/prefix_override:/usr/lib/python3/dist-packages/colcon_core/task/python/colcon_distutils_commands:/home/rokey/p3/cobot_ws/install/parkbot_motion/lib/python3.10/site-packages:/home/rokey/p3/cobot_ws/install/parking_robot_interfaces/local/lib/python3.10/dist-packages:/opt/ros/humble/lib/python3.10/site-packages:/opt/ros/humble/local/lib/python3.10/dist-packages', 'LC_NUMERIC': 'ko_KR.UTF-8', 'LC_PAPER': 'ko_KR.UTF-8', 'COLCON': '1', 'VTE_VERSION': '6800', 'CMAKE_PREFIX_PATH': '/home/rokey/p3/cobot_ws/install/parking_robot_interfaces'}, 'shell': False}
[0.700845] (-) TimerEvent: {}
[0.786627] (parkbot_motion) StdoutLine: {'line': b'running egg_info\n'}
[0.786752] (parkbot_motion) StdoutLine: {'line': b'writing ../../build/parkbot_motion/parkbot_motion.egg-info/PKG-INFO\n'}
[0.786789] (parkbot_motion) StdoutLine: {'line': b'writing dependency_links to ../../build/parkbot_motion/parkbot_motion.egg-info/dependency_links.txt\n'}
[0.787086] (parkbot_motion) StdoutLine: {'line': b'writing entry points to ../../build/parkbot_motion/parkbot_motion.egg-info/entry_points.txt\n'}
[0.787152] (parkbot_motion) StdoutLine: {'line': b'writing requirements to ../../build/parkbot_motion/parkbot_motion.egg-info/requires.txt\n'}
[0.787184] (parkbot_motion) StdoutLine: {'line': b'writing top-level names to ../../build/parkbot_motion/parkbot_motion.egg-info/top_level.txt\n'}
[0.787749] (parkbot_motion) StdoutLine: {'line': b"reading manifest file '../../build/parkbot_motion/parkbot_motion.egg-info/SOURCES.txt'\n"}
[0.788322] (parkbot_motion) StdoutLine: {'line': b"writing manifest file '../../build/parkbot_motion/parkbot_motion.egg-info/SOURCES.txt'\n"}
[0.788407] (parkbot_motion) StdoutLine: {'line': b'running build\n'}
[0.788436] (parkbot_motion) StdoutLine: {'line': b'running build_py\n'}
[0.788486] (parkbot_motion) StdoutLine: {'line': b'copying parkbot_motion/pose_controller_node.py -> /home/rokey/p3/cobot_ws/build/parkbot_motion/build/lib/parkbot_motion\n'}
[0.788514] (parkbot_motion) StdoutLine: {'line': b'copying parkbot_motion/pickup_orchestrator_node.py -> /home/rokey/p3/cobot_ws/build/parkbot_motion/build/lib/parkbot_motion\n'}
[0.788543] (parkbot_motion) StdoutLine: {'line': b'copying parkbot_motion/ingress_node.py -> /home/rokey/p3/cobot_ws/build/parkbot_motion/build/lib/parkbot_motion\n'}
[0.788798] (parkbot_motion) StdoutLine: {'line': b'copying parkbot_motion/carry_action_server.py -> /home/rokey/p3/cobot_ws/build/parkbot_motion/build/lib/parkbot_motion\n'}
[0.788823] (parkbot_motion) StdoutLine: {'line': b'copying parkbot_motion/pickup_choreography.py -> /home/rokey/p3/cobot_ws/build/parkbot_motion/build/lib/parkbot_motion\n'}
[0.788863] (parkbot_motion) StdoutLine: {'line': b'copying parkbot_motion/mission_control.py -> /home/rokey/p3/cobot_ws/build/parkbot_motion/build/lib/parkbot_motion\n'}
[0.788915] (parkbot_motion) StdoutLine: {'line': b'copying parkbot_motion/pose_controller.py -> /home/rokey/p3/cobot_ws/build/parkbot_motion/build/lib/parkbot_motion\n'}
[0.788992] (parkbot_motion) StdoutLine: {'line': b'copying parkbot_motion/formation.py -> /home/rokey/p3/cobot_ws/build/parkbot_motion/build/lib/parkbot_motion\n'}
[0.789104] (parkbot_motion) StdoutLine: {'line': b'copying parkbot_motion/ingress_control.py -> /home/rokey/p3/cobot_ws/build/parkbot_motion/build/lib/parkbot_motion\n'}
[0.789263] (parkbot_motion) StdoutLine: {'line': b'running install\n'}
[0.789434] (parkbot_motion) StdoutLine: {'line': b'running install_lib\n'}
[0.789735] (parkbot_motion) StdoutLine: {'line': b'creating /home/rokey/p3/cobot_ws/install/parkbot_motion/lib/python3.10/site-packages/parkbot_motion\n'}
[0.789790] (parkbot_motion) StdoutLine: {'line': b'copying /home/rokey/p3/cobot_ws/build/parkbot_motion/build/lib/parkbot_motion/pose_controller_node.py -> /home/rokey/p3/cobot_ws/install/parkbot_motion/lib/python3.10/site-packages/parkbot_motion\n'}
[0.789842] (parkbot_motion) StdoutLine: {'line': b'copying /home/rokey/p3/cobot_ws/build/parkbot_motion/build/lib/parkbot_motion/pickup_orchestrator_node.py -> /home/rokey/p3/cobot_ws/install/parkbot_motion/lib/python3.10/site-packages/parkbot_motion\n'}
[0.789946] (parkbot_motion) StdoutLine: {'line': b'copying /home/rokey/p3/cobot_ws/build/parkbot_motion/build/lib/parkbot_motion/mecanum_kinematics.py -> /home/rokey/p3/cobot_ws/install/parkbot_motion/lib/python3.10/site-packages/parkbot_motion\n'}
[0.789980] (parkbot_motion) StdoutLine: {'line': b'copying /home/rokey/p3/cobot_ws/build/parkbot_motion/build/lib/parkbot_motion/ingress_node.py -> /home/rokey/p3/cobot_ws/install/parkbot_motion/lib/python3.10/site-packages/parkbot_motion\n'}
[0.790018] (parkbot_motion) StdoutLine: {'line': b'copying /home/rokey/p3/cobot_ws/build/parkbot_motion/build/lib/parkbot_motion/carry_action_server.py -> /home/rokey/p3/cobot_ws/install/parkbot_motion/lib/python3.10/site-packages/parkbot_motion\n'}
[0.790071] (parkbot_motion) StdoutLine: {'line': b'copying /home/rokey/p3/cobot_ws/build/parkbot_motion/build/lib/parkbot_motion/pickup_choreography.py -> /home/rokey/p3/cobot_ws/install/parkbot_motion/lib/python3.10/site-packages/parkbot_motion\n'}
[0.790125] (parkbot_motion) StdoutLine: {'line': b'copying /home/rokey/p3/cobot_ws/build/parkbot_motion/build/lib/parkbot_motion/lift_action_server.py -> /home/rokey/p3/cobot_ws/install/parkbot_motion/lib/python3.10/site-packages/parkbot_motion\n'}
[0.790214] (parkbot_motion) StdoutLine: {'line': b'copying /home/rokey/p3/cobot_ws/build/parkbot_motion/build/lib/parkbot_motion/axle_detector_node.py -> /home/rokey/p3/cobot_ws/install/parkbot_motion/lib/python3.10/site-packages/parkbot_motion\n'}
[0.791165] (parkbot_motion) StdoutLine: {'line': b'copying /home/rokey/p3/cobot_ws/build/parkbot_motion/build/lib/parkbot_motion/axle_center.py -> /home/rokey/p3/cobot_ws/install/parkbot_motion/lib/python3.10/site-packages/parkbot_motion\n'}
[0.791192] (parkbot_motion) StdoutLine: {'line': b'copying /home/rokey/p3/cobot_ws/build/parkbot_motion/build/lib/parkbot_motion/__init__.py -> /home/rokey/p3/cobot_ws/install/parkbot_motion/lib/python3.10/site-packages/parkbot_motion\n'}
[0.791213] (parkbot_motion) StdoutLine: {'line': b'copying /home/rokey/p3/cobot_ws/build/parkbot_motion/build/lib/parkbot_motion/mission_control.py -> /home/rokey/p3/cobot_ws/install/parkbot_motion/lib/python3.10/site-packages/parkbot_motion\n'}
[0.791237] (parkbot_motion) StdoutLine: {'line': b'copying /home/rokey/p3/cobot_ws/build/parkbot_motion/build/lib/parkbot_motion/pose_controller.py -> /home/rokey/p3/cobot_ws/install/parkbot_motion/lib/python3.10/site-packages/parkbot_motion\n'}
[0.791254] (parkbot_motion) StdoutLine: {'line': b'copying /home/rokey/p3/cobot_ws/build/parkbot_motion/build/lib/parkbot_motion/formation.py -> /home/rokey/p3/cobot_ws/install/parkbot_motion/lib/python3.10/site-packages/parkbot_motion\n'}
[0.791271] (parkbot_motion) StdoutLine: {'line': b'copying /home/rokey/p3/cobot_ws/build/parkbot_motion/build/lib/parkbot_motion/wheel_odometry.py -> /home/rokey/p3/cobot_ws/install/parkbot_motion/lib/python3.10/site-packages/parkbot_motion\n'}
[0.791288] (parkbot_motion) StdoutLine: {'line': b'copying /home/rokey/p3/cobot_ws/build/parkbot_motion/build/lib/parkbot_motion/depth_stop_detector.py -> /home/rokey/p3/cobot_ws/install/parkbot_motion/lib/python3.10/site-packages/parkbot_motion\n'}
[0.791304] (parkbot_motion) StdoutLine: {'line': b'copying /home/rokey/p3/cobot_ws/build/parkbot_motion/build/lib/parkbot_motion/ingress_control.py -> /home/rokey/p3/cobot_ws/install/parkbot_motion/lib/python3.10/site-packages/parkbot_motion\n'}
[0.791475] (parkbot_motion) StdoutLine: {'line': b'byte-compiling /home/rokey/p3/cobot_ws/install/parkbot_motion/lib/python3.10/site-packages/parkbot_motion/pose_controller_node.py to pose_controller_node.cpython-310.pyc\n'}
[0.792621] (parkbot_motion) StdoutLine: {'line': b'byte-compiling /home/rokey/p3/cobot_ws/install/parkbot_motion/lib/python3.10/site-packages/parkbot_motion/pickup_orchestrator_node.py to pickup_orchestrator_node.cpython-310.pyc\n'}
[0.795542] (parkbot_motion) StdoutLine: {'line': b'byte-compiling /home/rokey/p3/cobot_ws/install/parkbot_motion/lib/python3.10/site-packages/parkbot_motion/mecanum_kinematics.py to mecanum_kinematics.cpython-310.pyc\n'}
[0.795645] (parkbot_motion) StdoutLine: {'line': b'byte-compiling /home/rokey/p3/cobot_ws/install/parkbot_motion/lib/python3.10/site-packages/parkbot_motion/ingress_node.py to ingress_node.cpython-310.pyc\n'}
[0.796281] (parkbot_motion) StdoutLine: {'line': b'byte-compiling /home/rokey/p3/cobot_ws/install/parkbot_motion/lib/python3.10/site-packages/parkbot_motion/carry_action_server.py to carry_action_server.cpython-310.pyc\n'}
[0.797166] (parkbot_motion) StdoutLine: {'line': b'byte-compiling /home/rokey/p3/cobot_ws/install/parkbot_motion/lib/python3.10/site-packages/parkbot_motion/pickup_choreography.py to pickup_choreography.cpython-310.pyc\n'}
[0.797541] (parkbot_motion) StdoutLine: {'line': b'byte-compiling /home/rokey/p3/cobot_ws/install/parkbot_motion/lib/python3.10/site-packages/parkbot_motion/lift_action_server.py to lift_action_server.cpython-310.pyc\n'}
[0.797869] (parkbot_motion) StdoutLine: {'line': b'byte-compiling /home/rokey/p3/cobot_ws/install/parkbot_motion/lib/python3.10/site-packages/parkbot_motion/axle_detector_node.py to axle_detector_node.cpython-310.pyc\n'}
[0.798431] (parkbot_motion) StdoutLine: {'line': b'byte-compiling /home/rokey/p3/cobot_ws/install/parkbot_motion/lib/python3.10/site-packages/parkbot_motion/axle_center.py to axle_center.cpython-310.pyc\n'}
[0.798704] (parkbot_motion) StdoutLine: {'line': b'byte-compiling /home/rokey/p3/cobot_ws/install/parkbot_motion/lib/python3.10/site-packages/parkbot_motion/__init__.py to __init__.cpython-310.pyc\n'}
[0.798765] (parkbot_motion) StdoutLine: {'line': b'byte-compiling /home/rokey/p3/cobot_ws/install/parkbot_motion/lib/python3.10/site-packages/parkbot_motion/mission_control.py to mission_control.cpython-310.pyc\n'}
[0.799010] (parkbot_motion) StdoutLine: {'line': b'byte-compiling /home/rokey/p3/cobot_ws/install/parkbot_motion/lib/python3.10/site-packages/parkbot_motion/pose_controller.py to pose_controller.cpython-310.pyc\n'}
[0.799384] (parkbot_motion) StdoutLine: {'line': b'byte-compiling /home/rokey/p3/cobot_ws/install/parkbot_motion/lib/python3.10/site-packages/parkbot_motion/formation.py to formation.cpython-310.pyc\n'}
[0.799795] (parkbot_motion) StdoutLine: {'line': b'byte-compiling /home/rokey/p3/cobot_ws/install/parkbot_motion/lib/python3.10/site-packages/parkbot_motion/wheel_odometry.py to wheel_odometry.cpython-310.pyc\n'}
[0.799960] (parkbot_motion) StdoutLine: {'line': b'byte-compiling /home/rokey/p3/cobot_ws/install/parkbot_motion/lib/python3.10/site-packages/parkbot_motion/depth_stop_detector.py to depth_stop_detector.cpython-310.pyc\n'}
[0.800193] (parkbot_motion) StdoutLine: {'line': b'byte-compiling /home/rokey/p3/cobot_ws/install/parkbot_motion/lib/python3.10/site-packages/parkbot_motion/ingress_control.py to ingress_control.cpython-310.pyc\n'}
[0.800661] (parkbot_motion) StdoutLine: {'line': b'running install_data\n'}
[0.800720] (parkbot_motion) StdoutLine: {'line': b'copying resource/parkbot_motion -> /home/rokey/p3/cobot_ws/install/parkbot_motion/share/ament_index/resource_index/packages\n'}
[0.800788] (parkbot_motion) StdoutLine: {'line': b'copying package.xml -> /home/rokey/p3/cobot_ws/install/parkbot_motion/share/parkbot_motion\n'}
[0.800846] (parkbot_motion) StdoutLine: {'line': b'copying launch/nodes.launch.py -> /home/rokey/p3/cobot_ws/install/parkbot_motion/share/parkbot_motion/launch\n'}
[0.800867] (-) TimerEvent: {}
[0.801013] (parkbot_motion) StdoutLine: {'line': b'running install_egg_info\n'}
[0.801739] (parkbot_motion) StdoutLine: {'line': b'Copying ../../build/parkbot_motion/parkbot_motion.egg-info to /home/rokey/p3/cobot_ws/install/parkbot_motion/lib/python3.10/site-packages/parkbot_motion-0.1.0-py3.10.egg-info\n'}
[0.802032] (parkbot_motion) StdoutLine: {'line': b'running install_scripts\n'}
[0.811006] (parkbot_motion) StdoutLine: {'line': b'Installing axle_detector_node script to /home/rokey/p3/cobot_ws/install/parkbot_motion/lib/parkbot_motion\n'}
[0.811189] (parkbot_motion) StdoutLine: {'line': b'Installing carry_action_server script to /home/rokey/p3/cobot_ws/install/parkbot_motion/lib/parkbot_motion\n'}
[0.811293] (parkbot_motion) StdoutLine: {'line': b'Installing ingress_node script to /home/rokey/p3/cobot_ws/install/parkbot_motion/lib/parkbot_motion\n'}
[0.811314] (parkbot_motion) StdoutLine: {'line': b'Installing lift_action_server script to /home/rokey/p3/cobot_ws/install/parkbot_motion/lib/parkbot_motion\n'}
[0.811334] (parkbot_motion) StdoutLine: {'line': b'Installing pickup_orchestrator_node script to /home/rokey/p3/cobot_ws/install/parkbot_motion/lib/parkbot_motion\n'}
[0.811353] (parkbot_motion) StdoutLine: {'line': b'Installing pose_controller_node script to /home/rokey/p3/cobot_ws/install/parkbot_motion/lib/parkbot_motion\n'}
[0.811456] (parkbot_motion) StdoutLine: {'line': b"writing list of installed files to '/home/rokey/p3/cobot_ws/build/parkbot_motion/install.log'\n"}
[0.825480] (parkbot_motion) CommandEnded: {'returncode': 0}
[0.829670] (parkbot_motion) JobEnded: {'identifier': 'parkbot_motion', 'rc': 0}
[0.830089] (-) EventReactorShutdown: {}
