-- Found ament_cmake: 1.3.14 (/opt/ros/humble/share/ament_cmake/cmake)
-- Override CMake install command with custom implementation using symlinks instead of copying resources
-- Found rosidl_default_generators: 1.2.1 (/opt/ros/humble/share/rosidl_default_generators/cmake)
-- Using all available rosidl_typesupport_c: rosidl_typesupport_fastrtps_c;rosidl_typesupport_introspection_c
-- Found rosidl_adapter: 3.1.8 (/opt/ros/humble/share/rosidl_adapter/cmake)
-- Using all available rosidl_typesupport_cpp: rosidl_typesupport_fastrtps_cpp;rosidl_typesupport_introspection_cpp
-- Found geometry_msgs: 4.9.1 (/opt/ros/humble/share/geometry_msgs/cmake)
-- Found ament_cmake_ros: 0.10.0 (/opt/ros/humble/share/ament_cmake_ros/cmake)
-- Using all available rosidl_typesupport_c: rosidl_typesupport_fastrtps_c;rosidl_typesupport_introspection_c
-- Using all available rosidl_typesupport_cpp: rosidl_typesupport_fastrtps_cpp;rosidl_typesupport_introspection_cpp
-- Found python_cmake_module: 0.10.0 (/opt/ros/humble/share/python_cmake_module/cmake)
-- Using PYTHON_EXECUTABLE: /usr/bin/python3
-- Using PYTHON_INCLUDE_DIRS: /usr/include/python3.10
-- Using PYTHON_LIBRARIES: /usr/lib/x86_64-linux-gnu/libpython3.10.so
-- Configuring done
-- Generating done
-- Build files have been written to: /home/rokey/p3/cobot_ws/build/parking_robot_interfaces
[  0%] Generating C code for ROS interfaces
[  0%] Generating C++ code for ROS interfaces
[  1%] Generating Rust code for ROS interfaces
[  1%] Built target ament_cmake_python_symlink_parking_robot_interfaces
running egg_info
writing parking_robot_interfaces.egg-info/PKG-INFO
writing dependency_links to parking_robot_interfaces.egg-info/dependency_links.txt
writing top-level names to parking_robot_interfaces.egg-info/top_level.txt
reading manifest file 'parking_robot_interfaces.egg-info/SOURCES.txt'
writing manifest file 'parking_robot_interfaces.egg-info/SOURCES.txt'
[  1%] Built target ament_cmake_python_build_parking_robot_interfaces_egg
[  1%] Built target parking_robot_interfaces__rs
[  1%] Built target parking_robot_interfaces__cpp
Consolidate compiler generated dependencies of target parking_robot_interfaces__rosidl_generator_c
[  2%] Generating C++ type support for eProsima Fast-RTPS
[  3%] Generating C++ introspection for ROS interfaces
[  4%] Generating C++ type support dispatch for ROS interfaces
[  5%] Building C object CMakeFiles/parking_robot_interfaces__rosidl_generator_c.dir/rosidl_generator_c/parking_robot_interfaces/msg/detail/obstacle_alert__functions.c.o
[  6%] Building C object CMakeFiles/parking_robot_interfaces__rosidl_generator_c.dir/rosidl_generator_c/parking_robot_interfaces/msg/detail/vehicle_info__functions.c.o
[  6%] Building C object CMakeFiles/parking_robot_interfaces__rosidl_generator_c.dir/rosidl_generator_c/parking_robot_interfaces/msg/detail/task_state__functions.c.o
[  7%] Building C object CMakeFiles/parking_robot_interfaces__rosidl_generator_c.dir/rosidl_generator_c/parking_robot_interfaces/msg/detail/formation_stop__functions.c.o
[  7%] Building C object CMakeFiles/parking_robot_interfaces__rosidl_generator_c.dir/rosidl_generator_c/parking_robot_interfaces/msg/detail/formation_assignment__functions.c.o
[  8%] Building C object CMakeFiles/parking_robot_interfaces__rosidl_generator_c.dir/rosidl_generator_c/parking_robot_interfaces/srv/detail/find_empty_slot__functions.c.o
[  8%] Building C object CMakeFiles/parking_robot_interfaces__rosidl_generator_c.dir/rosidl_generator_c/parking_robot_interfaces/srv/detail/park_in_slot__functions.c.o
[  9%] Building C object CMakeFiles/parking_robot_interfaces__rosidl_generator_c.dir/rosidl_generator_c/parking_robot_interfaces/action/detail/execute_parking_task__functions.c.o
[  9%] Building C object CMakeFiles/parking_robot_interfaces__rosidl_generator_c.dir/rosidl_generator_c/parking_robot_interfaces/action/detail/align_vehicle__functions.c.o
[  9%] Building C object CMakeFiles/parking_robot_interfaces__rosidl_generator_c.dir/rosidl_generator_c/parking_robot_interfaces/action/detail/ingress_under_truck__functions.c.o
[  9%] Building C object CMakeFiles/parking_robot_interfaces__rosidl_generator_c.dir/rosidl_generator_c/parking_robot_interfaces/srv/detail/get_task_status__functions.c.o
[ 10%] Building C object CMakeFiles/parking_robot_interfaces__rosidl_generator_c.dir/rosidl_generator_c/parking_robot_interfaces/srv/detail/request_parking_task__functions.c.o
[ 12%] Building C object CMakeFiles/parking_robot_interfaces__rosidl_generator_c.dir/rosidl_generator_c/parking_robot_interfaces/srv/detail/get_slot_info__functions.c.o
[ 12%] Building C object CMakeFiles/parking_robot_interfaces__rosidl_generator_c.dir/rosidl_generator_c/parking_robot_interfaces/srv/detail/acquire_zones__functions.c.o
[ 13%] Building C object CMakeFiles/parking_robot_interfaces__rosidl_generator_c.dir/rosidl_generator_c/parking_robot_interfaces/action/detail/carry_to_slot__functions.c.o
[ 13%] Building C object CMakeFiles/parking_robot_interfaces__rosidl_generator_c.dir/rosidl_generator_c/parking_robot_interfaces/srv/detail/release_zones__functions.c.o
[ 14%] Building C object CMakeFiles/parking_robot_interfaces__rosidl_generator_c.dir/rosidl_generator_c/parking_robot_interfaces/action/detail/control_lift__functions.c.o
[ 15%] Building C object CMakeFiles/parking_robot_interfaces__rosidl_generator_c.dir/rosidl_generator_c/parking_robot_interfaces/action/detail/detect_vehicle__functions.c.o
[ 16%] Linking C shared library libparking_robot_interfaces__rosidl_generator_c.so
[ 16%] Built target parking_robot_interfaces__rosidl_generator_c
[ 17%] Generating C type support for eProsima Fast-RTPS
[ 18%] Generating C type support dispatch for ROS interfaces
[ 19%] Generating C introspection for ROS interfaces
Consolidate compiler generated dependencies of target parking_robot_interfaces__rosidl_typesupport_cpp
[ 19%] Building CXX object CMakeFiles/parking_robot_interfaces__rosidl_typesupport_cpp.dir/rosidl_typesupport_cpp/parking_robot_interfaces/msg/vehicle_info__type_support.cpp.o
[ 20%] Building CXX object CMakeFiles/parking_robot_interfaces__rosidl_typesupport_cpp.dir/rosidl_typesupport_cpp/parking_robot_interfaces/msg/task_state__type_support.cpp.o
[ 20%] Building CXX object CMakeFiles/parking_robot_interfaces__rosidl_typesupport_cpp.dir/rosidl_typesupport_cpp/parking_robot_interfaces/msg/obstacle_alert__type_support.cpp.o
[ 21%] Building CXX object CMakeFiles/parking_robot_interfaces__rosidl_typesupport_cpp.dir/rosidl_typesupport_cpp/parking_robot_interfaces/msg/formation_stop__type_support.cpp.o
[ 22%] Building CXX object CMakeFiles/parking_robot_interfaces__rosidl_typesupport_cpp.dir/rosidl_typesupport_cpp/parking_robot_interfaces/msg/formation_assignment__type_support.cpp.o
[ 23%] Building CXX object CMakeFiles/parking_robot_interfaces__rosidl_typesupport_cpp.dir/rosidl_typesupport_cpp/parking_robot_interfaces/srv/park_in_slot__type_support.cpp.o
[ 23%] Building CXX object CMakeFiles/parking_robot_interfaces__rosidl_typesupport_cpp.dir/rosidl_typesupport_cpp/parking_robot_interfaces/srv/find_empty_slot__type_support.cpp.o
[ 24%] Building CXX object CMakeFiles/parking_robot_interfaces__rosidl_typesupport_cpp.dir/rosidl_typesupport_cpp/parking_robot_interfaces/srv/get_task_status__type_support.cpp.o
[ 24%] Building CXX object CMakeFiles/parking_robot_interfaces__rosidl_typesupport_cpp.dir/rosidl_typesupport_cpp/parking_robot_interfaces/srv/get_slot_info__type_support.cpp.o
[ 25%] Building CXX object CMakeFiles/parking_robot_interfaces__rosidl_typesupport_cpp.dir/rosidl_typesupport_cpp/parking_robot_interfaces/srv/request_parking_task__type_support.cpp.o
[ 25%] Building CXX object CMakeFiles/parking_robot_interfaces__rosidl_typesupport_cpp.dir/rosidl_typesupport_cpp/parking_robot_interfaces/srv/acquire_zones__type_support.cpp.o
[ 26%] Building CXX object CMakeFiles/parking_robot_interfaces__rosidl_typesupport_cpp.dir/rosidl_typesupport_cpp/parking_robot_interfaces/srv/release_zones__type_support.cpp.o
[ 27%] Building CXX object CMakeFiles/parking_robot_interfaces__rosidl_typesupport_cpp.dir/rosidl_typesupport_cpp/parking_robot_interfaces/action/detect_vehicle__type_support.cpp.o
[ 28%] Building CXX object CMakeFiles/parking_robot_interfaces__rosidl_typesupport_cpp.dir/rosidl_typesupport_cpp/parking_robot_interfaces/action/align_vehicle__type_support.cpp.o
[ 29%] Building CXX object CMakeFiles/parking_robot_interfaces__rosidl_typesupport_cpp.dir/rosidl_typesupport_cpp/parking_robot_interfaces/action/ingress_under_truck__type_support.cpp.o
[ 29%] Building CXX object CMakeFiles/parking_robot_interfaces__rosidl_typesupport_cpp.dir/rosidl_typesupport_cpp/parking_robot_interfaces/action/control_lift__type_support.cpp.o
[ 29%] Building CXX object CMakeFiles/parking_robot_interfaces__rosidl_typesupport_cpp.dir/rosidl_typesupport_cpp/parking_robot_interfaces/action/execute_parking_task__type_support.cpp.o
[ 29%] Building CXX object CMakeFiles/parking_robot_interfaces__rosidl_typesupport_cpp.dir/rosidl_typesupport_cpp/parking_robot_interfaces/action/carry_to_slot__type_support.cpp.o
Consolidate compiler generated dependencies of target parking_robot_interfaces__rosidl_typesupport_c
[ 29%] Building CXX object CMakeFiles/parking_robot_interfaces__rosidl_typesupport_c.dir/rosidl_typesupport_c/parking_robot_interfaces/msg/vehicle_info__type_support.cpp.o
[ 30%] Building CXX object CMakeFiles/parking_robot_interfaces__rosidl_typesupport_c.dir/rosidl_typesupport_c/parking_robot_interfaces/msg/task_state__type_support.cpp.o
[ 30%] Building CXX object CMakeFiles/parking_robot_interfaces__rosidl_typesupport_c.dir/rosidl_typesupport_c/parking_robot_interfaces/msg/obstacle_alert__type_support.cpp.o
[ 31%] Building CXX object CMakeFiles/parking_robot_interfaces__rosidl_typesupport_c.dir/rosidl_typesupport_c/parking_robot_interfaces/msg/formation_stop__type_support.cpp.o
[ 31%] Building CXX object CMakeFiles/parking_robot_interfaces__rosidl_typesupport_c.dir/rosidl_typesupport_c/parking_robot_interfaces/msg/formation_assignment__type_support.cpp.o
[ 32%] Building CXX object CMakeFiles/parking_robot_interfaces__rosidl_typesupport_c.dir/rosidl_typesupport_c/parking_robot_interfaces/srv/find_empty_slot__type_support.cpp.o
Consolidate compiler generated dependencies of target parking_robot_interfaces__rosidl_typesupport_introspection_cpp
[ 34%] Building CXX object CMakeFiles/parking_robot_interfaces__rosidl_typesupport_c.dir/rosidl_typesupport_c/parking_robot_interfaces/srv/request_parking_task__type_support.cpp.o
[ 34%] Building CXX object CMakeFiles/parking_robot_interfaces__rosidl_typesupport_c.dir/rosidl_typesupport_c/parking_robot_interfaces/srv/park_in_slot__type_support.cpp.o
[ 34%] Building CXX object CMakeFiles/parking_robot_interfaces__rosidl_typesupport_c.dir/rosidl_typesupport_c/parking_robot_interfaces/srv/get_slot_info__type_support.cpp.o
[ 34%] Building CXX object CMakeFiles/parking_robot_interfaces__rosidl_typesupport_introspection_cpp.dir/rosidl_typesupport_introspection_cpp/parking_robot_interfaces/msg/detail/obstacle_alert__type_support.cpp.o
[ 34%] Building CXX object CMakeFiles/parking_robot_interfaces__rosidl_typesupport_c.dir/rosidl_typesupport_c/parking_robot_interfaces/srv/get_task_status__type_support.cpp.o
[ 35%] Building CXX object CMakeFiles/parking_robot_interfaces__rosidl_typesupport_introspection_cpp.dir/rosidl_typesupport_introspection_cpp/parking_robot_interfaces/msg/detail/task_state__type_support.cpp.o
[ 36%] Building CXX object CMakeFiles/parking_robot_interfaces__rosidl_typesupport_introspection_cpp.dir/rosidl_typesupport_introspection_cpp/parking_robot_interfaces/msg/detail/formation_stop__type_support.cpp.o
[ 37%] Building CXX object CMakeFiles/parking_robot_interfaces__rosidl_typesupport_c.dir/rosidl_typesupport_c/parking_robot_interfaces/srv/acquire_zones__type_support.cpp.o
[ 37%] Building CXX object CMakeFiles/parking_robot_interfaces__rosidl_typesupport_introspection_cpp.dir/rosidl_typesupport_introspection_cpp/parking_robot_interfaces/msg/detail/vehicle_info__type_support.cpp.o
[ 38%] Building CXX object CMakeFiles/parking_robot_interfaces__rosidl_typesupport_introspection_cpp.dir/rosidl_typesupport_introspection_cpp/parking_robot_interfaces/msg/detail/formation_assignment__type_support.cpp.o
[ 39%] Building CXX object CMakeFiles/parking_robot_interfaces__rosidl_typesupport_c.dir/rosidl_typesupport_c/parking_robot_interfaces/srv/release_zones__type_support.cpp.o
[ 39%] Building CXX object CMakeFiles/parking_robot_interfaces__rosidl_typesupport_c.dir/rosidl_typesupport_c/parking_robot_interfaces/action/execute_parking_task__type_support.cpp.o
[ 40%] Building CXX object CMakeFiles/parking_robot_interfaces__rosidl_typesupport_c.dir/rosidl_typesupport_c/parking_robot_interfaces/action/detect_vehicle__type_support.cpp.o
[ 40%] Building CXX object CMakeFiles/parking_robot_interfaces__rosidl_typesupport_introspection_cpp.dir/rosidl_typesupport_introspection_cpp/parking_robot_interfaces/srv/detail/find_empty_slot__type_support.cpp.o
[ 40%] Building CXX object CMakeFiles/parking_robot_interfaces__rosidl_typesupport_c.dir/rosidl_typesupport_c/parking_robot_interfaces/action/align_vehicle__type_support.cpp.o
[ 41%] Building CXX object CMakeFiles/parking_robot_interfaces__rosidl_typesupport_c.dir/rosidl_typesupport_c/parking_robot_interfaces/action/control_lift__type_support.cpp.o
[ 42%] Building CXX object CMakeFiles/parking_robot_interfaces__rosidl_typesupport_c.dir/rosidl_typesupport_c/parking_robot_interfaces/action/ingress_under_truck__type_support.cpp.o
[ 43%] Building CXX object CMakeFiles/parking_robot_interfaces__rosidl_typesupport_introspection_cpp.dir/rosidl_typesupport_introspection_cpp/parking_robot_interfaces/srv/detail/park_in_slot__type_support.cpp.o
[ 43%] Building CXX object CMakeFiles/parking_robot_interfaces__rosidl_typesupport_c.dir/rosidl_typesupport_c/parking_robot_interfaces/action/carry_to_slot__type_support.cpp.o
[ 43%] Building CXX object CMakeFiles/parking_robot_interfaces__rosidl_typesupport_introspection_cpp.dir/rosidl_typesupport_introspection_cpp/parking_robot_interfaces/srv/detail/get_slot_info__type_support.cpp.o
[ 44%] Building CXX object CMakeFiles/parking_robot_interfaces__rosidl_typesupport_introspection_cpp.dir/rosidl_typesupport_introspection_cpp/parking_robot_interfaces/srv/detail/request_parking_task__type_support.cpp.o
[ 44%] Building CXX object CMakeFiles/parking_robot_interfaces__rosidl_typesupport_introspection_cpp.dir/rosidl_typesupport_introspection_cpp/parking_robot_interfaces/srv/detail/acquire_zones__type_support.cpp.o
[ 45%] Building CXX object CMakeFiles/parking_robot_interfaces__rosidl_typesupport_introspection_cpp.dir/rosidl_typesupport_introspection_cpp/parking_robot_interfaces/srv/detail/release_zones__type_support.cpp.o
[ 46%] Building CXX object CMakeFiles/parking_robot_interfaces__rosidl_typesupport_introspection_cpp.dir/rosidl_typesupport_introspection_cpp/parking_robot_interfaces/srv/detail/get_task_status__type_support.cpp.o
[ 46%] Building CXX object CMakeFiles/parking_robot_interfaces__rosidl_typesupport_introspection_cpp.dir/rosidl_typesupport_introspection_cpp/parking_robot_interfaces/action/detail/execute_parking_task__type_support.cpp.o
[ 47%] Building CXX object CMakeFiles/parking_robot_interfaces__rosidl_typesupport_introspection_cpp.dir/rosidl_typesupport_introspection_cpp/parking_robot_interfaces/action/detail/detect_vehicle__type_support.cpp.o
[ 48%] Linking CXX shared library libparking_robot_interfaces__rosidl_typesupport_c.so
[ 49%] Building CXX object CMakeFiles/parking_robot_interfaces__rosidl_typesupport_introspection_cpp.dir/rosidl_typesupport_introspection_cpp/parking_robot_interfaces/action/detail/align_vehicle__type_support.cpp.o
[ 49%] Building CXX object CMakeFiles/parking_robot_interfaces__rosidl_typesupport_introspection_cpp.dir/rosidl_typesupport_introspection_cpp/parking_robot_interfaces/action/detail/control_lift__type_support.cpp.o
[ 50%] Building CXX object CMakeFiles/parking_robot_interfaces__rosidl_typesupport_introspection_cpp.dir/rosidl_typesupport_introspection_cpp/parking_robot_interfaces/action/detail/ingress_under_truck__type_support.cpp.o
[ 50%] Building CXX object CMakeFiles/parking_robot_interfaces__rosidl_typesupport_introspection_cpp.dir/rosidl_typesupport_introspection_cpp/parking_robot_interfaces/action/detail/carry_to_slot__type_support.cpp.o
[ 50%] Built target parking_robot_interfaces__rosidl_typesupport_c
[ 51%] Linking CXX shared library libparking_robot_interfaces__rosidl_typesupport_cpp.so
[ 51%] Built target parking_robot_interfaces__rosidl_typesupport_cpp
Consolidate compiler generated dependencies of target parking_robot_interfaces__rosidl_typesupport_fastrtps_cpp
[ 52%] Building CXX object CMakeFiles/parking_robot_interfaces__rosidl_typesupport_fastrtps_cpp.dir/rosidl_typesupport_fastrtps_cpp/parking_robot_interfaces/msg/detail/dds_fastrtps/task_state__type_support.cpp.o
[ 52%] Building CXX object CMakeFiles/parking_robot_interfaces__rosidl_typesupport_fastrtps_cpp.dir/rosidl_typesupport_fastrtps_cpp/parking_robot_interfaces/msg/detail/dds_fastrtps/vehicle_info__type_support.cpp.o
[ 52%] Building CXX object CMakeFiles/parking_robot_interfaces__rosidl_typesupport_fastrtps_cpp.dir/rosidl_typesupport_fastrtps_cpp/parking_robot_interfaces/msg/detail/dds_fastrtps/obstacle_alert__type_support.cpp.o
[ 53%] Building CXX object CMakeFiles/parking_robot_interfaces__rosidl_typesupport_fastrtps_cpp.dir/rosidl_typesupport_fastrtps_cpp/parking_robot_interfaces/msg/detail/dds_fastrtps/formation_assignment__type_support.cpp.o
[ 54%] Building CXX object CMakeFiles/parking_robot_interfaces__rosidl_typesupport_fastrtps_cpp.dir/rosidl_typesupport_fastrtps_cpp/parking_robot_interfaces/msg/detail/dds_fastrtps/formation_stop__type_support.cpp.o
[ 54%] Building CXX object CMakeFiles/parking_robot_interfaces__rosidl_typesupport_fastrtps_cpp.dir/rosidl_typesupport_fastrtps_cpp/parking_robot_interfaces/srv/detail/dds_fastrtps/find_empty_slot__type_support.cpp.o
Consolidate compiler generated dependencies of target parking_robot_interfaces__rosidl_typesupport_introspection_c
[ 55%] Building CXX object CMakeFiles/parking_robot_interfaces__rosidl_typesupport_fastrtps_cpp.dir/rosidl_typesupport_fastrtps_cpp/parking_robot_interfaces/srv/detail/dds_fastrtps/park_in_slot__type_support.cpp.o
[ 55%] Building C object CMakeFiles/parking_robot_interfaces__rosidl_typesupport_introspection_c.dir/rosidl_typesupport_introspection_c/parking_robot_interfaces/msg/detail/vehicle_info__type_support.c.o
[ 56%] Building C object CMakeFiles/parking_robot_interfaces__rosidl_typesupport_introspection_c.dir/rosidl_typesupport_introspection_c/parking_robot_interfaces/msg/detail/task_state__type_support.c.o
[ 56%] Building C object CMakeFiles/parking_robot_interfaces__rosidl_typesupport_introspection_c.dir/rosidl_typesupport_introspection_c/parking_robot_interfaces/msg/detail/obstacle_alert__type_support.c.o
[ 56%] Building CXX object CMakeFiles/parking_robot_interfaces__rosidl_typesupport_fastrtps_cpp.dir/rosidl_typesupport_fastrtps_cpp/parking_robot_interfaces/srv/detail/dds_fastrtps/get_slot_info__type_support.cpp.o
[ 57%] Building C object CMakeFiles/parking_robot_interfaces__rosidl_typesupport_introspection_c.dir/rosidl_typesupport_introspection_c/parking_robot_interfaces/msg/detail/formation_stop__type_support.c.o
[ 57%] Building C object CMakeFiles/parking_robot_interfaces__rosidl_typesupport_introspection_c.dir/rosidl_typesupport_introspection_c/parking_robot_interfaces/msg/detail/formation_assignment__type_support.c.o
[ 58%] Building C object CMakeFiles/parking_robot_interfaces__rosidl_typesupport_introspection_c.dir/rosidl_typesupport_introspection_c/parking_robot_interfaces/srv/detail/find_empty_slot__type_support.c.o
[ 59%] Building C object CMakeFiles/parking_robot_interfaces__rosidl_typesupport_introspection_c.dir/rosidl_typesupport_introspection_c/parking_robot_interfaces/srv/detail/park_in_slot__type_support.c.o
[ 59%] Building C object CMakeFiles/parking_robot_interfaces__rosidl_typesupport_introspection_c.dir/rosidl_typesupport_introspection_c/parking_robot_interfaces/srv/detail/get_task_status__type_support.c.o
[ 60%] Building C object CMakeFiles/parking_robot_interfaces__rosidl_typesupport_introspection_c.dir/rosidl_typesupport_introspection_c/parking_robot_interfaces/srv/detail/request_parking_task__type_support.c.o
[ 60%] Building C object CMakeFiles/parking_robot_interfaces__rosidl_typesupport_introspection_c.dir/rosidl_typesupport_introspection_c/parking_robot_interfaces/srv/detail/get_slot_info__type_support.c.o
[ 61%] Building C object CMakeFiles/parking_robot_interfaces__rosidl_typesupport_introspection_c.dir/rosidl_typesupport_introspection_c/parking_robot_interfaces/srv/detail/acquire_zones__type_support.c.o
[ 62%] Building C object CMakeFiles/parking_robot_interfaces__rosidl_typesupport_introspection_c.dir/rosidl_typesupport_introspection_c/parking_robot_interfaces/srv/detail/release_zones__type_support.c.o
[ 62%] Building C object CMakeFiles/parking_robot_interfaces__rosidl_typesupport_introspection_c.dir/rosidl_typesupport_introspection_c/parking_robot_interfaces/action/detail/execute_parking_task__type_support.c.o
[ 63%] Building CXX object CMakeFiles/parking_robot_interfaces__rosidl_typesupport_fastrtps_cpp.dir/rosidl_typesupport_fastrtps_cpp/parking_robot_interfaces/srv/detail/dds_fastrtps/request_parking_task__type_support.cpp.o
[ 64%] Building C object CMakeFiles/parking_robot_interfaces__rosidl_typesupport_introspection_c.dir/rosidl_typesupport_introspection_c/parking_robot_interfaces/action/detail/detect_vehicle__type_support.c.o
[ 64%] Building C object CMakeFiles/parking_robot_interfaces__rosidl_typesupport_introspection_c.dir/rosidl_typesupport_introspection_c/parking_robot_interfaces/action/detail/align_vehicle__type_support.c.o
[ 65%] Building C object CMakeFiles/parking_robot_interfaces__rosidl_typesupport_introspection_c.dir/rosidl_typesupport_introspection_c/parking_robot_interfaces/action/detail/control_lift__type_support.c.o
[ 66%] Building C object CMakeFiles/parking_robot_interfaces__rosidl_typesupport_introspection_c.dir/rosidl_typesupport_introspection_c/parking_robot_interfaces/action/detail/ingress_under_truck__type_support.c.o
[ 66%] Building C object CMakeFiles/parking_robot_interfaces__rosidl_typesupport_introspection_c.dir/rosidl_typesupport_introspection_c/parking_robot_interfaces/action/detail/carry_to_slot__type_support.c.o
[ 67%] Building CXX object CMakeFiles/parking_robot_interfaces__rosidl_typesupport_fastrtps_cpp.dir/rosidl_typesupport_fastrtps_cpp/parking_robot_interfaces/srv/detail/dds_fastrtps/get_task_status__type_support.cpp.o
[ 67%] Building CXX object CMakeFiles/parking_robot_interfaces__rosidl_typesupport_fastrtps_cpp.dir/rosidl_typesupport_fastrtps_cpp/parking_robot_interfaces/srv/detail/dds_fastrtps/acquire_zones__type_support.cpp.o
[ 68%] Building CXX object CMakeFiles/parking_robot_interfaces__rosidl_typesupport_fastrtps_cpp.dir/rosidl_typesupport_fastrtps_cpp/parking_robot_interfaces/srv/detail/dds_fastrtps/release_zones__type_support.cpp.o
[ 68%] Building CXX object CMakeFiles/parking_robot_interfaces__rosidl_typesupport_fastrtps_cpp.dir/rosidl_typesupport_fastrtps_cpp/parking_robot_interfaces/action/detail/dds_fastrtps/execute_parking_task__type_support.cpp.o
[ 69%] Building CXX object CMakeFiles/parking_robot_interfaces__rosidl_typesupport_fastrtps_cpp.dir/rosidl_typesupport_fastrtps_cpp/parking_robot_interfaces/action/detail/dds_fastrtps/detect_vehicle__type_support.cpp.o
[ 72%] Building CXX object CMakeFiles/parking_robot_interfaces__rosidl_typesupport_fastrtps_cpp.dir/rosidl_typesupport_fastrtps_cpp/parking_robot_interfaces/action/detail/dds_fastrtps/ingress_under_truck__type_support.cpp.o
[ 72%] Building CXX object CMakeFiles/parking_robot_interfaces__rosidl_typesupport_fastrtps_cpp.dir/rosidl_typesupport_fastrtps_cpp/parking_robot_interfaces/action/detail/dds_fastrtps/align_vehicle__type_support.cpp.o
[ 72%] Linking C shared library libparking_robot_interfaces__rosidl_typesupport_introspection_c.so
[ 72%] Building CXX object CMakeFiles/parking_robot_interfaces__rosidl_typesupport_fastrtps_cpp.dir/rosidl_typesupport_fastrtps_cpp/parking_robot_interfaces/action/detail/dds_fastrtps/control_lift__type_support.cpp.o
[ 72%] Building CXX object CMakeFiles/parking_robot_interfaces__rosidl_typesupport_fastrtps_cpp.dir/rosidl_typesupport_fastrtps_cpp/parking_robot_interfaces/action/detail/dds_fastrtps/carry_to_slot__type_support.cpp.o
Consolidate compiler generated dependencies of target parking_robot_interfaces__rosidl_typesupport_fastrtps_c
[ 72%] Building CXX object CMakeFiles/parking_robot_interfaces__rosidl_typesupport_fastrtps_c.dir/rosidl_typesupport_fastrtps_c/parking_robot_interfaces/msg/detail/vehicle_info__type_support_c.cpp.o
[ 72%] Built target parking_robot_interfaces__rosidl_typesupport_introspection_c
[ 73%] Building CXX object CMakeFiles/parking_robot_interfaces__rosidl_typesupport_fastrtps_c.dir/rosidl_typesupport_fastrtps_c/parking_robot_interfaces/msg/detail/task_state__type_support_c.cpp.o
[ 74%] Building CXX object CMakeFiles/parking_robot_interfaces__rosidl_typesupport_fastrtps_c.dir/rosidl_typesupport_fastrtps_c/parking_robot_interfaces/msg/detail/formation_stop__type_support_c.cpp.o
[ 74%] Building CXX object CMakeFiles/parking_robot_interfaces__rosidl_typesupport_fastrtps_c.dir/rosidl_typesupport_fastrtps_c/parking_robot_interfaces/msg/detail/obstacle_alert__type_support_c.cpp.o
[ 74%] Building CXX object CMakeFiles/parking_robot_interfaces__rosidl_typesupport_fastrtps_c.dir/rosidl_typesupport_fastrtps_c/parking_robot_interfaces/msg/detail/formation_assignment__type_support_c.cpp.o
[ 75%] Building CXX object CMakeFiles/parking_robot_interfaces__rosidl_typesupport_fastrtps_c.dir/rosidl_typesupport_fastrtps_c/parking_robot_interfaces/srv/detail/find_empty_slot__type_support_c.cpp.o
[ 75%] Building CXX object CMakeFiles/parking_robot_interfaces__rosidl_typesupport_fastrtps_c.dir/rosidl_typesupport_fastrtps_c/parking_robot_interfaces/srv/detail/get_slot_info__type_support_c.cpp.o
[ 76%] Building CXX object CMakeFiles/parking_robot_interfaces__rosidl_typesupport_fastrtps_c.dir/rosidl_typesupport_fastrtps_c/parking_robot_interfaces/srv/detail/park_in_slot__type_support_c.cpp.o
[ 77%] Building CXX object CMakeFiles/parking_robot_interfaces__rosidl_typesupport_fastrtps_c.dir/rosidl_typesupport_fastrtps_c/parking_robot_interfaces/srv/detail/request_parking_task__type_support_c.cpp.o
[ 78%] Linking CXX shared library libparking_robot_interfaces__rosidl_typesupport_introspection_cpp.so
[ 78%] Building CXX object CMakeFiles/parking_robot_interfaces__rosidl_typesupport_fastrtps_c.dir/rosidl_typesupport_fastrtps_c/parking_robot_interfaces/srv/detail/get_task_status__type_support_c.cpp.o
[ 79%] Building CXX object CMakeFiles/parking_robot_interfaces__rosidl_typesupport_fastrtps_c.dir/rosidl_typesupport_fastrtps_c/parking_robot_interfaces/srv/detail/acquire_zones__type_support_c.cpp.o
[ 80%] Building CXX object CMakeFiles/parking_robot_interfaces__rosidl_typesupport_fastrtps_c.dir/rosidl_typesupport_fastrtps_c/parking_robot_interfaces/srv/detail/release_zones__type_support_c.cpp.o
[ 80%] Building CXX object CMakeFiles/parking_robot_interfaces__rosidl_typesupport_fastrtps_c.dir/rosidl_typesupport_fastrtps_c/parking_robot_interfaces/action/detail/execute_parking_task__type_support_c.cpp.o
[ 80%] Building CXX object CMakeFiles/parking_robot_interfaces__rosidl_typesupport_fastrtps_c.dir/rosidl_typesupport_fastrtps_c/parking_robot_interfaces/action/detail/align_vehicle__type_support_c.cpp.o
[ 81%] Building CXX object CMakeFiles/parking_robot_interfaces__rosidl_typesupport_fastrtps_c.dir/rosidl_typesupport_fastrtps_c/parking_robot_interfaces/action/detail/detect_vehicle__type_support_c.cpp.o
[ 81%] Built target parking_robot_interfaces__rosidl_typesupport_introspection_cpp
[ 82%] Building CXX object CMakeFiles/parking_robot_interfaces__rosidl_typesupport_fastrtps_c.dir/rosidl_typesupport_fastrtps_c/parking_robot_interfaces/action/detail/control_lift__type_support_c.cpp.o
[ 83%] Building CXX object CMakeFiles/parking_robot_interfaces__rosidl_typesupport_fastrtps_c.dir/rosidl_typesupport_fastrtps_c/parking_robot_interfaces/action/detail/ingress_under_truck__type_support_c.cpp.o
[ 83%] Building CXX object CMakeFiles/parking_robot_interfaces__rosidl_typesupport_fastrtps_c.dir/rosidl_typesupport_fastrtps_c/parking_robot_interfaces/action/detail/carry_to_slot__type_support_c.cpp.o
[ 84%] Linking CXX shared library libparking_robot_interfaces__rosidl_typesupport_fastrtps_cpp.so
[ 84%] Built target parking_robot_interfaces__rosidl_typesupport_fastrtps_cpp
[ 85%] Linking CXX shared library libparking_robot_interfaces__rosidl_typesupport_fastrtps_c.so
[ 85%] Built target parking_robot_interfaces__rosidl_typesupport_fastrtps_c
[ 85%] Built target parking_robot_interfaces
[ 86%] Generating Python code for ROS interfaces
[ 86%] Built target parking_robot_interfaces__py
Consolidate compiler generated dependencies of target parking_robot_interfaces__rosidl_generator_py
[ 86%] Building C object CMakeFiles/parking_robot_interfaces__rosidl_generator_py.dir/rosidl_generator_py/parking_robot_interfaces/msg/_obstacle_alert_s.c.o
[ 87%] Building C object CMakeFiles/parking_robot_interfaces__rosidl_generator_py.dir/rosidl_generator_py/parking_robot_interfaces/msg/_formation_stop_s.c.o
[ 88%] Building C object CMakeFiles/parking_robot_interfaces__rosidl_generator_py.dir/rosidl_generator_py/parking_robot_interfaces/msg/_formation_assignment_s.c.o
[ 88%] Building C object CMakeFiles/parking_robot_interfaces__rosidl_generator_py.dir/rosidl_generator_py/parking_robot_interfaces/msg/_vehicle_info_s.c.o
[ 89%] Building C object CMakeFiles/parking_robot_interfaces__rosidl_generator_py.dir/rosidl_generator_py/parking_robot_interfaces/msg/_task_state_s.c.o
[ 89%] Building C object CMakeFiles/parking_robot_interfaces__rosidl_generator_py.dir/rosidl_generator_py/parking_robot_interfaces/srv/_find_empty_slot_s.c.o
[ 90%] Building C object CMakeFiles/parking_robot_interfaces__rosidl_generator_py.dir/rosidl_generator_py/parking_robot_interfaces/srv/_park_in_slot_s.c.o
[ 90%] Building C object CMakeFiles/parking_robot_interfaces__rosidl_generator_py.dir/rosidl_generator_py/parking_robot_interfaces/srv/_get_slot_info_s.c.o
[ 91%] Building C object CMakeFiles/parking_robot_interfaces__rosidl_generator_py.dir/rosidl_generator_py/parking_robot_interfaces/srv/_request_parking_task_s.c.o
[ 92%] Building C object CMakeFiles/parking_robot_interfaces__rosidl_generator_py.dir/rosidl_generator_py/parking_robot_interfaces/srv/_get_task_status_s.c.o
[ 92%] Building C object CMakeFiles/parking_robot_interfaces__rosidl_generator_py.dir/rosidl_generator_py/parking_robot_interfaces/srv/_acquire_zones_s.c.o
[ 92%] Building C object CMakeFiles/parking_robot_interfaces__rosidl_generator_py.dir/rosidl_generator_py/parking_robot_interfaces/action/_execute_parking_task_s.c.o
[ 93%] Building C object CMakeFiles/parking_robot_interfaces__rosidl_generator_py.dir/rosidl_generator_py/parking_robot_interfaces/action/_detect_vehicle_s.c.o
[ 94%] Building C object CMakeFiles/parking_robot_interfaces__rosidl_generator_py.dir/rosidl_generator_py/parking_robot_interfaces/srv/_release_zones_s.c.o
[ 94%] Building C object CMakeFiles/parking_robot_interfaces__rosidl_generator_py.dir/rosidl_generator_py/parking_robot_interfaces/action/_control_lift_s.c.o
[ 95%] Building C object CMakeFiles/parking_robot_interfaces__rosidl_generator_py.dir/rosidl_generator_py/parking_robot_interfaces/action/_ingress_under_truck_s.c.o
[ 96%] Building C object CMakeFiles/parking_robot_interfaces__rosidl_generator_py.dir/rosidl_generator_py/parking_robot_interfaces/action/_align_vehicle_s.c.o
[ 96%] Building C object CMakeFiles/parking_robot_interfaces__rosidl_generator_py.dir/rosidl_generator_py/parking_robot_interfaces/action/_carry_to_slot_s.c.o
[ 97%] Linking C shared library rosidl_generator_py/parking_robot_interfaces/libparking_robot_interfaces__rosidl_generator_py.so
[ 97%] Built target parking_robot_interfaces__rosidl_generator_py
Consolidate compiler generated dependencies of target parking_robot_interfaces__rosidl_typesupport_fastrtps_c__pyext
Consolidate compiler generated dependencies of target parking_robot_interfaces__rosidl_typesupport_introspection_c__pyext
Consolidate compiler generated dependencies of target parking_robot_interfaces__rosidl_typesupport_c__pyext
[ 97%] Building C object CMakeFiles/parking_robot_interfaces__rosidl_typesupport_fastrtps_c__pyext.dir/rosidl_generator_py/parking_robot_interfaces/_parking_robot_interfaces_s.ep.rosidl_typesupport_fastrtps_c.c.o
[ 97%] Building C object CMakeFiles/parking_robot_interfaces__rosidl_typesupport_c__pyext.dir/rosidl_generator_py/parking_robot_interfaces/_parking_robot_interfaces_s.ep.rosidl_typesupport_c.c.o
[ 97%] Building C object CMakeFiles/parking_robot_interfaces__rosidl_typesupport_introspection_c__pyext.dir/rosidl_generator_py/parking_robot_interfaces/_parking_robot_interfaces_s.ep.rosidl_typesupport_introspection_c.c.o
[ 98%] Linking C shared library rosidl_generator_py/parking_robot_interfaces/parking_robot_interfaces_s__rosidl_typesupport_c.cpython-310-x86_64-linux-gnu.so
[ 99%] Linking C shared library rosidl_generator_py/parking_robot_interfaces/parking_robot_interfaces_s__rosidl_typesupport_fastrtps_c.cpython-310-x86_64-linux-gnu.so
[100%] Linking C shared library rosidl_generator_py/parking_robot_interfaces/parking_robot_interfaces_s__rosidl_typesupport_introspection_c.cpython-310-x86_64-linux-gnu.so
[100%] Built target parking_robot_interfaces__rosidl_typesupport_c__pyext
[100%] Built target parking_robot_interfaces__rosidl_typesupport_fastrtps_c__pyext
[100%] Built target parking_robot_interfaces__rosidl_typesupport_introspection_c__pyext
-- Install configuration: ""
-- Execute custom install script
-- Up-to-date symlink: /home/rokey/p3/cobot_ws/install/parking_robot_interfaces/share/ament_index/resource_index/rosidl_interfaces/parking_robot_interfaces
-- Up-to-date symlink: /home/rokey/p3/cobot_ws/install/parking_robot_interfaces/include/parking_robot_interfaces/parking_robot_interfaces/action/align_vehicle.h
-- Symlinking: /home/rokey/p3/cobot_ws/install/parking_robot_interfaces/include/parking_robot_interfaces/parking_robot_interfaces/action/carry_to_slot.h
-- Up-to-date symlink: /home/rokey/p3/cobot_ws/install/parking_robot_interfaces/include/parking_robot_interfaces/parking_robot_interfaces/action/control_lift.h
-- Up-to-date symlink: /home/rokey/p3/cobot_ws/install/parking_robot_interfaces/include/parking_robot_interfaces/parking_robot_interfaces/action/detail/align_vehicle__functions.h
-- Up-to-date symlink: /home/rokey/p3/cobot_ws/install/parking_robot_interfaces/include/parking_robot_interfaces/parking_robot_interfaces/action/detail/align_vehicle__struct.h
-- Up-to-date symlink: /home/rokey/p3/cobot_ws/install/parking_robot_interfaces/include/parking_robot_interfaces/parking_robot_interfaces/action/detail/align_vehicle__type_support.h
-- Symlinking: /home/rokey/p3/cobot_ws/install/parking_robot_interfaces/include/parking_robot_interfaces/parking_robot_interfaces/action/detail/carry_to_slot__functions.h
-- Symlinking: /home/rokey/p3/cobot_ws/install/parking_robot_interfaces/include/parking_robot_interfaces/parking_robot_interfaces/action/detail/carry_to_slot__struct.h
-- Symlinking: /home/rokey/p3/cobot_ws/install/parking_robot_interfaces/include/parking_robot_interfaces/parking_robot_interfaces/action/detail/carry_to_slot__type_support.h
-- Up-to-date symlink: /home/rokey/p3/cobot_ws/install/parking_robot_interfaces/include/parking_robot_interfaces/parking_robot_interfaces/action/detail/control_lift__functions.h
-- Up-to-date symlink: /home/rokey/p3/cobot_ws/install/parking_robot_interfaces/include/parking_robot_interfaces/parking_robot_interfaces/action/detail/control_lift__struct.h
-- Up-to-date symlink: /home/rokey/p3/cobot_ws/install/parking_robot_interfaces/include/parking_robot_interfaces/parking_robot_interfaces/action/detail/control_lift__type_support.h
-- Up-to-date symlink: /home/rokey/p3/cobot_ws/install/parking_robot_interfaces/include/parking_robot_interfaces/parking_robot_interfaces/action/detail/detect_vehicle__functions.h
-- Up-to-date symlink: /home/rokey/p3/cobot_ws/install/parking_robot_interfaces/include/parking_robot_interfaces/parking_robot_interfaces/action/detail/detect_vehicle__struct.h
-- Up-to-date symlink: /home/rokey/p3/cobot_ws/install/parking_robot_interfaces/include/parking_robot_interfaces/parking_robot_interfaces/action/detail/detect_vehicle__type_support.h
-- Up-to-date symlink: /home/rokey/p3/cobot_ws/install/parking_robot_interfaces/include/parking_robot_interfaces/parking_robot_interfaces/action/detail/execute_parking_task__functions.h
-- Up-to-date symlink: /home/rokey/p3/cobot_ws/install/parking_robot_interfaces/include/parking_robot_interfaces/parking_robot_interfaces/action/detail/execute_parking_task__struct.h
-- Up-to-date symlink: /home/rokey/p3/cobot_ws/install/parking_robot_interfaces/include/parking_robot_interfaces/parking_robot_interfaces/action/detail/execute_parking_task__type_support.h
-- Up-to-date symlink: /home/rokey/p3/cobot_ws/install/parking_robot_interfaces/include/parking_robot_interfaces/parking_robot_interfaces/action/detail/ingress_under_truck__functions.h
-- Up-to-date symlink: /home/rokey/p3/cobot_ws/install/parking_robot_interfaces/include/parking_robot_interfaces/parking_robot_interfaces/action/detail/ingress_under_truck__struct.h
-- Up-to-date symlink: /home/rokey/p3/cobot_ws/install/parking_robot_interfaces/include/parking_robot_interfaces/parking_robot_interfaces/action/detail/ingress_under_truck__type_support.h
-- Up-to-date symlink: /home/rokey/p3/cobot_ws/install/parking_robot_interfaces/include/parking_robot_interfaces/parking_robot_interfaces/action/detect_vehicle.h
-- Up-to-date symlink: /home/rokey/p3/cobot_ws/install/parking_robot_interfaces/include/parking_robot_interfaces/parking_robot_interfaces/action/execute_parking_task.h
-- Up-to-date symlink: /home/rokey/p3/cobot_ws/install/parking_robot_interfaces/include/parking_robot_interfaces/parking_robot_interfaces/action/ingress_under_truck.h
-- Up-to-date symlink: /home/rokey/p3/cobot_ws/install/parking_robot_interfaces/include/parking_robot_interfaces/parking_robot_interfaces/msg/detail/formation_assignment__functions.h
-- Up-to-date symlink: /home/rokey/p3/cobot_ws/install/parking_robot_interfaces/include/parking_robot_interfaces/parking_robot_interfaces/msg/detail/formation_assignment__struct.h
-- Up-to-date symlink: /home/rokey/p3/cobot_ws/install/parking_robot_interfaces/include/parking_robot_interfaces/parking_robot_interfaces/msg/detail/formation_assignment__type_support.h
-- Up-to-date symlink: /home/rokey/p3/cobot_ws/install/parking_robot_interfaces/include/parking_robot_interfaces/parking_robot_interfaces/msg/detail/formation_stop__functions.h
-- Up-to-date symlink: /home/rokey/p3/cobot_ws/install/parking_robot_interfaces/include/parking_robot_interfaces/parking_robot_interfaces/msg/detail/formation_stop__struct.h
-- Up-to-date symlink: /home/rokey/p3/cobot_ws/install/parking_robot_interfaces/include/parking_robot_interfaces/parking_robot_interfaces/msg/detail/formation_stop__type_support.h
-- Up-to-date symlink: /home/rokey/p3/cobot_ws/install/parking_robot_interfaces/include/parking_robot_interfaces/parking_robot_interfaces/msg/detail/obstacle_alert__functions.h
-- Up-to-date symlink: /home/rokey/p3/cobot_ws/install/parking_robot_interfaces/include/parking_robot_interfaces/parking_robot_interfaces/msg/detail/obstacle_alert__struct.h
-- Up-to-date symlink: /home/rokey/p3/cobot_ws/install/parking_robot_interfaces/include/parking_robot_interfaces/parking_robot_interfaces/msg/detail/obstacle_alert__type_support.h
-- Up-to-date symlink: /home/rokey/p3/cobot_ws/install/parking_robot_interfaces/include/parking_robot_interfaces/parking_robot_interfaces/msg/detail/task_state__functions.h
-- Up-to-date symlink: /home/rokey/p3/cobot_ws/install/parking_robot_interfaces/include/parking_robot_interfaces/parking_robot_interfaces/msg/detail/task_state__struct.h
-- Up-to-date symlink: /home/rokey/p3/cobot_ws/install/parking_robot_interfaces/include/parking_robot_interfaces/parking_robot_interfaces/msg/detail/task_state__type_support.h
-- Up-to-date symlink: /home/rokey/p3/cobot_ws/install/parking_robot_interfaces/include/parking_robot_interfaces/parking_robot_interfaces/msg/detail/vehicle_info__functions.h
-- Up-to-date symlink: /home/rokey/p3/cobot_ws/install/parking_robot_interfaces/include/parking_robot_interfaces/parking_robot_interfaces/msg/detail/vehicle_info__struct.h
-- Up-to-date symlink: /home/rokey/p3/cobot_ws/install/parking_robot_interfaces/include/parking_robot_interfaces/parking_robot_interfaces/msg/detail/vehicle_info__type_support.h
-- Up-to-date symlink: /home/rokey/p3/cobot_ws/install/parking_robot_interfaces/include/parking_robot_interfaces/parking_robot_interfaces/msg/formation_assignment.h
-- Up-to-date symlink: /home/rokey/p3/cobot_ws/install/parking_robot_interfaces/include/parking_robot_interfaces/parking_robot_interfaces/msg/formation_stop.h
-- Up-to-date symlink: /home/rokey/p3/cobot_ws/install/parking_robot_interfaces/include/parking_robot_interfaces/parking_robot_interfaces/msg/obstacle_alert.h
-- Up-to-date symlink: /home/rokey/p3/cobot_ws/install/parking_robot_interfaces/include/parking_robot_interfaces/parking_robot_interfaces/msg/rosidl_generator_c__visibility_control.h
-- Up-to-date symlink: /home/rokey/p3/cobot_ws/install/parking_robot_interfaces/include/parking_robot_interfaces/parking_robot_interfaces/msg/task_state.h
-- Up-to-date symlink: /home/rokey/p3/cobot_ws/install/parking_robot_interfaces/include/parking_robot_interfaces/parking_robot_interfaces/msg/vehicle_info.h
-- Up-to-date symlink: /home/rokey/p3/cobot_ws/install/parking_robot_interfaces/include/parking_robot_interfaces/parking_robot_interfaces/srv/acquire_zones.h
-- Up-to-date symlink: /home/rokey/p3/cobot_ws/install/parking_robot_interfaces/include/parking_robot_interfaces/parking_robot_interfaces/srv/detail/acquire_zones__functions.h
-- Up-to-date symlink: /home/rokey/p3/cobot_ws/install/parking_robot_interfaces/include/parking_robot_interfaces/parking_robot_interfaces/srv/detail/acquire_zones__struct.h
-- Up-to-date symlink: /home/rokey/p3/cobot_ws/install/parking_robot_interfaces/include/parking_robot_interfaces/parking_robot_interfaces/srv/detail/acquire_zones__type_support.h
-- Up-to-date symlink: /home/rokey/p3/cobot_ws/install/parking_robot_interfaces/include/parking_robot_interfaces/parking_robot_interfaces/srv/detail/find_empty_slot__functions.h
-- Up-to-date symlink: /home/rokey/p3/cobot_ws/install/parking_robot_interfaces/include/parking_robot_interfaces/parking_robot_interfaces/srv/detail/find_empty_slot__struct.h
-- Up-to-date symlink: /home/rokey/p3/cobot_ws/install/parking_robot_interfaces/include/parking_robot_interfaces/parking_robot_interfaces/srv/detail/find_empty_slot__type_support.h
-- Up-to-date symlink: /home/rokey/p3/cobot_ws/install/parking_robot_interfaces/include/parking_robot_interfaces/parking_robot_interfaces/srv/detail/get_slot_info__functions.h
-- Up-to-date symlink: /home/rokey/p3/cobot_ws/install/parking_robot_interfaces/include/parking_robot_interfaces/parking_robot_interfaces/srv/detail/get_slot_info__struct.h
-- Up-to-date symlink: /home/rokey/p3/cobot_ws/install/parking_robot_interfaces/include/parking_robot_interfaces/parking_robot_interfaces/srv/detail/get_slot_info__type_support.h
-- Up-to-date symlink: /home/rokey/p3/cobot_ws/install/parking_robot_interfaces/include/parking_robot_interfaces/parking_robot_interfaces/srv/detail/get_task_status__functions.h
-- Up-to-date symlink: /home/rokey/p3/cobot_ws/install/parking_robot_interfaces/include/parking_robot_interfaces/parking_robot_interfaces/srv/detail/get_task_status__struct.h
-- Up-to-date symlink: /home/rokey/p3/cobot_ws/install/parking_robot_interfaces/include/parking_robot_interfaces/parking_robot_interfaces/srv/detail/get_task_status__type_support.h
-- Up-to-date symlink: /home/rokey/p3/cobot_ws/install/parking_robot_interfaces/include/parking_robot_interfaces/parking_robot_interfaces/srv/detail/park_in_slot__functions.h
-- Up-to-date symlink: /home/rokey/p3/cobot_ws/install/parking_robot_interfaces/include/parking_robot_interfaces/parking_robot_interfaces/srv/detail/park_in_slot__struct.h
-- Up-to-date symlink: /home/rokey/p3/cobot_ws/install/parking_robot_interfaces/include/parking_robot_interfaces/parking_robot_interfaces/srv/detail/park_in_slot__type_support.h
-- Up-to-date symlink: /home/rokey/p3/cobot_ws/install/parking_robot_interfaces/include/parking_robot_interfaces/parking_robot_interfaces/srv/detail/release_zones__functions.h
-- Up-to-date symlink: /home/rokey/p3/cobot_ws/install/parking_robot_interfaces/include/parking_robot_interfaces/parking_robot_interfaces/srv/detail/release_zones__struct.h
-- Up-to-date symlink: /home/rokey/p3/cobot_ws/install/parking_robot_interfaces/include/parking_robot_interfaces/parking_robot_interfaces/srv/detail/release_zones__type_support.h
-- Up-to-date symlink: /home/rokey/p3/cobot_ws/install/parking_robot_interfaces/include/parking_robot_interfaces/parking_robot_interfaces/srv/detail/request_parking_task__functions.h
-- Up-to-date symlink: /home/rokey/p3/cobot_ws/install/parking_robot_interfaces/include/parking_robot_interfaces/parking_robot_interfaces/srv/detail/request_parking_task__struct.h
-- Up-to-date symlink: /home/rokey/p3/cobot_ws/install/parking_robot_interfaces/include/parking_robot_interfaces/parking_robot_interfaces/srv/detail/request_parking_task__type_support.h
-- Up-to-date symlink: /home/rokey/p3/cobot_ws/install/parking_robot_interfaces/include/parking_robot_interfaces/parking_robot_interfaces/srv/find_empty_slot.h
-- Up-to-date symlink: /home/rokey/p3/cobot_ws/install/parking_robot_interfaces/include/parking_robot_interfaces/parking_robot_interfaces/srv/get_slot_info.h
-- Up-to-date symlink: /home/rokey/p3/cobot_ws/install/parking_robot_interfaces/include/parking_robot_interfaces/parking_robot_interfaces/srv/get_task_status.h
-- Up-to-date symlink: /home/rokey/p3/cobot_ws/install/parking_robot_interfaces/include/parking_robot_interfaces/parking_robot_interfaces/srv/park_in_slot.h
-- Up-to-date symlink: /home/rokey/p3/cobot_ws/install/parking_robot_interfaces/include/parking_robot_interfaces/parking_robot_interfaces/srv/release_zones.h
-- Up-to-date symlink: /home/rokey/p3/cobot_ws/install/parking_robot_interfaces/include/parking_robot_interfaces/parking_robot_interfaces/srv/request_parking_task.h
-- Up-to-date symlink: /home/rokey/p3/cobot_ws/install/parking_robot_interfaces/share/parking_robot_interfaces/environment/library_path.sh
-- Up-to-date symlink: /home/rokey/p3/cobot_ws/install/parking_robot_interfaces/share/parking_robot_interfaces/environment/library_path.dsv
-- Up-to-date symlink: /home/rokey/p3/cobot_ws/install/parking_robot_interfaces/include/parking_robot_interfaces/parking_robot_interfaces/action/detail/align_vehicle__rosidl_typesupport_fastrtps_c.h
-- Symlinking: /home/rokey/p3/cobot_ws/install/parking_robot_interfaces/include/parking_robot_interfaces/parking_robot_interfaces/action/detail/carry_to_slot__rosidl_typesupport_fastrtps_c.h
-- Up-to-date symlink: /home/rokey/p3/cobot_ws/install/parking_robot_interfaces/include/parking_robot_interfaces/parking_robot_interfaces/action/detail/control_lift__rosidl_typesupport_fastrtps_c.h
-- Up-to-date symlink: /home/rokey/p3/cobot_ws/install/parking_robot_interfaces/include/parking_robot_interfaces/parking_robot_interfaces/action/detail/detect_vehicle__rosidl_typesupport_fastrtps_c.h
-- Up-to-date symlink: /home/rokey/p3/cobot_ws/install/parking_robot_interfaces/include/parking_robot_interfaces/parking_robot_interfaces/action/detail/execute_parking_task__rosidl_typesupport_fastrtps_c.h
-- Up-to-date symlink: /home/rokey/p3/cobot_ws/install/parking_robot_interfaces/include/parking_robot_interfaces/parking_robot_interfaces/action/detail/ingress_under_truck__rosidl_typesupport_fastrtps_c.h
-- Up-to-date symlink: /home/rokey/p3/cobot_ws/install/parking_robot_interfaces/include/parking_robot_interfaces/parking_robot_interfaces/msg/detail/formation_assignment__rosidl_typesupport_fastrtps_c.h
-- Up-to-date symlink: /home/rokey/p3/cobot_ws/install/parking_robot_interfaces/include/parking_robot_interfaces/parking_robot_interfaces/msg/detail/formation_stop__rosidl_typesupport_fastrtps_c.h
-- Up-to-date symlink: /home/rokey/p3/cobot_ws/install/parking_robot_interfaces/include/parking_robot_interfaces/parking_robot_interfaces/msg/detail/obstacle_alert__rosidl_typesupport_fastrtps_c.h
-- Up-to-date symlink: /home/rokey/p3/cobot_ws/install/parking_robot_interfaces/include/parking_robot_interfaces/parking_robot_interfaces/msg/detail/task_state__rosidl_typesupport_fastrtps_c.h
-- Up-to-date symlink: /home/rokey/p3/cobot_ws/install/parking_robot_interfaces/include/parking_robot_interfaces/parking_robot_interfaces/msg/detail/vehicle_info__rosidl_typesupport_fastrtps_c.h
-- Up-to-date symlink: /home/rokey/p3/cobot_ws/install/parking_robot_interfaces/include/parking_robot_interfaces/parking_robot_interfaces/msg/rosidl_typesupport_fastrtps_c__visibility_control.h
-- Up-to-date symlink: /home/rokey/p3/cobot_ws/install/parking_robot_interfaces/include/parking_robot_interfaces/parking_robot_interfaces/srv/detail/acquire_zones__rosidl_typesupport_fastrtps_c.h
-- Up-to-date symlink: /home/rokey/p3/cobot_ws/install/parking_robot_interfaces/include/parking_robot_interfaces/parking_robot_interfaces/srv/detail/find_empty_slot__rosidl_typesupport_fastrtps_c.h
-- Up-to-date symlink: /home/rokey/p3/cobot_ws/install/parking_robot_interfaces/include/parking_robot_interfaces/parking_robot_interfaces/srv/detail/get_slot_info__rosidl_typesupport_fastrtps_c.h
-- Up-to-date symlink: /home/rokey/p3/cobot_ws/install/parking_robot_interfaces/include/parking_robot_interfaces/parking_robot_interfaces/srv/detail/get_task_status__rosidl_typesupport_fastrtps_c.h
-- Up-to-date symlink: /home/rokey/p3/cobot_ws/install/parking_robot_interfaces/include/parking_robot_interfaces/parking_robot_interfaces/srv/detail/park_in_slot__rosidl_typesupport_fastrtps_c.h
-- Up-to-date symlink: /home/rokey/p3/cobot_ws/install/parking_robot_interfaces/include/parking_robot_interfaces/parking_robot_interfaces/srv/detail/release_zones__rosidl_typesupport_fastrtps_c.h
-- Up-to-date symlink: /home/rokey/p3/cobot_ws/install/parking_robot_interfaces/include/parking_robot_interfaces/parking_robot_interfaces/srv/detail/request_parking_task__rosidl_typesupport_fastrtps_c.h
-- Up-to-date symlink: /home/rokey/p3/cobot_ws/install/parking_robot_interfaces/include/parking_robot_interfaces/parking_robot_interfaces/action/detail/align_vehicle__rosidl_typesupport_introspection_c.h
-- Symlinking: /home/rokey/p3/cobot_ws/install/parking_robot_interfaces/include/parking_robot_interfaces/parking_robot_interfaces/action/detail/carry_to_slot__rosidl_typesupport_introspection_c.h
-- Up-to-date symlink: /home/rokey/p3/cobot_ws/install/parking_robot_interfaces/include/parking_robot_interfaces/parking_robot_interfaces/action/detail/control_lift__rosidl_typesupport_introspection_c.h
-- Up-to-date symlink: /home/rokey/p3/cobot_ws/install/parking_robot_interfaces/include/parking_robot_interfaces/parking_robot_interfaces/action/detail/detect_vehicle__rosidl_typesupport_introspection_c.h
-- Up-to-date symlink: /home/rokey/p3/cobot_ws/install/parking_robot_interfaces/include/parking_robot_interfaces/parking_robot_interfaces/action/detail/execute_parking_task__rosidl_typesupport_introspection_c.h
-- Up-to-date symlink: /home/rokey/p3/cobot_ws/install/parking_robot_interfaces/include/parking_robot_interfaces/parking_robot_interfaces/action/detail/ingress_under_truck__rosidl_typesupport_introspection_c.h
-- Up-to-date symlink: /home/rokey/p3/cobot_ws/install/parking_robot_interfaces/include/parking_robot_interfaces/parking_robot_interfaces/msg/detail/formation_assignment__rosidl_typesupport_introspection_c.h
-- Up-to-date symlink: /home/rokey/p3/cobot_ws/install/parking_robot_interfaces/include/parking_robot_interfaces/parking_robot_interfaces/msg/detail/formation_stop__rosidl_typesupport_introspection_c.h
-- Up-to-date symlink: /home/rokey/p3/cobot_ws/install/parking_robot_interfaces/include/parking_robot_interfaces/parking_robot_interfaces/msg/detail/obstacle_alert__rosidl_typesupport_introspection_c.h
-- Up-to-date symlink: /home/rokey/p3/cobot_ws/install/parking_robot_interfaces/include/parking_robot_interfaces/parking_robot_interfaces/msg/detail/task_state__rosidl_typesupport_introspection_c.h
-- Up-to-date symlink: /home/rokey/p3/cobot_ws/install/parking_robot_interfaces/include/parking_robot_interfaces/parking_robot_interfaces/msg/detail/vehicle_info__rosidl_typesupport_introspection_c.h
-- Up-to-date symlink: /home/rokey/p3/cobot_ws/install/parking_robot_interfaces/include/parking_robot_interfaces/parking_robot_interfaces/msg/rosidl_typesupport_introspection_c__visibility_control.h
-- Up-to-date symlink: /home/rokey/p3/cobot_ws/install/parking_robot_interfaces/include/parking_robot_interfaces/parking_robot_interfaces/srv/detail/acquire_zones__rosidl_typesupport_introspection_c.h
-- Up-to-date symlink: /home/rokey/p3/cobot_ws/install/parking_robot_interfaces/include/parking_robot_interfaces/parking_robot_interfaces/srv/detail/find_empty_slot__rosidl_typesupport_introspection_c.h
-- Up-to-date symlink: /home/rokey/p3/cobot_ws/install/parking_robot_interfaces/include/parking_robot_interfaces/parking_robot_interfaces/srv/detail/get_slot_info__rosidl_typesupport_introspection_c.h
-- Up-to-date symlink: /home/rokey/p3/cobot_ws/install/parking_robot_interfaces/include/parking_robot_interfaces/parking_robot_interfaces/srv/detail/get_task_status__rosidl_typesupport_introspection_c.h
-- Up-to-date symlink: /home/rokey/p3/cobot_ws/install/parking_robot_interfaces/include/parking_robot_interfaces/parking_robot_interfaces/srv/detail/park_in_slot__rosidl_typesupport_introspection_c.h
-- Up-to-date symlink: /home/rokey/p3/cobot_ws/install/parking_robot_interfaces/include/parking_robot_interfaces/parking_robot_interfaces/srv/detail/release_zones__rosidl_typesupport_introspection_c.h
-- Up-to-date symlink: /home/rokey/p3/cobot_ws/install/parking_robot_interfaces/include/parking_robot_interfaces/parking_robot_interfaces/srv/detail/request_parking_task__rosidl_typesupport_introspection_c.h
-- Up-to-date symlink: /home/rokey/p3/cobot_ws/install/parking_robot_interfaces/include/parking_robot_interfaces/parking_robot_interfaces/action/align_vehicle.hpp
-- Symlinking: /home/rokey/p3/cobot_ws/install/parking_robot_interfaces/include/parking_robot_interfaces/parking_robot_interfaces/action/carry_to_slot.hpp
-- Up-to-date symlink: /home/rokey/p3/cobot_ws/install/parking_robot_interfaces/include/parking_robot_interfaces/parking_robot_interfaces/action/control_lift.hpp
-- Up-to-date symlink: /home/rokey/p3/cobot_ws/install/parking_robot_interfaces/include/parking_robot_interfaces/parking_robot_interfaces/action/detail/align_vehicle__builder.hpp
-- Up-to-date symlink: /home/rokey/p3/cobot_ws/install/parking_robot_interfaces/include/parking_robot_interfaces/parking_robot_interfaces/action/detail/align_vehicle__struct.hpp
-- Up-to-date symlink: /home/rokey/p3/cobot_ws/install/parking_robot_interfaces/include/parking_robot_interfaces/parking_robot_interfaces/action/detail/align_vehicle__traits.hpp
-- Up-to-date symlink: /home/rokey/p3/cobot_ws/install/parking_robot_interfaces/include/parking_robot_interfaces/parking_robot_interfaces/action/detail/align_vehicle__type_support.hpp
-- Symlinking: /home/rokey/p3/cobot_ws/install/parking_robot_interfaces/include/parking_robot_interfaces/parking_robot_interfaces/action/detail/carry_to_slot__builder.hpp
-- Symlinking: /home/rokey/p3/cobot_ws/install/parking_robot_interfaces/include/parking_robot_interfaces/parking_robot_interfaces/action/detail/carry_to_slot__struct.hpp
-- Symlinking: /home/rokey/p3/cobot_ws/install/parking_robot_interfaces/include/parking_robot_interfaces/parking_robot_interfaces/action/detail/carry_to_slot__traits.hpp
-- Symlinking: /home/rokey/p3/cobot_ws/install/parking_robot_interfaces/include/parking_robot_interfaces/parking_robot_interfaces/action/detail/carry_to_slot__type_support.hpp
-- Up-to-date symlink: /home/rokey/p3/cobot_ws/install/parking_robot_interfaces/include/parking_robot_interfaces/parking_robot_interfaces/action/detail/control_lift__builder.hpp
-- Up-to-date symlink: /home/rokey/p3/cobot_ws/install/parking_robot_interfaces/include/parking_robot_interfaces/parking_robot_interfaces/action/detail/control_lift__struct.hpp
-- Up-to-date symlink: /home/rokey/p3/cobot_ws/install/parking_robot_interfaces/include/parking_robot_interfaces/parking_robot_interfaces/action/detail/control_lift__traits.hpp
-- Up-to-date symlink: /home/rokey/p3/cobot_ws/install/parking_robot_interfaces/include/parking_robot_interfaces/parking_robot_interfaces/action/detail/control_lift__type_support.hpp
-- Up-to-date symlink: /home/rokey/p3/cobot_ws/install/parking_robot_interfaces/include/parking_robot_interfaces/parking_robot_interfaces/action/detail/detect_vehicle__builder.hpp
-- Up-to-date symlink: /home/rokey/p3/cobot_ws/install/parking_robot_interfaces/include/parking_robot_interfaces/parking_robot_interfaces/action/detail/detect_vehicle__struct.hpp
-- Up-to-date symlink: /home/rokey/p3/cobot_ws/install/parking_robot_interfaces/include/parking_robot_interfaces/parking_robot_interfaces/action/detail/detect_vehicle__traits.hpp
-- Up-to-date symlink: /home/rokey/p3/cobot_ws/install/parking_robot_interfaces/include/parking_robot_interfaces/parking_robot_interfaces/action/detail/detect_vehicle__type_support.hpp
-- Up-to-date symlink: /home/rokey/p3/cobot_ws/install/parking_robot_interfaces/include/parking_robot_interfaces/parking_robot_interfaces/action/detail/execute_parking_task__builder.hpp
-- Up-to-date symlink: /home/rokey/p3/cobot_ws/install/parking_robot_interfaces/include/parking_robot_interfaces/parking_robot_interfaces/action/detail/execute_parking_task__struct.hpp
-- Up-to-date symlink: /home/rokey/p3/cobot_ws/install/parking_robot_interfaces/include/parking_robot_interfaces/parking_robot_interfaces/action/detail/execute_parking_task__traits.hpp
-- Up-to-date symlink: /home/rokey/p3/cobot_ws/install/parking_robot_interfaces/include/parking_robot_interfaces/parking_robot_interfaces/action/detail/execute_parking_task__type_support.hpp
-- Up-to-date symlink: /home/rokey/p3/cobot_ws/install/parking_robot_interfaces/include/parking_robot_interfaces/parking_robot_interfaces/action/detail/ingress_under_truck__builder.hpp
-- Up-to-date symlink: /home/rokey/p3/cobot_ws/install/parking_robot_interfaces/include/parking_robot_interfaces/parking_robot_interfaces/action/detail/ingress_under_truck__struct.hpp
-- Up-to-date symlink: /home/rokey/p3/cobot_ws/install/parking_robot_interfaces/include/parking_robot_interfaces/parking_robot_interfaces/action/detail/ingress_under_truck__traits.hpp
-- Up-to-date symlink: /home/rokey/p3/cobot_ws/install/parking_robot_interfaces/include/parking_robot_interfaces/parking_robot_interfaces/action/detail/ingress_under_truck__type_support.hpp
-- Up-to-date symlink: /home/rokey/p3/cobot_ws/install/parking_robot_interfaces/include/parking_robot_interfaces/parking_robot_interfaces/action/detect_vehicle.hpp
-- Up-to-date symlink: /home/rokey/p3/cobot_ws/install/parking_robot_interfaces/include/parking_robot_interfaces/parking_robot_interfaces/action/execute_parking_task.hpp
-- Up-to-date symlink: /home/rokey/p3/cobot_ws/install/parking_robot_interfaces/include/parking_robot_interfaces/parking_robot_interfaces/action/ingress_under_truck.hpp
-- Up-to-date symlink: /home/rokey/p3/cobot_ws/install/parking_robot_interfaces/include/parking_robot_interfaces/parking_robot_interfaces/msg/detail/formation_assignment__builder.hpp
-- Up-to-date symlink: /home/rokey/p3/cobot_ws/install/parking_robot_interfaces/include/parking_robot_interfaces/parking_robot_interfaces/msg/detail/formation_assignment__struct.hpp
-- Up-to-date symlink: /home/rokey/p3/cobot_ws/install/parking_robot_interfaces/include/parking_robot_interfaces/parking_robot_interfaces/msg/detail/formation_assignment__traits.hpp
-- Up-to-date symlink: /home/rokey/p3/cobot_ws/install/parking_robot_interfaces/include/parking_robot_interfaces/parking_robot_interfaces/msg/detail/formation_assignment__type_support.hpp
-- Up-to-date symlink: /home/rokey/p3/cobot_ws/install/parking_robot_interfaces/include/parking_robot_interfaces/parking_robot_interfaces/msg/detail/formation_stop__builder.hpp
-- Up-to-date symlink: /home/rokey/p3/cobot_ws/install/parking_robot_interfaces/include/parking_robot_interfaces/parking_robot_interfaces/msg/detail/formation_stop__struct.hpp
-- Up-to-date symlink: /home/rokey/p3/cobot_ws/install/parking_robot_interfaces/include/parking_robot_interfaces/parking_robot_interfaces/msg/detail/formation_stop__traits.hpp
-- Up-to-date symlink: /home/rokey/p3/cobot_ws/install/parking_robot_interfaces/include/parking_robot_interfaces/parking_robot_interfaces/msg/detail/formation_stop__type_support.hpp
-- Up-to-date symlink: /home/rokey/p3/cobot_ws/install/parking_robot_interfaces/include/parking_robot_interfaces/parking_robot_interfaces/msg/detail/obstacle_alert__builder.hpp
-- Up-to-date symlink: /home/rokey/p3/cobot_ws/install/parking_robot_interfaces/include/parking_robot_interfaces/parking_robot_interfaces/msg/detail/obstacle_alert__struct.hpp
-- Up-to-date symlink: /home/rokey/p3/cobot_ws/install/parking_robot_interfaces/include/parking_robot_interfaces/parking_robot_interfaces/msg/detail/obstacle_alert__traits.hpp
-- Up-to-date symlink: /home/rokey/p3/cobot_ws/install/parking_robot_interfaces/include/parking_robot_interfaces/parking_robot_interfaces/msg/detail/obstacle_alert__type_support.hpp
-- Up-to-date symlink: /home/rokey/p3/cobot_ws/install/parking_robot_interfaces/include/parking_robot_interfaces/parking_robot_interfaces/msg/detail/task_state__builder.hpp
-- Up-to-date symlink: /home/rokey/p3/cobot_ws/install/parking_robot_interfaces/include/parking_robot_interfaces/parking_robot_interfaces/msg/detail/task_state__struct.hpp
-- Up-to-date symlink: /home/rokey/p3/cobot_ws/install/parking_robot_interfaces/include/parking_robot_interfaces/parking_robot_interfaces/msg/detail/task_state__traits.hpp
-- Up-to-date symlink: /home/rokey/p3/cobot_ws/install/parking_robot_interfaces/include/parking_robot_interfaces/parking_robot_interfaces/msg/detail/task_state__type_support.hpp
-- Up-to-date symlink: /home/rokey/p3/cobot_ws/install/parking_robot_interfaces/include/parking_robot_interfaces/parking_robot_interfaces/msg/detail/vehicle_info__builder.hpp
-- Up-to-date symlink: /home/rokey/p3/cobot_ws/install/parking_robot_interfaces/include/parking_robot_interfaces/parking_robot_interfaces/msg/detail/vehicle_info__struct.hpp
-- Up-to-date symlink: /home/rokey/p3/cobot_ws/install/parking_robot_interfaces/include/parking_robot_interfaces/parking_robot_interfaces/msg/detail/vehicle_info__traits.hpp
-- Up-to-date symlink: /home/rokey/p3/cobot_ws/install/parking_robot_interfaces/include/parking_robot_interfaces/parking_robot_interfaces/msg/detail/vehicle_info__type_support.hpp
-- Up-to-date symlink: /home/rokey/p3/cobot_ws/install/parking_robot_interfaces/include/parking_robot_interfaces/parking_robot_interfaces/msg/formation_assignment.hpp
-- Up-to-date symlink: /home/rokey/p3/cobot_ws/install/parking_robot_interfaces/include/parking_robot_interfaces/parking_robot_interfaces/msg/formation_stop.hpp
-- Up-to-date symlink: /home/rokey/p3/cobot_ws/install/parking_robot_interfaces/include/parking_robot_interfaces/parking_robot_interfaces/msg/obstacle_alert.hpp
-- Up-to-date symlink: /home/rokey/p3/cobot_ws/install/parking_robot_interfaces/include/parking_robot_interfaces/parking_robot_interfaces/msg/rosidl_generator_cpp__visibility_control.hpp
-- Up-to-date symlink: /home/rokey/p3/cobot_ws/install/parking_robot_interfaces/include/parking_robot_interfaces/parking_robot_interfaces/msg/task_state.hpp
-- Up-to-date symlink: /home/rokey/p3/cobot_ws/install/parking_robot_interfaces/include/parking_robot_interfaces/parking_robot_interfaces/msg/vehicle_info.hpp
-- Up-to-date symlink: /home/rokey/p3/cobot_ws/install/parking_robot_interfaces/include/parking_robot_interfaces/parking_robot_interfaces/srv/acquire_zones.hpp
-- Up-to-date symlink: /home/rokey/p3/cobot_ws/install/parking_robot_interfaces/include/parking_robot_interfaces/parking_robot_interfaces/srv/detail/acquire_zones__builder.hpp
-- Up-to-date symlink: /home/rokey/p3/cobot_ws/install/parking_robot_interfaces/include/parking_robot_interfaces/parking_robot_interfaces/srv/detail/acquire_zones__struct.hpp
-- Up-to-date symlink: /home/rokey/p3/cobot_ws/install/parking_robot_interfaces/include/parking_robot_interfaces/parking_robot_interfaces/srv/detail/acquire_zones__traits.hpp
-- Up-to-date symlink: /home/rokey/p3/cobot_ws/install/parking_robot_interfaces/include/parking_robot_interfaces/parking_robot_interfaces/srv/detail/acquire_zones__type_support.hpp
-- Up-to-date symlink: /home/rokey/p3/cobot_ws/install/parking_robot_interfaces/include/parking_robot_interfaces/parking_robot_interfaces/srv/detail/find_empty_slot__builder.hpp
-- Up-to-date symlink: /home/rokey/p3/cobot_ws/install/parking_robot_interfaces/include/parking_robot_interfaces/parking_robot_interfaces/srv/detail/find_empty_slot__struct.hpp
-- Up-to-date symlink: /home/rokey/p3/cobot_ws/install/parking_robot_interfaces/include/parking_robot_interfaces/parking_robot_interfaces/srv/detail/find_empty_slot__traits.hpp
-- Up-to-date symlink: /home/rokey/p3/cobot_ws/install/parking_robot_interfaces/include/parking_robot_interfaces/parking_robot_interfaces/srv/detail/find_empty_slot__type_support.hpp
-- Up-to-date symlink: /home/rokey/p3/cobot_ws/install/parking_robot_interfaces/include/parking_robot_interfaces/parking_robot_interfaces/srv/detail/get_slot_info__builder.hpp
-- Up-to-date symlink: /home/rokey/p3/cobot_ws/install/parking_robot_interfaces/include/parking_robot_interfaces/parking_robot_interfaces/srv/detail/get_slot_info__struct.hpp
-- Up-to-date symlink: /home/rokey/p3/cobot_ws/install/parking_robot_interfaces/include/parking_robot_interfaces/parking_robot_interfaces/srv/detail/get_slot_info__traits.hpp
-- Up-to-date symlink: /home/rokey/p3/cobot_ws/install/parking_robot_interfaces/include/parking_robot_interfaces/parking_robot_interfaces/srv/detail/get_slot_info__type_support.hpp
-- Up-to-date symlink: /home/rokey/p3/cobot_ws/install/parking_robot_interfaces/include/parking_robot_interfaces/parking_robot_interfaces/srv/detail/get_task_status__builder.hpp
-- Up-to-date symlink: /home/rokey/p3/cobot_ws/install/parking_robot_interfaces/include/parking_robot_interfaces/parking_robot_interfaces/srv/detail/get_task_status__struct.hpp
-- Up-to-date symlink: /home/rokey/p3/cobot_ws/install/parking_robot_interfaces/include/parking_robot_interfaces/parking_robot_interfaces/srv/detail/get_task_status__traits.hpp
-- Up-to-date symlink: /home/rokey/p3/cobot_ws/install/parking_robot_interfaces/include/parking_robot_interfaces/parking_robot_interfaces/srv/detail/get_task_status__type_support.hpp
-- Up-to-date symlink: /home/rokey/p3/cobot_ws/install/parking_robot_interfaces/include/parking_robot_interfaces/parking_robot_interfaces/srv/detail/park_in_slot__builder.hpp
-- Up-to-date symlink: /home/rokey/p3/cobot_ws/install/parking_robot_interfaces/include/parking_robot_interfaces/parking_robot_interfaces/srv/detail/park_in_slot__struct.hpp
-- Up-to-date symlink: /home/rokey/p3/cobot_ws/install/parking_robot_interfaces/include/parking_robot_interfaces/parking_robot_interfaces/srv/detail/park_in_slot__traits.hpp
-- Up-to-date symlink: /home/rokey/p3/cobot_ws/install/parking_robot_interfaces/include/parking_robot_interfaces/parking_robot_interfaces/srv/detail/park_in_slot__type_support.hpp
-- Up-to-date symlink: /home/rokey/p3/cobot_ws/install/parking_robot_interfaces/include/parking_robot_interfaces/parking_robot_interfaces/srv/detail/release_zones__builder.hpp
-- Up-to-date symlink: /home/rokey/p3/cobot_ws/install/parking_robot_interfaces/include/parking_robot_interfaces/parking_robot_interfaces/srv/detail/release_zones__struct.hpp
-- Up-to-date symlink: /home/rokey/p3/cobot_ws/install/parking_robot_interfaces/include/parking_robot_interfaces/parking_robot_interfaces/srv/detail/release_zones__traits.hpp
-- Up-to-date symlink: /home/rokey/p3/cobot_ws/install/parking_robot_interfaces/include/parking_robot_interfaces/parking_robot_interfaces/srv/detail/release_zones__type_support.hpp
-- Up-to-date symlink: /home/rokey/p3/cobot_ws/install/parking_robot_interfaces/include/parking_robot_interfaces/parking_robot_interfaces/srv/detail/request_parking_task__builder.hpp
-- Up-to-date symlink: /home/rokey/p3/cobot_ws/install/parking_robot_interfaces/include/parking_robot_interfaces/parking_robot_interfaces/srv/detail/request_parking_task__struct.hpp
-- Up-to-date symlink: /home/rokey/p3/cobot_ws/install/parking_robot_interfaces/include/parking_robot_interfaces/parking_robot_interfaces/srv/detail/request_parking_task__traits.hpp
-- Up-to-date symlink: /home/rokey/p3/cobot_ws/install/parking_robot_interfaces/include/parking_robot_interfaces/parking_robot_interfaces/srv/detail/request_parking_task__type_support.hpp
-- Up-to-date symlink: /home/rokey/p3/cobot_ws/install/parking_robot_interfaces/include/parking_robot_interfaces/parking_robot_interfaces/srv/find_empty_slot.hpp
-- Up-to-date symlink: /home/rokey/p3/cobot_ws/install/parking_robot_interfaces/include/parking_robot_interfaces/parking_robot_interfaces/srv/get_slot_info.hpp
-- Up-to-date symlink: /home/rokey/p3/cobot_ws/install/parking_robot_interfaces/include/parking_robot_interfaces/parking_robot_interfaces/srv/get_task_status.hpp
-- Up-to-date symlink: /home/rokey/p3/cobot_ws/install/parking_robot_interfaces/include/parking_robot_interfaces/parking_robot_interfaces/srv/park_in_slot.hpp
-- Up-to-date symlink: /home/rokey/p3/cobot_ws/install/parking_robot_interfaces/include/parking_robot_interfaces/parking_robot_interfaces/srv/release_zones.hpp
-- Up-to-date symlink: /home/rokey/p3/cobot_ws/install/parking_robot_interfaces/include/parking_robot_interfaces/parking_robot_interfaces/srv/request_parking_task.hpp
-- Up-to-date symlink: /home/rokey/p3/cobot_ws/install/parking_robot_interfaces/include/parking_robot_interfaces/parking_robot_interfaces/action/detail/align_vehicle__rosidl_typesupport_fastrtps_cpp.hpp
-- Symlinking: /home/rokey/p3/cobot_ws/install/parking_robot_interfaces/include/parking_robot_interfaces/parking_robot_interfaces/action/detail/carry_to_slot__rosidl_typesupport_fastrtps_cpp.hpp
-- Up-to-date symlink: /home/rokey/p3/cobot_ws/install/parking_robot_interfaces/include/parking_robot_interfaces/parking_robot_interfaces/action/detail/control_lift__rosidl_typesupport_fastrtps_cpp.hpp
-- Up-to-date symlink: /home/rokey/p3/cobot_ws/install/parking_robot_interfaces/include/parking_robot_interfaces/parking_robot_interfaces/action/detail/detect_vehicle__rosidl_typesupport_fastrtps_cpp.hpp
-- Up-to-date symlink: /home/rokey/p3/cobot_ws/install/parking_robot_interfaces/include/parking_robot_interfaces/parking_robot_interfaces/action/detail/execute_parking_task__rosidl_typesupport_fastrtps_cpp.hpp
-- Up-to-date symlink: /home/rokey/p3/cobot_ws/install/parking_robot_interfaces/include/parking_robot_interfaces/parking_robot_interfaces/action/detail/ingress_under_truck__rosidl_typesupport_fastrtps_cpp.hpp
-- Up-to-date symlink: /home/rokey/p3/cobot_ws/install/parking_robot_interfaces/include/parking_robot_interfaces/parking_robot_interfaces/msg/detail/formation_assignment__rosidl_typesupport_fastrtps_cpp.hpp
-- Up-to-date symlink: /home/rokey/p3/cobot_ws/install/parking_robot_interfaces/include/parking_robot_interfaces/parking_robot_interfaces/msg/detail/formation_stop__rosidl_typesupport_fastrtps_cpp.hpp
-- Up-to-date symlink: /home/rokey/p3/cobot_ws/install/parking_robot_interfaces/include/parking_robot_interfaces/parking_robot_interfaces/msg/detail/obstacle_alert__rosidl_typesupport_fastrtps_cpp.hpp
-- Up-to-date symlink: /home/rokey/p3/cobot_ws/install/parking_robot_interfaces/include/parking_robot_interfaces/parking_robot_interfaces/msg/detail/task_state__rosidl_typesupport_fastrtps_cpp.hpp
-- Up-to-date symlink: /home/rokey/p3/cobot_ws/install/parking_robot_interfaces/include/parking_robot_interfaces/parking_robot_interfaces/msg/detail/vehicle_info__rosidl_typesupport_fastrtps_cpp.hpp
-- Up-to-date symlink: /home/rokey/p3/cobot_ws/install/parking_robot_interfaces/include/parking_robot_interfaces/parking_robot_interfaces/msg/rosidl_typesupport_fastrtps_cpp__visibility_control.h
-- Up-to-date symlink: /home/rokey/p3/cobot_ws/install/parking_robot_interfaces/include/parking_robot_interfaces/parking_robot_interfaces/srv/detail/acquire_zones__rosidl_typesupport_fastrtps_cpp.hpp
-- Up-to-date symlink: /home/rokey/p3/cobot_ws/install/parking_robot_interfaces/include/parking_robot_interfaces/parking_robot_interfaces/srv/detail/find_empty_slot__rosidl_typesupport_fastrtps_cpp.hpp
-- Up-to-date symlink: /home/rokey/p3/cobot_ws/install/parking_robot_interfaces/include/parking_robot_interfaces/parking_robot_interfaces/srv/detail/get_slot_info__rosidl_typesupport_fastrtps_cpp.hpp
-- Up-to-date symlink: /home/rokey/p3/cobot_ws/install/parking_robot_interfaces/include/parking_robot_interfaces/parking_robot_interfaces/srv/detail/get_task_status__rosidl_typesupport_fastrtps_cpp.hpp
-- Up-to-date symlink: /home/rokey/p3/cobot_ws/install/parking_robot_interfaces/include/parking_robot_interfaces/parking_robot_interfaces/srv/detail/park_in_slot__rosidl_typesupport_fastrtps_cpp.hpp
-- Up-to-date symlink: /home/rokey/p3/cobot_ws/install/parking_robot_interfaces/include/parking_robot_interfaces/parking_robot_interfaces/srv/detail/release_zones__rosidl_typesupport_fastrtps_cpp.hpp
-- Up-to-date symlink: /home/rokey/p3/cobot_ws/install/parking_robot_interfaces/include/parking_robot_interfaces/parking_robot_interfaces/srv/detail/request_parking_task__rosidl_typesupport_fastrtps_cpp.hpp
-- Up-to-date symlink: /home/rokey/p3/cobot_ws/install/parking_robot_interfaces/include/parking_robot_interfaces/parking_robot_interfaces/action/detail/align_vehicle__rosidl_typesupport_introspection_cpp.hpp
-- Symlinking: /home/rokey/p3/cobot_ws/install/parking_robot_interfaces/include/parking_robot_interfaces/parking_robot_interfaces/action/detail/carry_to_slot__rosidl_typesupport_introspection_cpp.hpp
-- Up-to-date symlink: /home/rokey/p3/cobot_ws/install/parking_robot_interfaces/include/parking_robot_interfaces/parking_robot_interfaces/action/detail/control_lift__rosidl_typesupport_introspection_cpp.hpp
-- Up-to-date symlink: /home/rokey/p3/cobot_ws/install/parking_robot_interfaces/include/parking_robot_interfaces/parking_robot_interfaces/action/detail/detect_vehicle__rosidl_typesupport_introspection_cpp.hpp
-- Up-to-date symlink: /home/rokey/p3/cobot_ws/install/parking_robot_interfaces/include/parking_robot_interfaces/parking_robot_interfaces/action/detail/execute_parking_task__rosidl_typesupport_introspection_cpp.hpp
-- Up-to-date symlink: /home/rokey/p3/cobot_ws/install/parking_robot_interfaces/include/parking_robot_interfaces/parking_robot_interfaces/action/detail/ingress_under_truck__rosidl_typesupport_introspection_cpp.hpp
-- Up-to-date symlink: /home/rokey/p3/cobot_ws/install/parking_robot_interfaces/include/parking_robot_interfaces/parking_robot_interfaces/msg/detail/formation_assignment__rosidl_typesupport_introspection_cpp.hpp
-- Up-to-date symlink: /home/rokey/p3/cobot_ws/install/parking_robot_interfaces/include/parking_robot_interfaces/parking_robot_interfaces/msg/detail/formation_stop__rosidl_typesupport_introspection_cpp.hpp
-- Up-to-date symlink: /home/rokey/p3/cobot_ws/install/parking_robot_interfaces/include/parking_robot_interfaces/parking_robot_interfaces/msg/detail/obstacle_alert__rosidl_typesupport_introspection_cpp.hpp
-- Up-to-date symlink: /home/rokey/p3/cobot_ws/install/parking_robot_interfaces/include/parking_robot_interfaces/parking_robot_interfaces/msg/detail/task_state__rosidl_typesupport_introspection_cpp.hpp
-- Up-to-date symlink: /home/rokey/p3/cobot_ws/install/parking_robot_interfaces/include/parking_robot_interfaces/parking_robot_interfaces/msg/detail/vehicle_info__rosidl_typesupport_introspection_cpp.hpp
-- Up-to-date symlink: /home/rokey/p3/cobot_ws/install/parking_robot_interfaces/include/parking_robot_interfaces/parking_robot_interfaces/srv/detail/acquire_zones__rosidl_typesupport_introspection_cpp.hpp
-- Up-to-date symlink: /home/rokey/p3/cobot_ws/install/parking_robot_interfaces/include/parking_robot_interfaces/parking_robot_interfaces/srv/detail/find_empty_slot__rosidl_typesupport_introspection_cpp.hpp
-- Up-to-date symlink: /home/rokey/p3/cobot_ws/install/parking_robot_interfaces/include/parking_robot_interfaces/parking_robot_interfaces/srv/detail/get_slot_info__rosidl_typesupport_introspection_cpp.hpp
-- Up-to-date symlink: /home/rokey/p3/cobot_ws/install/parking_robot_interfaces/include/parking_robot_interfaces/parking_robot_interfaces/srv/detail/get_task_status__rosidl_typesupport_introspection_cpp.hpp
-- Up-to-date symlink: /home/rokey/p3/cobot_ws/install/parking_robot_interfaces/include/parking_robot_interfaces/parking_robot_interfaces/srv/detail/park_in_slot__rosidl_typesupport_introspection_cpp.hpp
-- Up-to-date symlink: /home/rokey/p3/cobot_ws/install/parking_robot_interfaces/include/parking_robot_interfaces/parking_robot_interfaces/srv/detail/release_zones__rosidl_typesupport_introspection_cpp.hpp
-- Up-to-date symlink: /home/rokey/p3/cobot_ws/install/parking_robot_interfaces/include/parking_robot_interfaces/parking_robot_interfaces/srv/detail/request_parking_task__rosidl_typesupport_introspection_cpp.hpp
-- Up-to-date symlink: /home/rokey/p3/cobot_ws/install/parking_robot_interfaces/share/parking_robot_interfaces/environment/pythonpath.sh
-- Up-to-date symlink: /home/rokey/p3/cobot_ws/install/parking_robot_interfaces/share/parking_robot_interfaces/environment/pythonpath.dsv
-- Up-to-date symlink: /home/rokey/p3/cobot_ws/install/parking_robot_interfaces/local/lib/python3.10/dist-packages/parking_robot_interfaces-0.0.1-py3.10.egg-info/PKG-INFO
-- Up-to-date symlink: /home/rokey/p3/cobot_ws/install/parking_robot_interfaces/local/lib/python3.10/dist-packages/parking_robot_interfaces-0.0.1-py3.10.egg-info/SOURCES.txt
-- Up-to-date symlink: /home/rokey/p3/cobot_ws/install/parking_robot_interfaces/local/lib/python3.10/dist-packages/parking_robot_interfaces-0.0.1-py3.10.egg-info/dependency_links.txt
-- Up-to-date symlink: /home/rokey/p3/cobot_ws/install/parking_robot_interfaces/local/lib/python3.10/dist-packages/parking_robot_interfaces-0.0.1-py3.10.egg-info/top_level.txt
-- Up-to-date symlink: /home/rokey/p3/cobot_ws/install/parking_robot_interfaces/local/lib/python3.10/dist-packages/parking_robot_interfaces/__init__.py
-- Up-to-date symlink: /home/rokey/p3/cobot_ws/install/parking_robot_interfaces/local/lib/python3.10/dist-packages/parking_robot_interfaces/_parking_robot_interfaces_s.ep.rosidl_typesupport_c.c
-- Up-to-date symlink: /home/rokey/p3/cobot_ws/install/parking_robot_interfaces/local/lib/python3.10/dist-packages/parking_robot_interfaces/_parking_robot_interfaces_s.ep.rosidl_typesupport_fastrtps_c.c
-- Up-to-date symlink: /home/rokey/p3/cobot_ws/install/parking_robot_interfaces/local/lib/python3.10/dist-packages/parking_robot_interfaces/_parking_robot_interfaces_s.ep.rosidl_typesupport_introspection_c.c
-- Up-to-date symlink: /home/rokey/p3/cobot_ws/install/parking_robot_interfaces/local/lib/python3.10/dist-packages/parking_robot_interfaces/action/__init__.py
-- Up-to-date symlink: /home/rokey/p3/cobot_ws/install/parking_robot_interfaces/local/lib/python3.10/dist-packages/parking_robot_interfaces/action/_align_vehicle.py
-- Up-to-date symlink: /home/rokey/p3/cobot_ws/install/parking_robot_interfaces/local/lib/python3.10/dist-packages/parking_robot_interfaces/action/_align_vehicle_s.c
-- Symlinking: /home/rokey/p3/cobot_ws/install/parking_robot_interfaces/local/lib/python3.10/dist-packages/parking_robot_interfaces/action/_carry_to_slot.py
-- Symlinking: /home/rokey/p3/cobot_ws/install/parking_robot_interfaces/local/lib/python3.10/dist-packages/parking_robot_interfaces/action/_carry_to_slot_s.c
-- Up-to-date symlink: /home/rokey/p3/cobot_ws/install/parking_robot_interfaces/local/lib/python3.10/dist-packages/parking_robot_interfaces/action/_control_lift.py
-- Up-to-date symlink: /home/rokey/p3/cobot_ws/install/parking_robot_interfaces/local/lib/python3.10/dist-packages/parking_robot_interfaces/action/_control_lift_s.c
-- Up-to-date symlink: /home/rokey/p3/cobot_ws/install/parking_robot_interfaces/local/lib/python3.10/dist-packages/parking_robot_interfaces/action/_detect_vehicle.py
-- Up-to-date symlink: /home/rokey/p3/cobot_ws/install/parking_robot_interfaces/local/lib/python3.10/dist-packages/parking_robot_interfaces/action/_detect_vehicle_s.c
-- Up-to-date symlink: /home/rokey/p3/cobot_ws/install/parking_robot_interfaces/local/lib/python3.10/dist-packages/parking_robot_interfaces/action/_execute_parking_task.py
-- Up-to-date symlink: /home/rokey/p3/cobot_ws/install/parking_robot_interfaces/local/lib/python3.10/dist-packages/parking_robot_interfaces/action/_execute_parking_task_s.c
-- Up-to-date symlink: /home/rokey/p3/cobot_ws/install/parking_robot_interfaces/local/lib/python3.10/dist-packages/parking_robot_interfaces/action/_ingress_under_truck.py
-- Up-to-date symlink: /home/rokey/p3/cobot_ws/install/parking_robot_interfaces/local/lib/python3.10/dist-packages/parking_robot_interfaces/action/_ingress_under_truck_s.c
-- Up-to-date symlink: /home/rokey/p3/cobot_ws/install/parking_robot_interfaces/local/lib/python3.10/dist-packages/parking_robot_interfaces/libparking_robot_interfaces__rosidl_generator_py.so
-- Up-to-date symlink: /home/rokey/p3/cobot_ws/install/parking_robot_interfaces/local/lib/python3.10/dist-packages/parking_robot_interfaces/msg/__init__.py
-- Up-to-date symlink: /home/rokey/p3/cobot_ws/install/parking_robot_interfaces/local/lib/python3.10/dist-packages/parking_robot_interfaces/msg/_formation_assignment.py
-- Up-to-date symlink: /home/rokey/p3/cobot_ws/install/parking_robot_interfaces/local/lib/python3.10/dist-packages/parking_robot_interfaces/msg/_formation_assignment_s.c
-- Up-to-date symlink: /home/rokey/p3/cobot_ws/install/parking_robot_interfaces/local/lib/python3.10/dist-packages/parking_robot_interfaces/msg/_formation_stop.py
-- Up-to-date symlink: /home/rokey/p3/cobot_ws/install/parking_robot_interfaces/local/lib/python3.10/dist-packages/parking_robot_interfaces/msg/_formation_stop_s.c
-- Up-to-date symlink: /home/rokey/p3/cobot_ws/install/parking_robot_interfaces/local/lib/python3.10/dist-packages/parking_robot_interfaces/msg/_obstacle_alert.py
-- Up-to-date symlink: /home/rokey/p3/cobot_ws/install/parking_robot_interfaces/local/lib/python3.10/dist-packages/parking_robot_interfaces/msg/_obstacle_alert_s.c
-- Up-to-date symlink: /home/rokey/p3/cobot_ws/install/parking_robot_interfaces/local/lib/python3.10/dist-packages/parking_robot_interfaces/msg/_task_state.py
-- Up-to-date symlink: /home/rokey/p3/cobot_ws/install/parking_robot_interfaces/local/lib/python3.10/dist-packages/parking_robot_interfaces/msg/_task_state_s.c
-- Up-to-date symlink: /home/rokey/p3/cobot_ws/install/parking_robot_interfaces/local/lib/python3.10/dist-packages/parking_robot_interfaces/msg/_vehicle_info.py
-- Up-to-date symlink: /home/rokey/p3/cobot_ws/install/parking_robot_interfaces/local/lib/python3.10/dist-packages/parking_robot_interfaces/msg/_vehicle_info_s.c
-- Up-to-date symlink: /home/rokey/p3/cobot_ws/install/parking_robot_interfaces/local/lib/python3.10/dist-packages/parking_robot_interfaces/parking_robot_interfaces_s__rosidl_typesupport_c.cpython-310-x86_64-linux-gnu.so
-- Up-to-date symlink: /home/rokey/p3/cobot_ws/install/parking_robot_interfaces/local/lib/python3.10/dist-packages/parking_robot_interfaces/parking_robot_interfaces_s__rosidl_typesupport_fastrtps_c.cpython-310-x86_64-linux-gnu.so
-- Up-to-date symlink: /home/rokey/p3/cobot_ws/install/parking_robot_interfaces/local/lib/python3.10/dist-packages/parking_robot_interfaces/parking_robot_interfaces_s__rosidl_typesupport_introspection_c.cpython-310-x86_64-linux-gnu.so
-- Up-to-date symlink: /home/rokey/p3/cobot_ws/install/parking_robot_interfaces/local/lib/python3.10/dist-packages/parking_robot_interfaces/srv/__init__.py
-- Up-to-date symlink: /home/rokey/p3/cobot_ws/install/parking_robot_interfaces/local/lib/python3.10/dist-packages/parking_robot_interfaces/srv/_acquire_zones.py
-- Up-to-date symlink: /home/rokey/p3/cobot_ws/install/parking_robot_interfaces/local/lib/python3.10/dist-packages/parking_robot_interfaces/srv/_acquire_zones_s.c
-- Up-to-date symlink: /home/rokey/p3/cobot_ws/install/parking_robot_interfaces/local/lib/python3.10/dist-packages/parking_robot_interfaces/srv/_find_empty_slot.py
-- Up-to-date symlink: /home/rokey/p3/cobot_ws/install/parking_robot_interfaces/local/lib/python3.10/dist-packages/parking_robot_interfaces/srv/_find_empty_slot_s.c
-- Up-to-date symlink: /home/rokey/p3/cobot_ws/install/parking_robot_interfaces/local/lib/python3.10/dist-packages/parking_robot_interfaces/srv/_get_slot_info.py
-- Up-to-date symlink: /home/rokey/p3/cobot_ws/install/parking_robot_interfaces/local/lib/python3.10/dist-packages/parking_robot_interfaces/srv/_get_slot_info_s.c
-- Up-to-date symlink: /home/rokey/p3/cobot_ws/install/parking_robot_interfaces/local/lib/python3.10/dist-packages/parking_robot_interfaces/srv/_get_task_status.py
-- Up-to-date symlink: /home/rokey/p3/cobot_ws/install/parking_robot_interfaces/local/lib/python3.10/dist-packages/parking_robot_interfaces/srv/_get_task_status_s.c
-- Up-to-date symlink: /home/rokey/p3/cobot_ws/install/parking_robot_interfaces/local/lib/python3.10/dist-packages/parking_robot_interfaces/srv/_park_in_slot.py
-- Up-to-date symlink: /home/rokey/p3/cobot_ws/install/parking_robot_interfaces/local/lib/python3.10/dist-packages/parking_robot_interfaces/srv/_park_in_slot_s.c
-- Up-to-date symlink: /home/rokey/p3/cobot_ws/install/parking_robot_interfaces/local/lib/python3.10/dist-packages/parking_robot_interfaces/srv/_release_zones.py
-- Up-to-date symlink: /home/rokey/p3/cobot_ws/install/parking_robot_interfaces/local/lib/python3.10/dist-packages/parking_robot_interfaces/srv/_release_zones_s.c
-- Up-to-date symlink: /home/rokey/p3/cobot_ws/install/parking_robot_interfaces/local/lib/python3.10/dist-packages/parking_robot_interfaces/srv/_request_parking_task.py
-- Up-to-date symlink: /home/rokey/p3/cobot_ws/install/parking_robot_interfaces/local/lib/python3.10/dist-packages/parking_robot_interfaces/srv/_request_parking_task_s.c
-- Up-to-date symlink: /home/rokey/p3/cobot_ws/install/parking_robot_interfaces/local/lib/python3.10/dist-packages/parking_robot_interfaces/parking_robot_interfaces_s__rosidl_typesupport_fastrtps_c.cpython-310-x86_64-linux-gnu.so
-- Up-to-date symlink: /home/rokey/p3/cobot_ws/install/parking_robot_interfaces/local/lib/python3.10/dist-packages/parking_robot_interfaces/parking_robot_interfaces_s__rosidl_typesupport_introspection_c.cpython-310-x86_64-linux-gnu.so
-- Up-to-date symlink: /home/rokey/p3/cobot_ws/install/parking_robot_interfaces/local/lib/python3.10/dist-packages/parking_robot_interfaces/parking_robot_interfaces_s__rosidl_typesupport_c.cpython-310-x86_64-linux-gnu.so
-- Up-to-date symlink: /home/rokey/p3/cobot_ws/install/parking_robot_interfaces/share/ament_index/resource_index/rust_packages/parking_robot_interfaces
-- Up-to-date symlink: /home/rokey/p3/cobot_ws/install/parking_robot_interfaces/share/parking_robot_interfaces/rust/Cargo.toml
-- Up-to-date symlink: /home/rokey/p3/cobot_ws/install/parking_robot_interfaces/share/parking_robot_interfaces/rust/build.rs
-- Up-to-date symlink: /home/rokey/p3/cobot_ws/install/parking_robot_interfaces/share/parking_robot_interfaces/rust/src/action.rs
-- Up-to-date symlink: /home/rokey/p3/cobot_ws/install/parking_robot_interfaces/share/parking_robot_interfaces/rust/src/action/rmw.rs
-- Up-to-date symlink: /home/rokey/p3/cobot_ws/install/parking_robot_interfaces/share/parking_robot_interfaces/rust/src/lib.rs
-- Up-to-date symlink: /home/rokey/p3/cobot_ws/install/parking_robot_interfaces/share/parking_robot_interfaces/rust/src/msg.rs
-- Up-to-date symlink: /home/rokey/p3/cobot_ws/install/parking_robot_interfaces/share/parking_robot_interfaces/rust/src/msg/rmw.rs
-- Up-to-date symlink: /home/rokey/p3/cobot_ws/install/parking_robot_interfaces/share/parking_robot_interfaces/rust/src/srv.rs
-- Up-to-date symlink: /home/rokey/p3/cobot_ws/install/parking_robot_interfaces/share/parking_robot_interfaces/rust/src/srv/rmw.rs
-- Up-to-date symlink: /home/rokey/p3/cobot_ws/install/parking_robot_interfaces/share/parking_robot_interfaces/msg/VehicleInfo.idl
-- Up-to-date symlink: /home/rokey/p3/cobot_ws/install/parking_robot_interfaces/share/parking_robot_interfaces/msg/TaskState.idl
-- Up-to-date symlink: /home/rokey/p3/cobot_ws/install/parking_robot_interfaces/share/parking_robot_interfaces/msg/ObstacleAlert.idl
-- Up-to-date symlink: /home/rokey/p3/cobot_ws/install/parking_robot_interfaces/share/parking_robot_interfaces/msg/FormationStop.idl
-- Up-to-date symlink: /home/rokey/p3/cobot_ws/install/parking_robot_interfaces/share/parking_robot_interfaces/msg/FormationAssignment.idl
-- Up-to-date symlink: /home/rokey/p3/cobot_ws/install/parking_robot_interfaces/share/parking_robot_interfaces/srv/FindEmptySlot.idl
-- Up-to-date symlink: /home/rokey/p3/cobot_ws/install/parking_robot_interfaces/share/parking_robot_interfaces/srv/ParkInSlot.idl
-- Up-to-date symlink: /home/rokey/p3/cobot_ws/install/parking_robot_interfaces/share/parking_robot_interfaces/srv/GetSlotInfo.idl
-- Up-to-date symlink: /home/rokey/p3/cobot_ws/install/parking_robot_interfaces/share/parking_robot_interfaces/srv/RequestParkingTask.idl
-- Up-to-date symlink: /home/rokey/p3/cobot_ws/install/parking_robot_interfaces/share/parking_robot_interfaces/srv/GetTaskStatus.idl
-- Up-to-date symlink: /home/rokey/p3/cobot_ws/install/parking_robot_interfaces/share/parking_robot_interfaces/srv/AcquireZones.idl
-- Up-to-date symlink: /home/rokey/p3/cobot_ws/install/parking_robot_interfaces/share/parking_robot_interfaces/srv/ReleaseZones.idl
-- Up-to-date symlink: /home/rokey/p3/cobot_ws/install/parking_robot_interfaces/share/parking_robot_interfaces/action/ExecuteParkingTask.idl
-- Up-to-date symlink: /home/rokey/p3/cobot_ws/install/parking_robot_interfaces/share/parking_robot_interfaces/action/DetectVehicle.idl
-- Up-to-date symlink: /home/rokey/p3/cobot_ws/install/parking_robot_interfaces/share/parking_robot_interfaces/action/AlignVehicle.idl
-- Up-to-date symlink: /home/rokey/p3/cobot_ws/install/parking_robot_interfaces/share/parking_robot_interfaces/action/ControlLift.idl
-- Up-to-date symlink: /home/rokey/p3/cobot_ws/install/parking_robot_interfaces/share/parking_robot_interfaces/action/IngressUnderTruck.idl
-- Symlinking: /home/rokey/p3/cobot_ws/install/parking_robot_interfaces/share/parking_robot_interfaces/action/CarryToSlot.idl
-- Up-to-date symlink: /home/rokey/p3/cobot_ws/install/parking_robot_interfaces/share/parking_robot_interfaces/msg/VehicleInfo.msg
-- Up-to-date symlink: /home/rokey/p3/cobot_ws/install/parking_robot_interfaces/share/parking_robot_interfaces/msg/TaskState.msg
-- Up-to-date symlink: /home/rokey/p3/cobot_ws/install/parking_robot_interfaces/share/parking_robot_interfaces/msg/ObstacleAlert.msg
-- Up-to-date symlink: /home/rokey/p3/cobot_ws/install/parking_robot_interfaces/share/parking_robot_interfaces/msg/FormationStop.msg
-- Up-to-date symlink: /home/rokey/p3/cobot_ws/install/parking_robot_interfaces/share/parking_robot_interfaces/msg/FormationAssignment.msg
-- Up-to-date symlink: /home/rokey/p3/cobot_ws/install/parking_robot_interfaces/share/parking_robot_interfaces/srv/FindEmptySlot.srv
-- Up-to-date symlink: /home/rokey/p3/cobot_ws/install/parking_robot_interfaces/share/parking_robot_interfaces/srv/FindEmptySlot_Request.msg
-- Up-to-date symlink: /home/rokey/p3/cobot_ws/install/parking_robot_interfaces/share/parking_robot_interfaces/srv/FindEmptySlot_Response.msg
-- Up-to-date symlink: /home/rokey/p3/cobot_ws/install/parking_robot_interfaces/share/parking_robot_interfaces/srv/ParkInSlot.srv
-- Up-to-date symlink: /home/rokey/p3/cobot_ws/install/parking_robot_interfaces/share/parking_robot_interfaces/srv/ParkInSlot_Request.msg
-- Up-to-date symlink: /home/rokey/p3/cobot_ws/install/parking_robot_interfaces/share/parking_robot_interfaces/srv/ParkInSlot_Response.msg
-- Up-to-date symlink: /home/rokey/p3/cobot_ws/install/parking_robot_interfaces/share/parking_robot_interfaces/srv/GetSlotInfo.srv
-- Up-to-date symlink: /home/rokey/p3/cobot_ws/install/parking_robot_interfaces/share/parking_robot_interfaces/srv/GetSlotInfo_Request.msg
-- Up-to-date symlink: /home/rokey/p3/cobot_ws/install/parking_robot_interfaces/share/parking_robot_interfaces/srv/GetSlotInfo_Response.msg
-- Up-to-date symlink: /home/rokey/p3/cobot_ws/install/parking_robot_interfaces/share/parking_robot_interfaces/srv/RequestParkingTask.srv
-- Up-to-date symlink: /home/rokey/p3/cobot_ws/install/parking_robot_interfaces/share/parking_robot_interfaces/srv/RequestParkingTask_Request.msg
-- Up-to-date symlink: /home/rokey/p3/cobot_ws/install/parking_robot_interfaces/share/parking_robot_interfaces/srv/RequestParkingTask_Response.msg
-- Up-to-date symlink: /home/rokey/p3/cobot_ws/install/parking_robot_interfaces/share/parking_robot_interfaces/srv/GetTaskStatus.srv
-- Up-to-date symlink: /home/rokey/p3/cobot_ws/install/parking_robot_interfaces/share/parking_robot_interfaces/srv/GetTaskStatus_Request.msg
-- Up-to-date symlink: /home/rokey/p3/cobot_ws/install/parking_robot_interfaces/share/parking_robot_interfaces/srv/GetTaskStatus_Response.msg
-- Up-to-date symlink: /home/rokey/p3/cobot_ws/install/parking_robot_interfaces/share/parking_robot_interfaces/srv/AcquireZones.srv
-- Up-to-date symlink: /home/rokey/p3/cobot_ws/install/parking_robot_interfaces/share/parking_robot_interfaces/srv/AcquireZones_Request.msg
-- Up-to-date symlink: /home/rokey/p3/cobot_ws/install/parking_robot_interfaces/share/parking_robot_interfaces/srv/AcquireZones_Response.msg
-- Up-to-date symlink: /home/rokey/p3/cobot_ws/install/parking_robot_interfaces/share/parking_robot_interfaces/srv/ReleaseZones.srv
-- Up-to-date symlink: /home/rokey/p3/cobot_ws/install/parking_robot_interfaces/share/parking_robot_interfaces/srv/ReleaseZones_Request.msg
-- Up-to-date symlink: /home/rokey/p3/cobot_ws/install/parking_robot_interfaces/share/parking_robot_interfaces/srv/ReleaseZones_Response.msg
-- Up-to-date symlink: /home/rokey/p3/cobot_ws/install/parking_robot_interfaces/share/parking_robot_interfaces/action/ExecuteParkingTask.action
-- Up-to-date symlink: /home/rokey/p3/cobot_ws/install/parking_robot_interfaces/share/parking_robot_interfaces/action/DetectVehicle.action
-- Up-to-date symlink: /home/rokey/p3/cobot_ws/install/parking_robot_interfaces/share/parking_robot_interfaces/action/AlignVehicle.action
-- Up-to-date symlink: /home/rokey/p3/cobot_ws/install/parking_robot_interfaces/share/parking_robot_interfaces/action/ControlLift.action
-- Up-to-date symlink: /home/rokey/p3/cobot_ws/install/parking_robot_interfaces/share/parking_robot_interfaces/action/IngressUnderTruck.action
-- Symlinking: /home/rokey/p3/cobot_ws/install/parking_robot_interfaces/share/parking_robot_interfaces/action/CarryToSlot.action
-- Up-to-date symlink: /home/rokey/p3/cobot_ws/install/parking_robot_interfaces/share/ament_index/resource_index/package_run_dependencies/parking_robot_interfaces
-- Up-to-date symlink: /home/rokey/p3/cobot_ws/install/parking_robot_interfaces/share/ament_index/resource_index/parent_prefix_path/parking_robot_interfaces
-- Up-to-date symlink: /home/rokey/p3/cobot_ws/install/parking_robot_interfaces/share/parking_robot_interfaces/environment/ament_prefix_path.sh
-- Up-to-date symlink: /home/rokey/p3/cobot_ws/install/parking_robot_interfaces/share/parking_robot_interfaces/environment/ament_prefix_path.dsv
-- Up-to-date symlink: /home/rokey/p3/cobot_ws/install/parking_robot_interfaces/share/parking_robot_interfaces/environment/path.sh
-- Up-to-date symlink: /home/rokey/p3/cobot_ws/install/parking_robot_interfaces/share/parking_robot_interfaces/environment/path.dsv
-- Up-to-date symlink: /home/rokey/p3/cobot_ws/install/parking_robot_interfaces/share/parking_robot_interfaces/local_setup.bash
-- Up-to-date symlink: /home/rokey/p3/cobot_ws/install/parking_robot_interfaces/share/parking_robot_interfaces/local_setup.sh
-- Up-to-date symlink: /home/rokey/p3/cobot_ws/install/parking_robot_interfaces/share/parking_robot_interfaces/local_setup.zsh
-- Up-to-date symlink: /home/rokey/p3/cobot_ws/install/parking_robot_interfaces/share/parking_robot_interfaces/local_setup.dsv
-- Symlinking: /home/rokey/p3/cobot_ws/install/parking_robot_interfaces/share/parking_robot_interfaces/package.dsv
-- Up-to-date symlink: /home/rokey/p3/cobot_ws/install/parking_robot_interfaces/share/ament_index/resource_index/packages/parking_robot_interfaces
-- Up-to-date symlink: /home/rokey/p3/cobot_ws/install/parking_robot_interfaces/share/parking_robot_interfaces/cmake/rosidl_cmake-extras.cmake
-- Up-to-date symlink: /home/rokey/p3/cobot_ws/install/parking_robot_interfaces/share/parking_robot_interfaces/cmake/ament_cmake_export_dependencies-extras.cmake
-- Up-to-date symlink: /home/rokey/p3/cobot_ws/install/parking_robot_interfaces/share/parking_robot_interfaces/cmake/ament_cmake_export_include_directories-extras.cmake
-- Up-to-date symlink: /home/rokey/p3/cobot_ws/install/parking_robot_interfaces/share/parking_robot_interfaces/cmake/ament_cmake_export_libraries-extras.cmake
-- Up-to-date symlink: /home/rokey/p3/cobot_ws/install/parking_robot_interfaces/share/parking_robot_interfaces/cmake/ament_cmake_export_targets-extras.cmake
-- Up-to-date symlink: /home/rokey/p3/cobot_ws/install/parking_robot_interfaces/share/parking_robot_interfaces/cmake/rosidl_cmake_export_typesupport_targets-extras.cmake
-- Up-to-date symlink: /home/rokey/p3/cobot_ws/install/parking_robot_interfaces/share/parking_robot_interfaces/cmake/rosidl_cmake_export_typesupport_libraries-extras.cmake
-- Up-to-date symlink: /home/rokey/p3/cobot_ws/install/parking_robot_interfaces/share/parking_robot_interfaces/cmake/parking_robot_interfacesConfig.cmake
-- Up-to-date symlink: /home/rokey/p3/cobot_ws/install/parking_robot_interfaces/share/parking_robot_interfaces/cmake/parking_robot_interfacesConfig-version.cmake
-- Up-to-date symlink: /home/rokey/p3/cobot_ws/install/parking_robot_interfaces/share/parking_robot_interfaces/package.xml
-- Installing: /home/rokey/p3/cobot_ws/install/parking_robot_interfaces/lib/libparking_robot_interfaces__rosidl_generator_c.so
-- Set runtime path of "/home/rokey/p3/cobot_ws/install/parking_robot_interfaces/lib/libparking_robot_interfaces__rosidl_generator_c.so" to ""
-- Installing: /home/rokey/p3/cobot_ws/install/parking_robot_interfaces/lib/libparking_robot_interfaces__rosidl_typesupport_fastrtps_c.so
-- Set runtime path of "/home/rokey/p3/cobot_ws/install/parking_robot_interfaces/lib/libparking_robot_interfaces__rosidl_typesupport_fastrtps_c.so" to ""
-- Installing: /home/rokey/p3/cobot_ws/install/parking_robot_interfaces/lib/libparking_robot_interfaces__rosidl_typesupport_introspection_c.so
-- Set runtime path of "/home/rokey/p3/cobot_ws/install/parking_robot_interfaces/lib/libparking_robot_interfaces__rosidl_typesupport_introspection_c.so" to ""
-- Installing: /home/rokey/p3/cobot_ws/install/parking_robot_interfaces/lib/libparking_robot_interfaces__rosidl_typesupport_c.so
-- Set runtime path of "/home/rokey/p3/cobot_ws/install/parking_robot_interfaces/lib/libparking_robot_interfaces__rosidl_typesupport_c.so" to ""
-- Installing: /home/rokey/p3/cobot_ws/install/parking_robot_interfaces/lib/libparking_robot_interfaces__rosidl_typesupport_fastrtps_cpp.so
-- Set runtime path of "/home/rokey/p3/cobot_ws/install/parking_robot_interfaces/lib/libparking_robot_interfaces__rosidl_typesupport_fastrtps_cpp.so" to ""
-- Installing: /home/rokey/p3/cobot_ws/install/parking_robot_interfaces/lib/libparking_robot_interfaces__rosidl_typesupport_introspection_cpp.so
-- Set runtime path of "/home/rokey/p3/cobot_ws/install/parking_robot_interfaces/lib/libparking_robot_interfaces__rosidl_typesupport_introspection_cpp.so" to ""
-- Installing: /home/rokey/p3/cobot_ws/install/parking_robot_interfaces/lib/libparking_robot_interfaces__rosidl_typesupport_cpp.so
-- Set runtime path of "/home/rokey/p3/cobot_ws/install/parking_robot_interfaces/lib/libparking_robot_interfaces__rosidl_typesupport_cpp.so" to ""
Listing '/home/rokey/p3/cobot_ws/install/parking_robot_interfaces/local/lib/python3.10/dist-packages/parking_robot_interfaces'...
Compiling '/home/rokey/p3/cobot_ws/install/parking_robot_interfaces/local/lib/python3.10/dist-packages/parking_robot_interfaces/__init__.py'...
Listing '/home/rokey/p3/cobot_ws/install/parking_robot_interfaces/local/lib/python3.10/dist-packages/parking_robot_interfaces/action'...
Compiling '/home/rokey/p3/cobot_ws/install/parking_robot_interfaces/local/lib/python3.10/dist-packages/parking_robot_interfaces/action/__init__.py'...
Compiling '/home/rokey/p3/cobot_ws/install/parking_robot_interfaces/local/lib/python3.10/dist-packages/parking_robot_interfaces/action/_align_vehicle.py'...
Compiling '/home/rokey/p3/cobot_ws/install/parking_robot_interfaces/local/lib/python3.10/dist-packages/parking_robot_interfaces/action/_carry_to_slot.py'...
Compiling '/home/rokey/p3/cobot_ws/install/parking_robot_interfaces/local/lib/python3.10/dist-packages/parking_robot_interfaces/action/_control_lift.py'...
Compiling '/home/rokey/p3/cobot_ws/install/parking_robot_interfaces/local/lib/python3.10/dist-packages/parking_robot_interfaces/action/_detect_vehicle.py'...
Compiling '/home/rokey/p3/cobot_ws/install/parking_robot_interfaces/local/lib/python3.10/dist-packages/parking_robot_interfaces/action/_execute_parking_task.py'...
Compiling '/home/rokey/p3/cobot_ws/install/parking_robot_interfaces/local/lib/python3.10/dist-packages/parking_robot_interfaces/action/_ingress_under_truck.py'...
Listing '/home/rokey/p3/cobot_ws/install/parking_robot_interfaces/local/lib/python3.10/dist-packages/parking_robot_interfaces/msg'...
Compiling '/home/rokey/p3/cobot_ws/install/parking_robot_interfaces/local/lib/python3.10/dist-packages/parking_robot_interfaces/msg/__init__.py'...
Compiling '/home/rokey/p3/cobot_ws/install/parking_robot_interfaces/local/lib/python3.10/dist-packages/parking_robot_interfaces/msg/_formation_assignment.py'...
Compiling '/home/rokey/p3/cobot_ws/install/parking_robot_interfaces/local/lib/python3.10/dist-packages/parking_robot_interfaces/msg/_formation_stop.py'...
Compiling '/home/rokey/p3/cobot_ws/install/parking_robot_interfaces/local/lib/python3.10/dist-packages/parking_robot_interfaces/msg/_obstacle_alert.py'...
Compiling '/home/rokey/p3/cobot_ws/install/parking_robot_interfaces/local/lib/python3.10/dist-packages/parking_robot_interfaces/msg/_task_state.py'...
Compiling '/home/rokey/p3/cobot_ws/install/parking_robot_interfaces/local/lib/python3.10/dist-packages/parking_robot_interfaces/msg/_vehicle_info.py'...
Listing '/home/rokey/p3/cobot_ws/install/parking_robot_interfaces/local/lib/python3.10/dist-packages/parking_robot_interfaces/srv'...
Compiling '/home/rokey/p3/cobot_ws/install/parking_robot_interfaces/local/lib/python3.10/dist-packages/parking_robot_interfaces/srv/__init__.py'...
Compiling '/home/rokey/p3/cobot_ws/install/parking_robot_interfaces/local/lib/python3.10/dist-packages/parking_robot_interfaces/srv/_acquire_zones.py'...
Compiling '/home/rokey/p3/cobot_ws/install/parking_robot_interfaces/local/lib/python3.10/dist-packages/parking_robot_interfaces/srv/_find_empty_slot.py'...
Compiling '/home/rokey/p3/cobot_ws/install/parking_robot_interfaces/local/lib/python3.10/dist-packages/parking_robot_interfaces/srv/_get_slot_info.py'...
Compiling '/home/rokey/p3/cobot_ws/install/parking_robot_interfaces/local/lib/python3.10/dist-packages/parking_robot_interfaces/srv/_get_task_status.py'...
Compiling '/home/rokey/p3/cobot_ws/install/parking_robot_interfaces/local/lib/python3.10/dist-packages/parking_robot_interfaces/srv/_park_in_slot.py'...
Compiling '/home/rokey/p3/cobot_ws/install/parking_robot_interfaces/local/lib/python3.10/dist-packages/parking_robot_interfaces/srv/_release_zones.py'...
Compiling '/home/rokey/p3/cobot_ws/install/parking_robot_interfaces/local/lib/python3.10/dist-packages/parking_robot_interfaces/srv/_request_parking_task.py'...
-- Installing: /home/rokey/p3/cobot_ws/install/parking_robot_interfaces/lib/libparking_robot_interfaces__rosidl_generator_py.so
-- Set runtime path of "/home/rokey/p3/cobot_ws/install/parking_robot_interfaces/lib/libparking_robot_interfaces__rosidl_generator_py.so" to ""
-- Up-to-date: /home/rokey/p3/cobot_ws/install/parking_robot_interfaces/share/parking_robot_interfaces/cmake/export_parking_robot_interfaces__rosidl_generator_cExport.cmake
-- Up-to-date: /home/rokey/p3/cobot_ws/install/parking_robot_interfaces/share/parking_robot_interfaces/cmake/export_parking_robot_interfaces__rosidl_generator_cExport-noconfig.cmake
-- Up-to-date: /home/rokey/p3/cobot_ws/install/parking_robot_interfaces/share/parking_robot_interfaces/cmake/export_parking_robot_interfaces__rosidl_typesupport_fastrtps_cExport.cmake
-- Up-to-date: /home/rokey/p3/cobot_ws/install/parking_robot_interfaces/share/parking_robot_interfaces/cmake/export_parking_robot_interfaces__rosidl_typesupport_fastrtps_cExport-noconfig.cmake
-- Up-to-date: /home/rokey/p3/cobot_ws/install/parking_robot_interfaces/share/parking_robot_interfaces/cmake/parking_robot_interfaces__rosidl_typesupport_introspection_cExport.cmake
-- Up-to-date: /home/rokey/p3/cobot_ws/install/parking_robot_interfaces/share/parking_robot_interfaces/cmake/parking_robot_interfaces__rosidl_typesupport_introspection_cExport-noconfig.cmake
-- Up-to-date: /home/rokey/p3/cobot_ws/install/parking_robot_interfaces/share/parking_robot_interfaces/cmake/parking_robot_interfaces__rosidl_typesupport_cExport.cmake
-- Up-to-date: /home/rokey/p3/cobot_ws/install/parking_robot_interfaces/share/parking_robot_interfaces/cmake/parking_robot_interfaces__rosidl_typesupport_cExport-noconfig.cmake
-- Up-to-date: /home/rokey/p3/cobot_ws/install/parking_robot_interfaces/share/parking_robot_interfaces/cmake/export_parking_robot_interfaces__rosidl_generator_cppExport.cmake
-- Up-to-date: /home/rokey/p3/cobot_ws/install/parking_robot_interfaces/share/parking_robot_interfaces/cmake/export_parking_robot_interfaces__rosidl_typesupport_fastrtps_cppExport.cmake
-- Up-to-date: /home/rokey/p3/cobot_ws/install/parking_robot_interfaces/share/parking_robot_interfaces/cmake/export_parking_robot_interfaces__rosidl_typesupport_fastrtps_cppExport-noconfig.cmake
-- Up-to-date: /home/rokey/p3/cobot_ws/install/parking_robot_interfaces/share/parking_robot_interfaces/cmake/parking_robot_interfaces__rosidl_typesupport_introspection_cppExport.cmake
-- Up-to-date: /home/rokey/p3/cobot_ws/install/parking_robot_interfaces/share/parking_robot_interfaces/cmake/parking_robot_interfaces__rosidl_typesupport_introspection_cppExport-noconfig.cmake
-- Up-to-date: /home/rokey/p3/cobot_ws/install/parking_robot_interfaces/share/parking_robot_interfaces/cmake/parking_robot_interfaces__rosidl_typesupport_cppExport.cmake
-- Up-to-date: /home/rokey/p3/cobot_ws/install/parking_robot_interfaces/share/parking_robot_interfaces/cmake/parking_robot_interfaces__rosidl_typesupport_cppExport-noconfig.cmake
-- Up-to-date: /home/rokey/p3/cobot_ws/install/parking_robot_interfaces/share/parking_robot_interfaces/cmake/export_parking_robot_interfaces__rosidl_generator_pyExport.cmake
-- Up-to-date: /home/rokey/p3/cobot_ws/install/parking_robot_interfaces/share/parking_robot_interfaces/cmake/export_parking_robot_interfaces__rosidl_generator_pyExport-noconfig.cmake
