[0.005s] Invoking command in '/home/rokey/p3/cobot_ws/build/parking_robot_interfaces': CMAKE_PREFIX_PATH=/opt/ros/humble /usr/bin/cmake --build /home/rokey/p3/cobot_ws/build/parking_robot_interfaces -- -j24 -l24
[0.022s] -- Found ament_cmake: 1.3.14 (/opt/ros/humble/share/ament_cmake/cmake)
[0.082s] -- Override CMake install command with custom implementation using symlinks instead of copying resources
[0.085s] -- Found rosidl_default_generators: 1.2.1 (/opt/ros/humble/share/rosidl_default_generators/cmake)
[0.087s] -- Using all available rosidl_typesupport_c: rosidl_typesupport_fastrtps_c;rosidl_typesupport_introspection_c
[0.088s] -- Found rosidl_adapter: 3.1.8 (/opt/ros/humble/share/rosidl_adapter/cmake)
[0.103s] -- Using all available rosidl_typesupport_cpp: rosidl_typesupport_fastrtps_cpp;rosidl_typesupport_introspection_cpp
[0.112s] -- Found geometry_msgs: 4.9.1 (/opt/ros/humble/share/geometry_msgs/cmake)
[0.336s] -- Found ament_cmake_ros: 0.10.0 (/opt/ros/humble/share/ament_cmake_ros/cmake)
[0.460s] -- Using all available rosidl_typesupport_c: rosidl_typesupport_fastrtps_c;rosidl_typesupport_introspection_c
[0.622s] -- Using all available rosidl_typesupport_cpp: rosidl_typesupport_fastrtps_cpp;rosidl_typesupport_introspection_cpp
[0.634s] -- Found python_cmake_module: 0.10.0 (/opt/ros/humble/share/python_cmake_module/cmake)
[0.647s] -- Using PYTHON_EXECUTABLE: /usr/bin/python3
[0.647s] -- Using PYTHON_INCLUDE_DIRS: /usr/include/python3.10
[0.647s] -- Using PYTHON_LIBRARIES: /usr/lib/x86_64-linux-gnu/libpython3.10.so
[0.710s] -- Configuring done
[0.738s] -- Generating done
[0.745s] -- Build files have been written to: /home/rokey/p3/cobot_ws/build/parking_robot_interfaces
[0.761s] [  0%] Generating C code for ROS interfaces
[0.766s] [  0%] Generating C++ code for ROS interfaces
[0.767s] [  1%] Generating Rust code for ROS interfaces
[0.772s] [  1%] Built target ament_cmake_python_symlink_parking_robot_interfaces
[0.868s] running egg_info
[0.868s] writing parking_robot_interfaces.egg-info/PKG-INFO
[0.868s] writing dependency_links to parking_robot_interfaces.egg-info/dependency_links.txt
[0.868s] writing top-level names to parking_robot_interfaces.egg-info/top_level.txt
[0.869s] reading manifest file 'parking_robot_interfaces.egg-info/SOURCES.txt'
[0.870s] writing manifest file 'parking_robot_interfaces.egg-info/SOURCES.txt'
[0.884s] [  1%] Built target ament_cmake_python_build_parking_robot_interfaces_egg
[1.182s] [  1%] Built target parking_robot_interfaces__rs
[1.832s] [  1%] Built target parking_robot_interfaces__cpp
[1.837s] Consolidate compiler generated dependencies of target parking_robot_interfaces__rosidl_generator_c
[1.838s] [  2%] Generating C++ type support for eProsima Fast-RTPS
[1.838s] [  3%] Generating C++ introspection for ROS interfaces
[1.839s] [  4%] Generating C++ type support dispatch for ROS interfaces
[1.845s] [  5%] Building C object CMakeFiles/parking_robot_interfaces__rosidl_generator_c.dir/rosidl_generator_c/parking_robot_interfaces/msg/detail/obstacle_alert__functions.c.o
[1.846s] [  6%] Building C object CMakeFiles/parking_robot_interfaces__rosidl_generator_c.dir/rosidl_generator_c/parking_robot_interfaces/msg/detail/vehicle_info__functions.c.o
[1.846s] [  6%] Building C object CMakeFiles/parking_robot_interfaces__rosidl_generator_c.dir/rosidl_generator_c/parking_robot_interfaces/msg/detail/task_state__functions.c.o
[1.846s] [  7%] Building C object CMakeFiles/parking_robot_interfaces__rosidl_generator_c.dir/rosidl_generator_c/parking_robot_interfaces/msg/detail/formation_stop__functions.c.o
[1.846s] [  7%] Building C object CMakeFiles/parking_robot_interfaces__rosidl_generator_c.dir/rosidl_generator_c/parking_robot_interfaces/msg/detail/formation_assignment__functions.c.o
[1.846s] [  8%] Building C object CMakeFiles/parking_robot_interfaces__rosidl_generator_c.dir/rosidl_generator_c/parking_robot_interfaces/srv/detail/find_empty_slot__functions.c.o
[1.847s] [  8%] Building C object CMakeFiles/parking_robot_interfaces__rosidl_generator_c.dir/rosidl_generator_c/parking_robot_interfaces/srv/detail/park_in_slot__functions.c.o
[1.849s] [  9%] Building C object CMakeFiles/parking_robot_interfaces__rosidl_generator_c.dir/rosidl_generator_c/parking_robot_interfaces/action/detail/execute_parking_task__functions.c.o
[1.849s] [  9%] Building C object CMakeFiles/parking_robot_interfaces__rosidl_generator_c.dir/rosidl_generator_c/parking_robot_interfaces/action/detail/align_vehicle__functions.c.o
[1.849s] [  9%] Building C object CMakeFiles/parking_robot_interfaces__rosidl_generator_c.dir/rosidl_generator_c/parking_robot_interfaces/action/detail/ingress_under_truck__functions.c.o
[1.849s] [  9%] Building C object CMakeFiles/parking_robot_interfaces__rosidl_generator_c.dir/rosidl_generator_c/parking_robot_interfaces/srv/detail/get_task_status__functions.c.o
[1.849s] [ 10%] Building C object CMakeFiles/parking_robot_interfaces__rosidl_generator_c.dir/rosidl_generator_c/parking_robot_interfaces/srv/detail/request_parking_task__functions.c.o
[1.849s] [ 12%] Building C object CMakeFiles/parking_robot_interfaces__rosidl_generator_c.dir/rosidl_generator_c/parking_robot_interfaces/srv/detail/get_slot_info__functions.c.o
[1.849s] [ 12%] Building C object CMakeFiles/parking_robot_interfaces__rosidl_generator_c.dir/rosidl_generator_c/parking_robot_interfaces/srv/detail/acquire_zones__functions.c.o
[1.850s] [ 13%] Building C object CMakeFiles/parking_robot_interfaces__rosidl_generator_c.dir/rosidl_generator_c/parking_robot_interfaces/action/detail/carry_to_slot__functions.c.o
[1.850s] [ 13%] Building C object CMakeFiles/parking_robot_interfaces__rosidl_generator_c.dir/rosidl_generator_c/parking_robot_interfaces/srv/detail/release_zones__functions.c.o
[1.850s] [ 14%] Building C object CMakeFiles/parking_robot_interfaces__rosidl_generator_c.dir/rosidl_generator_c/parking_robot_interfaces/action/detail/control_lift__functions.c.o
[1.850s] [ 15%] Building C object CMakeFiles/parking_robot_interfaces__rosidl_generator_c.dir/rosidl_generator_c/parking_robot_interfaces/action/detail/detect_vehicle__functions.c.o
[1.935s] [ 16%] Linking C shared library libparking_robot_interfaces__rosidl_generator_c.so
[1.967s] [ 16%] Built target parking_robot_interfaces__rosidl_generator_c
[1.973s] [ 17%] Generating C type support for eProsima Fast-RTPS
[1.975s] [ 18%] Generating C type support dispatch for ROS interfaces
[1.976s] [ 19%] Generating C introspection for ROS interfaces
[2.426s] Consolidate compiler generated dependencies of target parking_robot_interfaces__rosidl_typesupport_cpp
[2.435s] [ 19%] Building CXX object CMakeFiles/parking_robot_interfaces__rosidl_typesupport_cpp.dir/rosidl_typesupport_cpp/parking_robot_interfaces/msg/vehicle_info__type_support.cpp.o
[2.438s] [ 20%] Building CXX object CMakeFiles/parking_robot_interfaces__rosidl_typesupport_cpp.dir/rosidl_typesupport_cpp/parking_robot_interfaces/msg/task_state__type_support.cpp.o
[2.438s] [ 20%] Building CXX object CMakeFiles/parking_robot_interfaces__rosidl_typesupport_cpp.dir/rosidl_typesupport_cpp/parking_robot_interfaces/msg/obstacle_alert__type_support.cpp.o
[2.438s] [ 21%] Building CXX object CMakeFiles/parking_robot_interfaces__rosidl_typesupport_cpp.dir/rosidl_typesupport_cpp/parking_robot_interfaces/msg/formation_stop__type_support.cpp.o
[2.439s] [ 22%] Building CXX object CMakeFiles/parking_robot_interfaces__rosidl_typesupport_cpp.dir/rosidl_typesupport_cpp/parking_robot_interfaces/msg/formation_assignment__type_support.cpp.o
[2.441s] [ 23%] Building CXX object CMakeFiles/parking_robot_interfaces__rosidl_typesupport_cpp.dir/rosidl_typesupport_cpp/parking_robot_interfaces/srv/park_in_slot__type_support.cpp.o
[2.442s] [ 23%] Building CXX object CMakeFiles/parking_robot_interfaces__rosidl_typesupport_cpp.dir/rosidl_typesupport_cpp/parking_robot_interfaces/srv/find_empty_slot__type_support.cpp.o
[2.443s] [ 24%] Building CXX object CMakeFiles/parking_robot_interfaces__rosidl_typesupport_cpp.dir/rosidl_typesupport_cpp/parking_robot_interfaces/srv/get_task_status__type_support.cpp.o
[2.443s] [ 24%] Building CXX object CMakeFiles/parking_robot_interfaces__rosidl_typesupport_cpp.dir/rosidl_typesupport_cpp/parking_robot_interfaces/srv/get_slot_info__type_support.cpp.o
[2.445s] [ 25%] Building CXX object CMakeFiles/parking_robot_interfaces__rosidl_typesupport_cpp.dir/rosidl_typesupport_cpp/parking_robot_interfaces/srv/request_parking_task__type_support.cpp.o
[2.447s] [ 25%] Building CXX object CMakeFiles/parking_robot_interfaces__rosidl_typesupport_cpp.dir/rosidl_typesupport_cpp/parking_robot_interfaces/srv/acquire_zones__type_support.cpp.o
[2.447s] [ 26%] Building CXX object CMakeFiles/parking_robot_interfaces__rosidl_typesupport_cpp.dir/rosidl_typesupport_cpp/parking_robot_interfaces/srv/release_zones__type_support.cpp.o
[2.456s] [ 27%] Building CXX object CMakeFiles/parking_robot_interfaces__rosidl_typesupport_cpp.dir/rosidl_typesupport_cpp/parking_robot_interfaces/action/detect_vehicle__type_support.cpp.o
[2.456s] [ 28%] Building CXX object CMakeFiles/parking_robot_interfaces__rosidl_typesupport_cpp.dir/rosidl_typesupport_cpp/parking_robot_interfaces/action/align_vehicle__type_support.cpp.o
[2.459s] [ 29%] Building CXX object CMakeFiles/parking_robot_interfaces__rosidl_typesupport_cpp.dir/rosidl_typesupport_cpp/parking_robot_interfaces/action/ingress_under_truck__type_support.cpp.o
[2.459s] [ 29%] Building CXX object CMakeFiles/parking_robot_interfaces__rosidl_typesupport_cpp.dir/rosidl_typesupport_cpp/parking_robot_interfaces/action/control_lift__type_support.cpp.o
[2.459s] [ 29%] Building CXX object CMakeFiles/parking_robot_interfaces__rosidl_typesupport_cpp.dir/rosidl_typesupport_cpp/parking_robot_interfaces/action/execute_parking_task__type_support.cpp.o
[2.459s] [ 29%] Building CXX object CMakeFiles/parking_robot_interfaces__rosidl_typesupport_cpp.dir/rosidl_typesupport_cpp/parking_robot_interfaces/action/carry_to_slot__type_support.cpp.o
[2.609s] Consolidate compiler generated dependencies of target parking_robot_interfaces__rosidl_typesupport_c
[2.621s] [ 29%] Building CXX object CMakeFiles/parking_robot_interfaces__rosidl_typesupport_c.dir/rosidl_typesupport_c/parking_robot_interfaces/msg/vehicle_info__type_support.cpp.o
[2.622s] [ 30%] Building CXX object CMakeFiles/parking_robot_interfaces__rosidl_typesupport_c.dir/rosidl_typesupport_c/parking_robot_interfaces/msg/task_state__type_support.cpp.o
[2.622s] [ 30%] Building CXX object CMakeFiles/parking_robot_interfaces__rosidl_typesupport_c.dir/rosidl_typesupport_c/parking_robot_interfaces/msg/obstacle_alert__type_support.cpp.o
[2.622s] [ 31%] Building CXX object CMakeFiles/parking_robot_interfaces__rosidl_typesupport_c.dir/rosidl_typesupport_c/parking_robot_interfaces/msg/formation_stop__type_support.cpp.o
[2.625s] [ 31%] Building CXX object CMakeFiles/parking_robot_interfaces__rosidl_typesupport_c.dir/rosidl_typesupport_c/parking_robot_interfaces/msg/formation_assignment__type_support.cpp.o
[2.626s] [ 32%] Building CXX object CMakeFiles/parking_robot_interfaces__rosidl_typesupport_c.dir/rosidl_typesupport_c/parking_robot_interfaces/srv/find_empty_slot__type_support.cpp.o
[2.627s] Consolidate compiler generated dependencies of target parking_robot_interfaces__rosidl_typesupport_introspection_cpp
[2.628s] [ 34%] Building CXX object CMakeFiles/parking_robot_interfaces__rosidl_typesupport_c.dir/rosidl_typesupport_c/parking_robot_interfaces/srv/request_parking_task__type_support.cpp.o
[2.628s] [ 34%] Building CXX object CMakeFiles/parking_robot_interfaces__rosidl_typesupport_c.dir/rosidl_typesupport_c/parking_robot_interfaces/srv/park_in_slot__type_support.cpp.o
[2.628s] [ 34%] Building CXX object CMakeFiles/parking_robot_interfaces__rosidl_typesupport_c.dir/rosidl_typesupport_c/parking_robot_interfaces/srv/get_slot_info__type_support.cpp.o
[2.637s] [ 34%] Building CXX object CMakeFiles/parking_robot_interfaces__rosidl_typesupport_introspection_cpp.dir/rosidl_typesupport_introspection_cpp/parking_robot_interfaces/msg/detail/obstacle_alert__type_support.cpp.o
[2.637s] [ 34%] Building CXX object CMakeFiles/parking_robot_interfaces__rosidl_typesupport_c.dir/rosidl_typesupport_c/parking_robot_interfaces/srv/get_task_status__type_support.cpp.o
[2.637s] [ 35%] Building CXX object CMakeFiles/parking_robot_interfaces__rosidl_typesupport_introspection_cpp.dir/rosidl_typesupport_introspection_cpp/parking_robot_interfaces/msg/detail/task_state__type_support.cpp.o
[2.637s] [ 36%] Building CXX object CMakeFiles/parking_robot_interfaces__rosidl_typesupport_introspection_cpp.dir/rosidl_typesupport_introspection_cpp/parking_robot_interfaces/msg/detail/formation_stop__type_support.cpp.o
[2.642s] [ 37%] Building CXX object CMakeFiles/parking_robot_interfaces__rosidl_typesupport_c.dir/rosidl_typesupport_c/parking_robot_interfaces/srv/acquire_zones__type_support.cpp.o
[2.642s] [ 37%] Building CXX object CMakeFiles/parking_robot_interfaces__rosidl_typesupport_introspection_cpp.dir/rosidl_typesupport_introspection_cpp/parking_robot_interfaces/msg/detail/vehicle_info__type_support.cpp.o
[2.642s] [ 38%] Building CXX object CMakeFiles/parking_robot_interfaces__rosidl_typesupport_introspection_cpp.dir/rosidl_typesupport_introspection_cpp/parking_robot_interfaces/msg/detail/formation_assignment__type_support.cpp.o
[2.642s] [ 39%] Building CXX object CMakeFiles/parking_robot_interfaces__rosidl_typesupport_c.dir/rosidl_typesupport_c/parking_robot_interfaces/srv/release_zones__type_support.cpp.o
[2.642s] [ 39%] Building CXX object CMakeFiles/parking_robot_interfaces__rosidl_typesupport_c.dir/rosidl_typesupport_c/parking_robot_interfaces/action/execute_parking_task__type_support.cpp.o
[2.652s] [ 40%] Building CXX object CMakeFiles/parking_robot_interfaces__rosidl_typesupport_c.dir/rosidl_typesupport_c/parking_robot_interfaces/action/detect_vehicle__type_support.cpp.o
[2.652s] [ 40%] Building CXX object CMakeFiles/parking_robot_interfaces__rosidl_typesupport_introspection_cpp.dir/rosidl_typesupport_introspection_cpp/parking_robot_interfaces/srv/detail/find_empty_slot__type_support.cpp.o
[2.652s] [ 40%] Building CXX object CMakeFiles/parking_robot_interfaces__rosidl_typesupport_c.dir/rosidl_typesupport_c/parking_robot_interfaces/action/align_vehicle__type_support.cpp.o
[2.652s] [ 41%] Building CXX object CMakeFiles/parking_robot_interfaces__rosidl_typesupport_c.dir/rosidl_typesupport_c/parking_robot_interfaces/action/control_lift__type_support.cpp.o
[2.654s] [ 42%] Building CXX object CMakeFiles/parking_robot_interfaces__rosidl_typesupport_c.dir/rosidl_typesupport_c/parking_robot_interfaces/action/ingress_under_truck__type_support.cpp.o
[2.655s] [ 43%] Building CXX object CMakeFiles/parking_robot_interfaces__rosidl_typesupport_introspection_cpp.dir/rosidl_typesupport_introspection_cpp/parking_robot_interfaces/srv/detail/park_in_slot__type_support.cpp.o
[2.662s] [ 43%] Building CXX object CMakeFiles/parking_robot_interfaces__rosidl_typesupport_c.dir/rosidl_typesupport_c/parking_robot_interfaces/action/carry_to_slot__type_support.cpp.o
[2.664s] [ 43%] Building CXX object CMakeFiles/parking_robot_interfaces__rosidl_typesupport_introspection_cpp.dir/rosidl_typesupport_introspection_cpp/parking_robot_interfaces/srv/detail/get_slot_info__type_support.cpp.o
[2.674s] [ 44%] Building CXX object CMakeFiles/parking_robot_interfaces__rosidl_typesupport_introspection_cpp.dir/rosidl_typesupport_introspection_cpp/parking_robot_interfaces/srv/detail/request_parking_task__type_support.cpp.o
[2.681s] [ 44%] Building CXX object CMakeFiles/parking_robot_interfaces__rosidl_typesupport_introspection_cpp.dir/rosidl_typesupport_introspection_cpp/parking_robot_interfaces/srv/detail/acquire_zones__type_support.cpp.o
[2.682s] [ 45%] Building CXX object CMakeFiles/parking_robot_interfaces__rosidl_typesupport_introspection_cpp.dir/rosidl_typesupport_introspection_cpp/parking_robot_interfaces/srv/detail/release_zones__type_support.cpp.o
[2.682s] [ 46%] Building CXX object CMakeFiles/parking_robot_interfaces__rosidl_typesupport_introspection_cpp.dir/rosidl_typesupport_introspection_cpp/parking_robot_interfaces/srv/detail/get_task_status__type_support.cpp.o
[2.687s] [ 46%] Building CXX object CMakeFiles/parking_robot_interfaces__rosidl_typesupport_introspection_cpp.dir/rosidl_typesupport_introspection_cpp/parking_robot_interfaces/action/detail/execute_parking_task__type_support.cpp.o
[2.691s] [ 47%] Building CXX object CMakeFiles/parking_robot_interfaces__rosidl_typesupport_introspection_cpp.dir/rosidl_typesupport_introspection_cpp/parking_robot_interfaces/action/detail/detect_vehicle__type_support.cpp.o
[2.707s] [ 48%] Linking CXX shared library libparking_robot_interfaces__rosidl_typesupport_c.so
[2.708s] [ 49%] Building CXX object CMakeFiles/parking_robot_interfaces__rosidl_typesupport_introspection_cpp.dir/rosidl_typesupport_introspection_cpp/parking_robot_interfaces/action/detail/align_vehicle__type_support.cpp.o
[2.729s] [ 49%] Building CXX object CMakeFiles/parking_robot_interfaces__rosidl_typesupport_introspection_cpp.dir/rosidl_typesupport_introspection_cpp/parking_robot_interfaces/action/detail/control_lift__type_support.cpp.o
[2.740s] [ 50%] Building CXX object CMakeFiles/parking_robot_interfaces__rosidl_typesupport_introspection_cpp.dir/rosidl_typesupport_introspection_cpp/parking_robot_interfaces/action/detail/ingress_under_truck__type_support.cpp.o
[2.753s] [ 50%] Building CXX object CMakeFiles/parking_robot_interfaces__rosidl_typesupport_introspection_cpp.dir/rosidl_typesupport_introspection_cpp/parking_robot_interfaces/action/detail/carry_to_slot__type_support.cpp.o
[2.759s] [ 50%] Built target parking_robot_interfaces__rosidl_typesupport_c
[2.785s] [ 51%] Linking CXX shared library libparking_robot_interfaces__rosidl_typesupport_cpp.so
[2.832s] [ 51%] Built target parking_robot_interfaces__rosidl_typesupport_cpp
[2.851s] Consolidate compiler generated dependencies of target parking_robot_interfaces__rosidl_typesupport_fastrtps_cpp
[2.864s] [ 52%] Building CXX object CMakeFiles/parking_robot_interfaces__rosidl_typesupport_fastrtps_cpp.dir/rosidl_typesupport_fastrtps_cpp/parking_robot_interfaces/msg/detail/dds_fastrtps/task_state__type_support.cpp.o
[2.868s] [ 52%] Building CXX object CMakeFiles/parking_robot_interfaces__rosidl_typesupport_fastrtps_cpp.dir/rosidl_typesupport_fastrtps_cpp/parking_robot_interfaces/msg/detail/dds_fastrtps/vehicle_info__type_support.cpp.o
[2.868s] [ 52%] Building CXX object CMakeFiles/parking_robot_interfaces__rosidl_typesupport_fastrtps_cpp.dir/rosidl_typesupport_fastrtps_cpp/parking_robot_interfaces/msg/detail/dds_fastrtps/obstacle_alert__type_support.cpp.o
[2.868s] [ 53%] Building CXX object CMakeFiles/parking_robot_interfaces__rosidl_typesupport_fastrtps_cpp.dir/rosidl_typesupport_fastrtps_cpp/parking_robot_interfaces/msg/detail/dds_fastrtps/formation_assignment__type_support.cpp.o
[2.872s] [ 54%] Building CXX object CMakeFiles/parking_robot_interfaces__rosidl_typesupport_fastrtps_cpp.dir/rosidl_typesupport_fastrtps_cpp/parking_robot_interfaces/msg/detail/dds_fastrtps/formation_stop__type_support.cpp.o
[2.875s] [ 54%] Building CXX object CMakeFiles/parking_robot_interfaces__rosidl_typesupport_fastrtps_cpp.dir/rosidl_typesupport_fastrtps_cpp/parking_robot_interfaces/srv/detail/dds_fastrtps/find_empty_slot__type_support.cpp.o
[2.878s] Consolidate compiler generated dependencies of target parking_robot_interfaces__rosidl_typesupport_introspection_c
[2.882s] [ 55%] Building CXX object CMakeFiles/parking_robot_interfaces__rosidl_typesupport_fastrtps_cpp.dir/rosidl_typesupport_fastrtps_cpp/parking_robot_interfaces/srv/detail/dds_fastrtps/park_in_slot__type_support.cpp.o
[2.888s] [ 55%] Building C object CMakeFiles/parking_robot_interfaces__rosidl_typesupport_introspection_c.dir/rosidl_typesupport_introspection_c/parking_robot_interfaces/msg/detail/vehicle_info__type_support.c.o
[2.889s] [ 56%] Building C object CMakeFiles/parking_robot_interfaces__rosidl_typesupport_introspection_c.dir/rosidl_typesupport_introspection_c/parking_robot_interfaces/msg/detail/task_state__type_support.c.o
[2.891s] [ 56%] Building C object CMakeFiles/parking_robot_interfaces__rosidl_typesupport_introspection_c.dir/rosidl_typesupport_introspection_c/parking_robot_interfaces/msg/detail/obstacle_alert__type_support.c.o
[2.900s] [ 56%] Building CXX object CMakeFiles/parking_robot_interfaces__rosidl_typesupport_fastrtps_cpp.dir/rosidl_typesupport_fastrtps_cpp/parking_robot_interfaces/srv/detail/dds_fastrtps/get_slot_info__type_support.cpp.o
[2.906s] [ 57%] Building C object CMakeFiles/parking_robot_interfaces__rosidl_typesupport_introspection_c.dir/rosidl_typesupport_introspection_c/parking_robot_interfaces/msg/detail/formation_stop__type_support.c.o
[2.912s] [ 57%] Building C object CMakeFiles/parking_robot_interfaces__rosidl_typesupport_introspection_c.dir/rosidl_typesupport_introspection_c/parking_robot_interfaces/msg/detail/formation_assignment__type_support.c.o
[2.914s] [ 58%] Building C object CMakeFiles/parking_robot_interfaces__rosidl_typesupport_introspection_c.dir/rosidl_typesupport_introspection_c/parking_robot_interfaces/srv/detail/find_empty_slot__type_support.c.o
[2.921s] [ 59%] Building C object CMakeFiles/parking_robot_interfaces__rosidl_typesupport_introspection_c.dir/rosidl_typesupport_introspection_c/parking_robot_interfaces/srv/detail/park_in_slot__type_support.c.o
[2.931s] [ 59%] Building C object CMakeFiles/parking_robot_interfaces__rosidl_typesupport_introspection_c.dir/rosidl_typesupport_introspection_c/parking_robot_interfaces/srv/detail/get_task_status__type_support.c.o
[2.932s] [ 60%] Building C object CMakeFiles/parking_robot_interfaces__rosidl_typesupport_introspection_c.dir/rosidl_typesupport_introspection_c/parking_robot_interfaces/srv/detail/request_parking_task__type_support.c.o
[2.933s] [ 60%] Building C object CMakeFiles/parking_robot_interfaces__rosidl_typesupport_introspection_c.dir/rosidl_typesupport_introspection_c/parking_robot_interfaces/srv/detail/get_slot_info__type_support.c.o
[2.941s] [ 61%] Building C object CMakeFiles/parking_robot_interfaces__rosidl_typesupport_introspection_c.dir/rosidl_typesupport_introspection_c/parking_robot_interfaces/srv/detail/acquire_zones__type_support.c.o
[2.942s] [ 62%] Building C object CMakeFiles/parking_robot_interfaces__rosidl_typesupport_introspection_c.dir/rosidl_typesupport_introspection_c/parking_robot_interfaces/srv/detail/release_zones__type_support.c.o
[2.946s] [ 62%] Building C object CMakeFiles/parking_robot_interfaces__rosidl_typesupport_introspection_c.dir/rosidl_typesupport_introspection_c/parking_robot_interfaces/action/detail/execute_parking_task__type_support.c.o
[2.957s] [ 63%] Building CXX object CMakeFiles/parking_robot_interfaces__rosidl_typesupport_fastrtps_cpp.dir/rosidl_typesupport_fastrtps_cpp/parking_robot_interfaces/srv/detail/dds_fastrtps/request_parking_task__type_support.cpp.o
[2.957s] [ 64%] Building C object CMakeFiles/parking_robot_interfaces__rosidl_typesupport_introspection_c.dir/rosidl_typesupport_introspection_c/parking_robot_interfaces/action/detail/detect_vehicle__type_support.c.o
[2.962s] [ 64%] Building C object CMakeFiles/parking_robot_interfaces__rosidl_typesupport_introspection_c.dir/rosidl_typesupport_introspection_c/parking_robot_interfaces/action/detail/align_vehicle__type_support.c.o
[2.964s] [ 65%] Building C object CMakeFiles/parking_robot_interfaces__rosidl_typesupport_introspection_c.dir/rosidl_typesupport_introspection_c/parking_robot_interfaces/action/detail/control_lift__type_support.c.o
[2.972s] [ 66%] Building C object CMakeFiles/parking_robot_interfaces__rosidl_typesupport_introspection_c.dir/rosidl_typesupport_introspection_c/parking_robot_interfaces/action/detail/ingress_under_truck__type_support.c.o
[2.978s] [ 66%] Building C object CMakeFiles/parking_robot_interfaces__rosidl_typesupport_introspection_c.dir/rosidl_typesupport_introspection_c/parking_robot_interfaces/action/detail/carry_to_slot__type_support.c.o
[2.982s] [ 67%] Building CXX object CMakeFiles/parking_robot_interfaces__rosidl_typesupport_fastrtps_cpp.dir/rosidl_typesupport_fastrtps_cpp/parking_robot_interfaces/srv/detail/dds_fastrtps/get_task_status__type_support.cpp.o
[2.988s] [ 67%] Building CXX object CMakeFiles/parking_robot_interfaces__rosidl_typesupport_fastrtps_cpp.dir/rosidl_typesupport_fastrtps_cpp/parking_robot_interfaces/srv/detail/dds_fastrtps/acquire_zones__type_support.cpp.o
[2.990s] [ 68%] Building CXX object CMakeFiles/parking_robot_interfaces__rosidl_typesupport_fastrtps_cpp.dir/rosidl_typesupport_fastrtps_cpp/parking_robot_interfaces/srv/detail/dds_fastrtps/release_zones__type_support.cpp.o
[2.995s] [ 68%] Building CXX object CMakeFiles/parking_robot_interfaces__rosidl_typesupport_fastrtps_cpp.dir/rosidl_typesupport_fastrtps_cpp/parking_robot_interfaces/action/detail/dds_fastrtps/execute_parking_task__type_support.cpp.o
[3.000s] [ 69%] Building CXX object CMakeFiles/parking_robot_interfaces__rosidl_typesupport_fastrtps_cpp.dir/rosidl_typesupport_fastrtps_cpp/parking_robot_interfaces/action/detail/dds_fastrtps/detect_vehicle__type_support.cpp.o
[3.008s] [ 72%] Building CXX object CMakeFiles/parking_robot_interfaces__rosidl_typesupport_fastrtps_cpp.dir/rosidl_typesupport_fastrtps_cpp/parking_robot_interfaces/action/detail/dds_fastrtps/ingress_under_truck__type_support.cpp.o
[3.009s] [ 72%] Building CXX object CMakeFiles/parking_robot_interfaces__rosidl_typesupport_fastrtps_cpp.dir/rosidl_typesupport_fastrtps_cpp/parking_robot_interfaces/action/detail/dds_fastrtps/align_vehicle__type_support.cpp.o
[3.009s] [ 72%] Linking C shared library libparking_robot_interfaces__rosidl_typesupport_introspection_c.so
[3.009s] [ 72%] Building CXX object CMakeFiles/parking_robot_interfaces__rosidl_typesupport_fastrtps_cpp.dir/rosidl_typesupport_fastrtps_cpp/parking_robot_interfaces/action/detail/dds_fastrtps/control_lift__type_support.cpp.o
[3.022s] [ 72%] Building CXX object CMakeFiles/parking_robot_interfaces__rosidl_typesupport_fastrtps_cpp.dir/rosidl_typesupport_fastrtps_cpp/parking_robot_interfaces/action/detail/dds_fastrtps/carry_to_slot__type_support.cpp.o
[3.037s] Consolidate compiler generated dependencies of target parking_robot_interfaces__rosidl_typesupport_fastrtps_c
[3.056s] [ 72%] Building CXX object CMakeFiles/parking_robot_interfaces__rosidl_typesupport_fastrtps_c.dir/rosidl_typesupport_fastrtps_c/parking_robot_interfaces/msg/detail/vehicle_info__type_support_c.cpp.o
[3.061s] [ 72%] Built target parking_robot_interfaces__rosidl_typesupport_introspection_c
[3.061s] [ 73%] Building CXX object CMakeFiles/parking_robot_interfaces__rosidl_typesupport_fastrtps_c.dir/rosidl_typesupport_fastrtps_c/parking_robot_interfaces/msg/detail/task_state__type_support_c.cpp.o
[3.067s] [ 74%] Building CXX object CMakeFiles/parking_robot_interfaces__rosidl_typesupport_fastrtps_c.dir/rosidl_typesupport_fastrtps_c/parking_robot_interfaces/msg/detail/formation_stop__type_support_c.cpp.o
[3.069s] [ 74%] Building CXX object CMakeFiles/parking_robot_interfaces__rosidl_typesupport_fastrtps_c.dir/rosidl_typesupport_fastrtps_c/parking_robot_interfaces/msg/detail/obstacle_alert__type_support_c.cpp.o
[3.074s] [ 74%] Building CXX object CMakeFiles/parking_robot_interfaces__rosidl_typesupport_fastrtps_c.dir/rosidl_typesupport_fastrtps_c/parking_robot_interfaces/msg/detail/formation_assignment__type_support_c.cpp.o
[3.088s] [ 75%] Building CXX object CMakeFiles/parking_robot_interfaces__rosidl_typesupport_fastrtps_c.dir/rosidl_typesupport_fastrtps_c/parking_robot_interfaces/srv/detail/find_empty_slot__type_support_c.cpp.o
[3.090s] [ 75%] Building CXX object CMakeFiles/parking_robot_interfaces__rosidl_typesupport_fastrtps_c.dir/rosidl_typesupport_fastrtps_c/parking_robot_interfaces/srv/detail/get_slot_info__type_support_c.cpp.o
[3.090s] [ 76%] Building CXX object CMakeFiles/parking_robot_interfaces__rosidl_typesupport_fastrtps_c.dir/rosidl_typesupport_fastrtps_c/parking_robot_interfaces/srv/detail/park_in_slot__type_support_c.cpp.o
[3.117s] [ 77%] Building CXX object CMakeFiles/parking_robot_interfaces__rosidl_typesupport_fastrtps_c.dir/rosidl_typesupport_fastrtps_c/parking_robot_interfaces/srv/detail/request_parking_task__type_support_c.cpp.o
[3.127s] [ 78%] Linking CXX shared library libparking_robot_interfaces__rosidl_typesupport_introspection_cpp.so
[3.129s] [ 78%] Building CXX object CMakeFiles/parking_robot_interfaces__rosidl_typesupport_fastrtps_c.dir/rosidl_typesupport_fastrtps_c/parking_robot_interfaces/srv/detail/get_task_status__type_support_c.cpp.o
[3.142s] [ 79%] Building CXX object CMakeFiles/parking_robot_interfaces__rosidl_typesupport_fastrtps_c.dir/rosidl_typesupport_fastrtps_c/parking_robot_interfaces/srv/detail/acquire_zones__type_support_c.cpp.o
[3.154s] [ 80%] Building CXX object CMakeFiles/parking_robot_interfaces__rosidl_typesupport_fastrtps_c.dir/rosidl_typesupport_fastrtps_c/parking_robot_interfaces/srv/detail/release_zones__type_support_c.cpp.o
[3.174s] [ 80%] Building CXX object CMakeFiles/parking_robot_interfaces__rosidl_typesupport_fastrtps_c.dir/rosidl_typesupport_fastrtps_c/parking_robot_interfaces/action/detail/execute_parking_task__type_support_c.cpp.o
[3.213s] [ 80%] Building CXX object CMakeFiles/parking_robot_interfaces__rosidl_typesupport_fastrtps_c.dir/rosidl_typesupport_fastrtps_c/parking_robot_interfaces/action/detail/align_vehicle__type_support_c.cpp.o
[3.221s] [ 81%] Building CXX object CMakeFiles/parking_robot_interfaces__rosidl_typesupport_fastrtps_c.dir/rosidl_typesupport_fastrtps_c/parking_robot_interfaces/action/detail/detect_vehicle__type_support_c.cpp.o
[3.226s] [ 81%] Built target parking_robot_interfaces__rosidl_typesupport_introspection_cpp
[3.230s] [ 82%] Building CXX object CMakeFiles/parking_robot_interfaces__rosidl_typesupport_fastrtps_c.dir/rosidl_typesupport_fastrtps_c/parking_robot_interfaces/action/detail/control_lift__type_support_c.cpp.o
[3.238s] [ 83%] Building CXX object CMakeFiles/parking_robot_interfaces__rosidl_typesupport_fastrtps_c.dir/rosidl_typesupport_fastrtps_c/parking_robot_interfaces/action/detail/ingress_under_truck__type_support_c.cpp.o
[3.257s] [ 83%] Building CXX object CMakeFiles/parking_robot_interfaces__rosidl_typesupport_fastrtps_c.dir/rosidl_typesupport_fastrtps_c/parking_robot_interfaces/action/detail/carry_to_slot__type_support_c.cpp.o
[3.379s] [ 84%] Linking CXX shared library libparking_robot_interfaces__rosidl_typesupport_fastrtps_cpp.so
[3.428s] [ 84%] Built target parking_robot_interfaces__rosidl_typesupport_fastrtps_cpp
[3.450s] [ 85%] Linking CXX shared library libparking_robot_interfaces__rosidl_typesupport_fastrtps_c.so
[3.495s] [ 85%] Built target parking_robot_interfaces__rosidl_typesupport_fastrtps_c
[3.510s] [ 85%] Built target parking_robot_interfaces
[3.524s] [ 86%] Generating Python code for ROS interfaces
[5.550s] [ 86%] Built target parking_robot_interfaces__py
[5.564s] Consolidate compiler generated dependencies of target parking_robot_interfaces__rosidl_generator_py
[5.574s] [ 86%] Building C object CMakeFiles/parking_robot_interfaces__rosidl_generator_py.dir/rosidl_generator_py/parking_robot_interfaces/msg/_obstacle_alert_s.c.o
[5.574s] [ 87%] Building C object CMakeFiles/parking_robot_interfaces__rosidl_generator_py.dir/rosidl_generator_py/parking_robot_interfaces/msg/_formation_stop_s.c.o
[5.574s] [ 88%] Building C object CMakeFiles/parking_robot_interfaces__rosidl_generator_py.dir/rosidl_generator_py/parking_robot_interfaces/msg/_formation_assignment_s.c.o
[5.574s] [ 88%] Building C object CMakeFiles/parking_robot_interfaces__rosidl_generator_py.dir/rosidl_generator_py/parking_robot_interfaces/msg/_vehicle_info_s.c.o
[5.574s] [ 89%] Building C object CMakeFiles/parking_robot_interfaces__rosidl_generator_py.dir/rosidl_generator_py/parking_robot_interfaces/msg/_task_state_s.c.o
[5.574s] [ 89%] Building C object CMakeFiles/parking_robot_interfaces__rosidl_generator_py.dir/rosidl_generator_py/parking_robot_interfaces/srv/_find_empty_slot_s.c.o
[5.574s] [ 90%] Building C object CMakeFiles/parking_robot_interfaces__rosidl_generator_py.dir/rosidl_generator_py/parking_robot_interfaces/srv/_park_in_slot_s.c.o
[5.575s] [ 90%] Building C object CMakeFiles/parking_robot_interfaces__rosidl_generator_py.dir/rosidl_generator_py/parking_robot_interfaces/srv/_get_slot_info_s.c.o
[5.576s] [ 91%] Building C object CMakeFiles/parking_robot_interfaces__rosidl_generator_py.dir/rosidl_generator_py/parking_robot_interfaces/srv/_request_parking_task_s.c.o
[5.576s] [ 92%] Building C object CMakeFiles/parking_robot_interfaces__rosidl_generator_py.dir/rosidl_generator_py/parking_robot_interfaces/srv/_get_task_status_s.c.o
[5.576s] [ 92%] Building C object CMakeFiles/parking_robot_interfaces__rosidl_generator_py.dir/rosidl_generator_py/parking_robot_interfaces/srv/_acquire_zones_s.c.o
[5.577s] [ 92%] Building C object CMakeFiles/parking_robot_interfaces__rosidl_generator_py.dir/rosidl_generator_py/parking_robot_interfaces/action/_execute_parking_task_s.c.o
[5.578s] [ 93%] Building C object CMakeFiles/parking_robot_interfaces__rosidl_generator_py.dir/rosidl_generator_py/parking_robot_interfaces/action/_detect_vehicle_s.c.o
[5.579s] [ 94%] Building C object CMakeFiles/parking_robot_interfaces__rosidl_generator_py.dir/rosidl_generator_py/parking_robot_interfaces/srv/_release_zones_s.c.o
[5.585s] [ 94%] Building C object CMakeFiles/parking_robot_interfaces__rosidl_generator_py.dir/rosidl_generator_py/parking_robot_interfaces/action/_control_lift_s.c.o
[5.587s] [ 95%] Building C object CMakeFiles/parking_robot_interfaces__rosidl_generator_py.dir/rosidl_generator_py/parking_robot_interfaces/action/_ingress_under_truck_s.c.o
[5.588s] [ 96%] Building C object CMakeFiles/parking_robot_interfaces__rosidl_generator_py.dir/rosidl_generator_py/parking_robot_interfaces/action/_align_vehicle_s.c.o
[5.592s] [ 96%] Building C object CMakeFiles/parking_robot_interfaces__rosidl_generator_py.dir/rosidl_generator_py/parking_robot_interfaces/action/_carry_to_slot_s.c.o
[5.676s] [ 97%] Linking C shared library rosidl_generator_py/parking_robot_interfaces/libparking_robot_interfaces__rosidl_generator_py.so
[5.704s] [ 97%] Built target parking_robot_interfaces__rosidl_generator_py
[5.711s] Consolidate compiler generated dependencies of target parking_robot_interfaces__rosidl_typesupport_fastrtps_c__pyext
[5.711s] Consolidate compiler generated dependencies of target parking_robot_interfaces__rosidl_typesupport_introspection_c__pyext
[5.711s] Consolidate compiler generated dependencies of target parking_robot_interfaces__rosidl_typesupport_c__pyext
[5.718s] [ 97%] Building C object CMakeFiles/parking_robot_interfaces__rosidl_typesupport_fastrtps_c__pyext.dir/rosidl_generator_py/parking_robot_interfaces/_parking_robot_interfaces_s.ep.rosidl_typesupport_fastrtps_c.c.o
[5.718s] [ 97%] Building C object CMakeFiles/parking_robot_interfaces__rosidl_typesupport_c__pyext.dir/rosidl_generator_py/parking_robot_interfaces/_parking_robot_interfaces_s.ep.rosidl_typesupport_c.c.o
[5.718s] [ 97%] Building C object CMakeFiles/parking_robot_interfaces__rosidl_typesupport_introspection_c__pyext.dir/rosidl_generator_py/parking_robot_interfaces/_parking_robot_interfaces_s.ep.rosidl_typesupport_introspection_c.c.o
[5.849s] [ 98%] Linking C shared library rosidl_generator_py/parking_robot_interfaces/parking_robot_interfaces_s__rosidl_typesupport_c.cpython-310-x86_64-linux-gnu.so
[5.850s] [ 99%] Linking C shared library rosidl_generator_py/parking_robot_interfaces/parking_robot_interfaces_s__rosidl_typesupport_fastrtps_c.cpython-310-x86_64-linux-gnu.so
[5.875s] [100%] Linking C shared library rosidl_generator_py/parking_robot_interfaces/parking_robot_interfaces_s__rosidl_typesupport_introspection_c.cpython-310-x86_64-linux-gnu.so
[5.875s] [100%] Built target parking_robot_interfaces__rosidl_typesupport_c__pyext
[5.879s] [100%] Built target parking_robot_interfaces__rosidl_typesupport_fastrtps_c__pyext
[5.902s] [100%] Built target parking_robot_interfaces__rosidl_typesupport_introspection_c__pyext
[5.909s] Invoked command in '/home/rokey/p3/cobot_ws/build/parking_robot_interfaces' returned '0': CMAKE_PREFIX_PATH=/opt/ros/humble /usr/bin/cmake --build /home/rokey/p3/cobot_ws/build/parking_robot_interfaces -- -j24 -l24
[5.914s] Invoking command in '/home/rokey/p3/cobot_ws/build/parking_robot_interfaces': CMAKE_PREFIX_PATH=/opt/ros/humble /usr/bin/cmake --install /home/rokey/p3/cobot_ws/build/parking_robot_interfaces
[5.917s] -- Install configuration: ""
[5.918s] -- Execute custom install script
[5.918s] -- Up-to-date symlink: /home/rokey/p3/cobot_ws/install/parking_robot_interfaces/share/ament_index/resource_index/rosidl_interfaces/parking_robot_interfaces
[5.918s] -- Up-to-date symlink: /home/rokey/p3/cobot_ws/install/parking_robot_interfaces/include/parking_robot_interfaces/parking_robot_interfaces/action/align_vehicle.h
[5.918s] -- Symlinking: /home/rokey/p3/cobot_ws/install/parking_robot_interfaces/include/parking_robot_interfaces/parking_robot_interfaces/action/carry_to_slot.h
[5.923s] -- Up-to-date symlink: /home/rokey/p3/cobot_ws/install/parking_robot_interfaces/include/parking_robot_interfaces/parking_robot_interfaces/action/control_lift.h
[5.923s] -- Up-to-date symlink: /home/rokey/p3/cobot_ws/install/parking_robot_interfaces/include/parking_robot_interfaces/parking_robot_interfaces/action/detail/align_vehicle__functions.h
[5.923s] -- Up-to-date symlink: /home/rokey/p3/cobot_ws/install/parking_robot_interfaces/include/parking_robot_interfaces/parking_robot_interfaces/action/detail/align_vehicle__struct.h
[5.923s] -- Up-to-date symlink: /home/rokey/p3/cobot_ws/install/parking_robot_interfaces/include/parking_robot_interfaces/parking_robot_interfaces/action/detail/align_vehicle__type_support.h
[5.923s] -- Symlinking: /home/rokey/p3/cobot_ws/install/parking_robot_interfaces/include/parking_robot_interfaces/parking_robot_interfaces/action/detail/carry_to_slot__functions.h
[5.927s] -- Symlinking: /home/rokey/p3/cobot_ws/install/parking_robot_interfaces/include/parking_robot_interfaces/parking_robot_interfaces/action/detail/carry_to_slot__struct.h
[5.931s] -- Symlinking: /home/rokey/p3/cobot_ws/install/parking_robot_interfaces/include/parking_robot_interfaces/parking_robot_interfaces/action/detail/carry_to_slot__type_support.h
[5.936s] -- Up-to-date symlink: /home/rokey/p3/cobot_ws/install/parking_robot_interfaces/include/parking_robot_interfaces/parking_robot_interfaces/action/detail/control_lift__functions.h
[5.936s] -- Up-to-date symlink: /home/rokey/p3/cobot_ws/install/parking_robot_interfaces/include/parking_robot_interfaces/parking_robot_interfaces/action/detail/control_lift__struct.h
[5.937s] -- Up-to-date symlink: /home/rokey/p3/cobot_ws/install/parking_robot_interfaces/include/parking_robot_interfaces/parking_robot_interfaces/action/detail/control_lift__type_support.h
[5.937s] -- Up-to-date symlink: /home/rokey/p3/cobot_ws/install/parking_robot_interfaces/include/parking_robot_interfaces/parking_robot_interfaces/action/detail/detect_vehicle__functions.h
[5.937s] -- Up-to-date symlink: /home/rokey/p3/cobot_ws/install/parking_robot_interfaces/include/parking_robot_interfaces/parking_robot_interfaces/action/detail/detect_vehicle__struct.h
[5.937s] -- Up-to-date symlink: /home/rokey/p3/cobot_ws/install/parking_robot_interfaces/include/parking_robot_interfaces/parking_robot_interfaces/action/detail/detect_vehicle__type_support.h
[5.937s] -- Up-to-date symlink: /home/rokey/p3/cobot_ws/install/parking_robot_interfaces/include/parking_robot_interfaces/parking_robot_interfaces/action/detail/execute_parking_task__functions.h
[5.937s] -- Up-to-date symlink: /home/rokey/p3/cobot_ws/install/parking_robot_interfaces/include/parking_robot_interfaces/parking_robot_interfaces/action/detail/execute_parking_task__struct.h
[5.937s] -- Up-to-date symlink: /home/rokey/p3/cobot_ws/install/parking_robot_interfaces/include/parking_robot_interfaces/parking_robot_interfaces/action/detail/execute_parking_task__type_support.h
[5.937s] -- Up-to-date symlink: /home/rokey/p3/cobot_ws/install/parking_robot_interfaces/include/parking_robot_interfaces/parking_robot_interfaces/action/detail/ingress_under_truck__functions.h
[5.937s] -- Up-to-date symlink: /home/rokey/p3/cobot_ws/install/parking_robot_interfaces/include/parking_robot_interfaces/parking_robot_interfaces/action/detail/ingress_under_truck__struct.h
[5.937s] -- Up-to-date symlink: /home/rokey/p3/cobot_ws/install/parking_robot_interfaces/include/parking_robot_interfaces/parking_robot_interfaces/action/detail/ingress_under_truck__type_support.h
[5.937s] -- Up-to-date symlink: /home/rokey/p3/cobot_ws/install/parking_robot_interfaces/include/parking_robot_interfaces/parking_robot_interfaces/action/detect_vehicle.h
[5.937s] -- Up-to-date symlink: /home/rokey/p3/cobot_ws/install/parking_robot_interfaces/include/parking_robot_interfaces/parking_robot_interfaces/action/execute_parking_task.h
[5.937s] -- Up-to-date symlink: /home/rokey/p3/cobot_ws/install/parking_robot_interfaces/include/parking_robot_interfaces/parking_robot_interfaces/action/ingress_under_truck.h
[5.937s] -- Up-to-date symlink: /home/rokey/p3/cobot_ws/install/parking_robot_interfaces/include/parking_robot_interfaces/parking_robot_interfaces/msg/detail/formation_assignment__functions.h
[5.937s] -- Up-to-date symlink: /home/rokey/p3/cobot_ws/install/parking_robot_interfaces/include/parking_robot_interfaces/parking_robot_interfaces/msg/detail/formation_assignment__struct.h
[5.937s] -- Up-to-date symlink: /home/rokey/p3/cobot_ws/install/parking_robot_interfaces/include/parking_robot_interfaces/parking_robot_interfaces/msg/detail/formation_assignment__type_support.h
[5.938s] -- Up-to-date symlink: /home/rokey/p3/cobot_ws/install/parking_robot_interfaces/include/parking_robot_interfaces/parking_robot_interfaces/msg/detail/formation_stop__functions.h
[5.938s] -- Up-to-date symlink: /home/rokey/p3/cobot_ws/install/parking_robot_interfaces/include/parking_robot_interfaces/parking_robot_interfaces/msg/detail/formation_stop__struct.h
[5.938s] -- Up-to-date symlink: /home/rokey/p3/cobot_ws/install/parking_robot_interfaces/include/parking_robot_interfaces/parking_robot_interfaces/msg/detail/formation_stop__type_support.h
[5.938s] -- Up-to-date symlink: /home/rokey/p3/cobot_ws/install/parking_robot_interfaces/include/parking_robot_interfaces/parking_robot_interfaces/msg/detail/obstacle_alert__functions.h
[5.938s] -- Up-to-date symlink: /home/rokey/p3/cobot_ws/install/parking_robot_interfaces/include/parking_robot_interfaces/parking_robot_interfaces/msg/detail/obstacle_alert__struct.h
[5.938s] -- Up-to-date symlink: /home/rokey/p3/cobot_ws/install/parking_robot_interfaces/include/parking_robot_interfaces/parking_robot_interfaces/msg/detail/obstacle_alert__type_support.h
[5.938s] -- Up-to-date symlink: /home/rokey/p3/cobot_ws/install/parking_robot_interfaces/include/parking_robot_interfaces/parking_robot_interfaces/msg/detail/task_state__functions.h
[5.938s] -- Up-to-date symlink: /home/rokey/p3/cobot_ws/install/parking_robot_interfaces/include/parking_robot_interfaces/parking_robot_interfaces/msg/detail/task_state__struct.h
[5.938s] -- Up-to-date symlink: /home/rokey/p3/cobot_ws/install/parking_robot_interfaces/include/parking_robot_interfaces/parking_robot_interfaces/msg/detail/task_state__type_support.h
[5.938s] -- Up-to-date symlink: /home/rokey/p3/cobot_ws/install/parking_robot_interfaces/include/parking_robot_interfaces/parking_robot_interfaces/msg/detail/vehicle_info__functions.h
[5.938s] -- Up-to-date symlink: /home/rokey/p3/cobot_ws/install/parking_robot_interfaces/include/parking_robot_interfaces/parking_robot_interfaces/msg/detail/vehicle_info__struct.h
[5.938s] -- Up-to-date symlink: /home/rokey/p3/cobot_ws/install/parking_robot_interfaces/include/parking_robot_interfaces/parking_robot_interfaces/msg/detail/vehicle_info__type_support.h
[5.938s] -- Up-to-date symlink: /home/rokey/p3/cobot_ws/install/parking_robot_interfaces/include/parking_robot_interfaces/parking_robot_interfaces/msg/formation_assignment.h
[5.938s] -- Up-to-date symlink: /home/rokey/p3/cobot_ws/install/parking_robot_interfaces/include/parking_robot_interfaces/parking_robot_interfaces/msg/formation_stop.h
[5.938s] -- Up-to-date symlink: /home/rokey/p3/cobot_ws/install/parking_robot_interfaces/include/parking_robot_interfaces/parking_robot_interfaces/msg/obstacle_alert.h
[5.938s] -- Up-to-date symlink: /home/rokey/p3/cobot_ws/install/parking_robot_interfaces/include/parking_robot_interfaces/parking_robot_interfaces/msg/rosidl_generator_c__visibility_control.h
[5.938s] -- Up-to-date symlink: /home/rokey/p3/cobot_ws/install/parking_robot_interfaces/include/parking_robot_interfaces/parking_robot_interfaces/msg/task_state.h
[5.938s] -- Up-to-date symlink: /home/rokey/p3/cobot_ws/install/parking_robot_interfaces/include/parking_robot_interfaces/parking_robot_interfaces/msg/vehicle_info.h
[5.938s] -- Up-to-date symlink: /home/rokey/p3/cobot_ws/install/parking_robot_interfaces/include/parking_robot_interfaces/parking_robot_interfaces/srv/acquire_zones.h
[5.938s] -- Up-to-date symlink: /home/rokey/p3/cobot_ws/install/parking_robot_interfaces/include/parking_robot_interfaces/parking_robot_interfaces/srv/detail/acquire_zones__functions.h
[5.938s] -- Up-to-date symlink: /home/rokey/p3/cobot_ws/install/parking_robot_interfaces/include/parking_robot_interfaces/parking_robot_interfaces/srv/detail/acquire_zones__struct.h
[5.938s] -- Up-to-date symlink: /home/rokey/p3/cobot_ws/install/parking_robot_interfaces/include/parking_robot_interfaces/parking_robot_interfaces/srv/detail/acquire_zones__type_support.h
[5.938s] -- Up-to-date symlink: /home/rokey/p3/cobot_ws/install/parking_robot_interfaces/include/parking_robot_interfaces/parking_robot_interfaces/srv/detail/find_empty_slot__functions.h
[5.938s] -- Up-to-date symlink: /home/rokey/p3/cobot_ws/install/parking_robot_interfaces/include/parking_robot_interfaces/parking_robot_interfaces/srv/detail/find_empty_slot__struct.h
[5.938s] -- Up-to-date symlink: /home/rokey/p3/cobot_ws/install/parking_robot_interfaces/include/parking_robot_interfaces/parking_robot_interfaces/srv/detail/find_empty_slot__type_support.h
[5.938s] -- Up-to-date symlink: /home/rokey/p3/cobot_ws/install/parking_robot_interfaces/include/parking_robot_interfaces/parking_robot_interfaces/srv/detail/get_slot_info__functions.h
[5.938s] -- Up-to-date symlink: /home/rokey/p3/cobot_ws/install/parking_robot_interfaces/include/parking_robot_interfaces/parking_robot_interfaces/srv/detail/get_slot_info__struct.h
[5.938s] -- Up-to-date symlink: /home/rokey/p3/cobot_ws/install/parking_robot_interfaces/include/parking_robot_interfaces/parking_robot_interfaces/srv/detail/get_slot_info__type_support.h
[5.938s] -- Up-to-date symlink: /home/rokey/p3/cobot_ws/install/parking_robot_interfaces/include/parking_robot_interfaces/parking_robot_interfaces/srv/detail/get_task_status__functions.h
[5.938s] -- Up-to-date symlink: /home/rokey/p3/cobot_ws/install/parking_robot_interfaces/include/parking_robot_interfaces/parking_robot_interfaces/srv/detail/get_task_status__struct.h
[5.938s] -- Up-to-date symlink: /home/rokey/p3/cobot_ws/install/parking_robot_interfaces/include/parking_robot_interfaces/parking_robot_interfaces/srv/detail/get_task_status__type_support.h
[5.938s] -- Up-to-date symlink: /home/rokey/p3/cobot_ws/install/parking_robot_interfaces/include/parking_robot_interfaces/parking_robot_interfaces/srv/detail/park_in_slot__functions.h
[5.938s] -- Up-to-date symlink: /home/rokey/p3/cobot_ws/install/parking_robot_interfaces/include/parking_robot_interfaces/parking_robot_interfaces/srv/detail/park_in_slot__struct.h
[5.938s] -- Up-to-date symlink: /home/rokey/p3/cobot_ws/install/parking_robot_interfaces/include/parking_robot_interfaces/parking_robot_interfaces/srv/detail/park_in_slot__type_support.h
[5.938s] -- Up-to-date symlink: /home/rokey/p3/cobot_ws/install/parking_robot_interfaces/include/parking_robot_interfaces/parking_robot_interfaces/srv/detail/release_zones__functions.h
[5.938s] -- Up-to-date symlink: /home/rokey/p3/cobot_ws/install/parking_robot_interfaces/include/parking_robot_interfaces/parking_robot_interfaces/srv/detail/release_zones__struct.h
[5.938s] -- Up-to-date symlink: /home/rokey/p3/cobot_ws/install/parking_robot_interfaces/include/parking_robot_interfaces/parking_robot_interfaces/srv/detail/release_zones__type_support.h
[5.938s] -- Up-to-date symlink: /home/rokey/p3/cobot_ws/install/parking_robot_interfaces/include/parking_robot_interfaces/parking_robot_interfaces/srv/detail/request_parking_task__functions.h
[5.938s] -- Up-to-date symlink: /home/rokey/p3/cobot_ws/install/parking_robot_interfaces/include/parking_robot_interfaces/parking_robot_interfaces/srv/detail/request_parking_task__struct.h
[5.938s] -- Up-to-date symlink: /home/rokey/p3/cobot_ws/install/parking_robot_interfaces/include/parking_robot_interfaces/parking_robot_interfaces/srv/detail/request_parking_task__type_support.h
[5.938s] -- Up-to-date symlink: /home/rokey/p3/cobot_ws/install/parking_robot_interfaces/include/parking_robot_interfaces/parking_robot_interfaces/srv/find_empty_slot.h
[5.938s] -- Up-to-date symlink: /home/rokey/p3/cobot_ws/install/parking_robot_interfaces/include/parking_robot_interfaces/parking_robot_interfaces/srv/get_slot_info.h
[5.938s] -- Up-to-date symlink: /home/rokey/p3/cobot_ws/install/parking_robot_interfaces/include/parking_robot_interfaces/parking_robot_interfaces/srv/get_task_status.h
[5.938s] -- Up-to-date symlink: /home/rokey/p3/cobot_ws/install/parking_robot_interfaces/include/parking_robot_interfaces/parking_robot_interfaces/srv/park_in_slot.h
[5.938s] -- Up-to-date symlink: /home/rokey/p3/cobot_ws/install/parking_robot_interfaces/include/parking_robot_interfaces/parking_robot_interfaces/srv/release_zones.h
[5.938s] -- Up-to-date symlink: /home/rokey/p3/cobot_ws/install/parking_robot_interfaces/include/parking_robot_interfaces/parking_robot_interfaces/srv/request_parking_task.h
[5.939s] -- Up-to-date symlink: /home/rokey/p3/cobot_ws/install/parking_robot_interfaces/share/parking_robot_interfaces/environment/library_path.sh
[5.939s] -- Up-to-date symlink: /home/rokey/p3/cobot_ws/install/parking_robot_interfaces/share/parking_robot_interfaces/environment/library_path.dsv
[5.939s] -- Up-to-date symlink: /home/rokey/p3/cobot_ws/install/parking_robot_interfaces/include/parking_robot_interfaces/parking_robot_interfaces/action/detail/align_vehicle__rosidl_typesupport_fastrtps_c.h
[5.939s] -- Symlinking: /home/rokey/p3/cobot_ws/install/parking_robot_interfaces/include/parking_robot_interfaces/parking_robot_interfaces/action/detail/carry_to_slot__rosidl_typesupport_fastrtps_c.h
[5.944s] -- Up-to-date symlink: /home/rokey/p3/cobot_ws/install/parking_robot_interfaces/include/parking_robot_interfaces/parking_robot_interfaces/action/detail/control_lift__rosidl_typesupport_fastrtps_c.h
[5.944s] -- Up-to-date symlink: /home/rokey/p3/cobot_ws/install/parking_robot_interfaces/include/parking_robot_interfaces/parking_robot_interfaces/action/detail/detect_vehicle__rosidl_typesupport_fastrtps_c.h
[5.944s] -- Up-to-date symlink: /home/rokey/p3/cobot_ws/install/parking_robot_interfaces/include/parking_robot_interfaces/parking_robot_interfaces/action/detail/execute_parking_task__rosidl_typesupport_fastrtps_c.h
[5.944s] -- Up-to-date symlink: /home/rokey/p3/cobot_ws/install/parking_robot_interfaces/include/parking_robot_interfaces/parking_robot_interfaces/action/detail/ingress_under_truck__rosidl_typesupport_fastrtps_c.h
[5.944s] -- Up-to-date symlink: /home/rokey/p3/cobot_ws/install/parking_robot_interfaces/include/parking_robot_interfaces/parking_robot_interfaces/msg/detail/formation_assignment__rosidl_typesupport_fastrtps_c.h
[5.944s] -- Up-to-date symlink: /home/rokey/p3/cobot_ws/install/parking_robot_interfaces/include/parking_robot_interfaces/parking_robot_interfaces/msg/detail/formation_stop__rosidl_typesupport_fastrtps_c.h
[5.944s] -- Up-to-date symlink: /home/rokey/p3/cobot_ws/install/parking_robot_interfaces/include/parking_robot_interfaces/parking_robot_interfaces/msg/detail/obstacle_alert__rosidl_typesupport_fastrtps_c.h
[5.944s] -- Up-to-date symlink: /home/rokey/p3/cobot_ws/install/parking_robot_interfaces/include/parking_robot_interfaces/parking_robot_interfaces/msg/detail/task_state__rosidl_typesupport_fastrtps_c.h
[5.944s] -- Up-to-date symlink: /home/rokey/p3/cobot_ws/install/parking_robot_interfaces/include/parking_robot_interfaces/parking_robot_interfaces/msg/detail/vehicle_info__rosidl_typesupport_fastrtps_c.h
[5.944s] -- Up-to-date symlink: /home/rokey/p3/cobot_ws/install/parking_robot_interfaces/include/parking_robot_interfaces/parking_robot_interfaces/msg/rosidl_typesupport_fastrtps_c__visibility_control.h
[5.944s] -- Up-to-date symlink: /home/rokey/p3/cobot_ws/install/parking_robot_interfaces/include/parking_robot_interfaces/parking_robot_interfaces/srv/detail/acquire_zones__rosidl_typesupport_fastrtps_c.h
[5.944s] -- Up-to-date symlink: /home/rokey/p3/cobot_ws/install/parking_robot_interfaces/include/parking_robot_interfaces/parking_robot_interfaces/srv/detail/find_empty_slot__rosidl_typesupport_fastrtps_c.h
[5.944s] -- Up-to-date symlink: /home/rokey/p3/cobot_ws/install/parking_robot_interfaces/include/parking_robot_interfaces/parking_robot_interfaces/srv/detail/get_slot_info__rosidl_typesupport_fastrtps_c.h
[5.944s] -- Up-to-date symlink: /home/rokey/p3/cobot_ws/install/parking_robot_interfaces/include/parking_robot_interfaces/parking_robot_interfaces/srv/detail/get_task_status__rosidl_typesupport_fastrtps_c.h
[5.944s] -- Up-to-date symlink: /home/rokey/p3/cobot_ws/install/parking_robot_interfaces/include/parking_robot_interfaces/parking_robot_interfaces/srv/detail/park_in_slot__rosidl_typesupport_fastrtps_c.h
[5.944s] -- Up-to-date symlink: /home/rokey/p3/cobot_ws/install/parking_robot_interfaces/include/parking_robot_interfaces/parking_robot_interfaces/srv/detail/release_zones__rosidl_typesupport_fastrtps_c.h
[5.944s] -- Up-to-date symlink: /home/rokey/p3/cobot_ws/install/parking_robot_interfaces/include/parking_robot_interfaces/parking_robot_interfaces/srv/detail/request_parking_task__rosidl_typesupport_fastrtps_c.h
[5.944s] -- Up-to-date symlink: /home/rokey/p3/cobot_ws/install/parking_robot_interfaces/include/parking_robot_interfaces/parking_robot_interfaces/action/detail/align_vehicle__rosidl_typesupport_introspection_c.h
[5.944s] -- Symlinking: /home/rokey/p3/cobot_ws/install/parking_robot_interfaces/include/parking_robot_interfaces/parking_robot_interfaces/action/detail/carry_to_slot__rosidl_typesupport_introspection_c.h
[5.949s] -- Up-to-date symlink: /home/rokey/p3/cobot_ws/install/parking_robot_interfaces/include/parking_robot_interfaces/parking_robot_interfaces/action/detail/control_lift__rosidl_typesupport_introspection_c.h
[5.949s] -- Up-to-date symlink: /home/rokey/p3/cobot_ws/install/parking_robot_interfaces/include/parking_robot_interfaces/parking_robot_interfaces/action/detail/detect_vehicle__rosidl_typesupport_introspection_c.h
[5.949s] -- Up-to-date symlink: /home/rokey/p3/cobot_ws/install/parking_robot_interfaces/include/parking_robot_interfaces/parking_robot_interfaces/action/detail/execute_parking_task__rosidl_typesupport_introspection_c.h
[5.949s] -- Up-to-date symlink: /home/rokey/p3/cobot_ws/install/parking_robot_interfaces/include/parking_robot_interfaces/parking_robot_interfaces/action/detail/ingress_under_truck__rosidl_typesupport_introspection_c.h
[5.949s] -- Up-to-date symlink: /home/rokey/p3/cobot_ws/install/parking_robot_interfaces/include/parking_robot_interfaces/parking_robot_interfaces/msg/detail/formation_assignment__rosidl_typesupport_introspection_c.h
[5.949s] -- Up-to-date symlink: /home/rokey/p3/cobot_ws/install/parking_robot_interfaces/include/parking_robot_interfaces/parking_robot_interfaces/msg/detail/formation_stop__rosidl_typesupport_introspection_c.h
[5.949s] -- Up-to-date symlink: /home/rokey/p3/cobot_ws/install/parking_robot_interfaces/include/parking_robot_interfaces/parking_robot_interfaces/msg/detail/obstacle_alert__rosidl_typesupport_introspection_c.h
[5.949s] -- Up-to-date symlink: /home/rokey/p3/cobot_ws/install/parking_robot_interfaces/include/parking_robot_interfaces/parking_robot_interfaces/msg/detail/task_state__rosidl_typesupport_introspection_c.h
[5.950s] -- Up-to-date symlink: /home/rokey/p3/cobot_ws/install/parking_robot_interfaces/include/parking_robot_interfaces/parking_robot_interfaces/msg/detail/vehicle_info__rosidl_typesupport_introspection_c.h
[5.950s] -- Up-to-date symlink: /home/rokey/p3/cobot_ws/install/parking_robot_interfaces/include/parking_robot_interfaces/parking_robot_interfaces/msg/rosidl_typesupport_introspection_c__visibility_control.h
[5.950s] -- Up-to-date symlink: /home/rokey/p3/cobot_ws/install/parking_robot_interfaces/include/parking_robot_interfaces/parking_robot_interfaces/srv/detail/acquire_zones__rosidl_typesupport_introspection_c.h
[5.950s] -- Up-to-date symlink: /home/rokey/p3/cobot_ws/install/parking_robot_interfaces/include/parking_robot_interfaces/parking_robot_interfaces/srv/detail/find_empty_slot__rosidl_typesupport_introspection_c.h
[5.950s] -- Up-to-date symlink: /home/rokey/p3/cobot_ws/install/parking_robot_interfaces/include/parking_robot_interfaces/parking_robot_interfaces/srv/detail/get_slot_info__rosidl_typesupport_introspection_c.h
[5.950s] -- Up-to-date symlink: /home/rokey/p3/cobot_ws/install/parking_robot_interfaces/include/parking_robot_interfaces/parking_robot_interfaces/srv/detail/get_task_status__rosidl_typesupport_introspection_c.h
[5.950s] -- Up-to-date symlink: /home/rokey/p3/cobot_ws/install/parking_robot_interfaces/include/parking_robot_interfaces/parking_robot_interfaces/srv/detail/park_in_slot__rosidl_typesupport_introspection_c.h
[5.950s] -- Up-to-date symlink: /home/rokey/p3/cobot_ws/install/parking_robot_interfaces/include/parking_robot_interfaces/parking_robot_interfaces/srv/detail/release_zones__rosidl_typesupport_introspection_c.h
[5.950s] -- Up-to-date symlink: /home/rokey/p3/cobot_ws/install/parking_robot_interfaces/include/parking_robot_interfaces/parking_robot_interfaces/srv/detail/request_parking_task__rosidl_typesupport_introspection_c.h
[5.950s] -- Up-to-date symlink: /home/rokey/p3/cobot_ws/install/parking_robot_interfaces/include/parking_robot_interfaces/parking_robot_interfaces/action/align_vehicle.hpp
[5.950s] -- Symlinking: /home/rokey/p3/cobot_ws/install/parking_robot_interfaces/include/parking_robot_interfaces/parking_robot_interfaces/action/carry_to_slot.hpp
[5.954s] -- Up-to-date symlink: /home/rokey/p3/cobot_ws/install/parking_robot_interfaces/include/parking_robot_interfaces/parking_robot_interfaces/action/control_lift.hpp
[5.954s] -- Up-to-date symlink: /home/rokey/p3/cobot_ws/install/parking_robot_interfaces/include/parking_robot_interfaces/parking_robot_interfaces/action/detail/align_vehicle__builder.hpp
[5.954s] -- Up-to-date symlink: /home/rokey/p3/cobot_ws/install/parking_robot_interfaces/include/parking_robot_interfaces/parking_robot_interfaces/action/detail/align_vehicle__struct.hpp
[5.954s] -- Up-to-date symlink: /home/rokey/p3/cobot_ws/install/parking_robot_interfaces/include/parking_robot_interfaces/parking_robot_interfaces/action/detail/align_vehicle__traits.hpp
[5.954s] -- Up-to-date symlink: /home/rokey/p3/cobot_ws/install/parking_robot_interfaces/include/parking_robot_interfaces/parking_robot_interfaces/action/detail/align_vehicle__type_support.hpp
[5.954s] -- Symlinking: /home/rokey/p3/cobot_ws/install/parking_robot_interfaces/include/parking_robot_interfaces/parking_robot_interfaces/action/detail/carry_to_slot__builder.hpp
[5.958s] -- Symlinking: /home/rokey/p3/cobot_ws/install/parking_robot_interfaces/include/parking_robot_interfaces/parking_robot_interfaces/action/detail/carry_to_slot__struct.hpp
[5.962s] -- Symlinking: /home/rokey/p3/cobot_ws/install/parking_robot_interfaces/include/parking_robot_interfaces/parking_robot_interfaces/action/detail/carry_to_slot__traits.hpp
[5.967s] -- Symlinking: /home/rokey/p3/cobot_ws/install/parking_robot_interfaces/include/parking_robot_interfaces/parking_robot_interfaces/action/detail/carry_to_slot__type_support.hpp
[5.972s] -- Up-to-date symlink: /home/rokey/p3/cobot_ws/install/parking_robot_interfaces/include/parking_robot_interfaces/parking_robot_interfaces/action/detail/control_lift__builder.hpp
[5.972s] -- Up-to-date symlink: /home/rokey/p3/cobot_ws/install/parking_robot_interfaces/include/parking_robot_interfaces/parking_robot_interfaces/action/detail/control_lift__struct.hpp
[5.972s] -- Up-to-date symlink: /home/rokey/p3/cobot_ws/install/parking_robot_interfaces/include/parking_robot_interfaces/parking_robot_interfaces/action/detail/control_lift__traits.hpp
[5.973s] -- Up-to-date symlink: /home/rokey/p3/cobot_ws/install/parking_robot_interfaces/include/parking_robot_interfaces/parking_robot_interfaces/action/detail/control_lift__type_support.hpp
[5.973s] -- Up-to-date symlink: /home/rokey/p3/cobot_ws/install/parking_robot_interfaces/include/parking_robot_interfaces/parking_robot_interfaces/action/detail/detect_vehicle__builder.hpp
[5.973s] -- Up-to-date symlink: /home/rokey/p3/cobot_ws/install/parking_robot_interfaces/include/parking_robot_interfaces/parking_robot_interfaces/action/detail/detect_vehicle__struct.hpp
[5.973s] -- Up-to-date symlink: /home/rokey/p3/cobot_ws/install/parking_robot_interfaces/include/parking_robot_interfaces/parking_robot_interfaces/action/detail/detect_vehicle__traits.hpp
[5.973s] -- Up-to-date symlink: /home/rokey/p3/cobot_ws/install/parking_robot_interfaces/include/parking_robot_interfaces/parking_robot_interfaces/action/detail/detect_vehicle__type_support.hpp
[5.973s] -- Up-to-date symlink: /home/rokey/p3/cobot_ws/install/parking_robot_interfaces/include/parking_robot_interfaces/parking_robot_interfaces/action/detail/execute_parking_task__builder.hpp
[5.973s] -- Up-to-date symlink: /home/rokey/p3/cobot_ws/install/parking_robot_interfaces/include/parking_robot_interfaces/parking_robot_interfaces/action/detail/execute_parking_task__struct.hpp
[5.973s] -- Up-to-date symlink: /home/rokey/p3/cobot_ws/install/parking_robot_interfaces/include/parking_robot_interfaces/parking_robot_interfaces/action/detail/execute_parking_task__traits.hpp
[5.973s] -- Up-to-date symlink: /home/rokey/p3/cobot_ws/install/parking_robot_interfaces/include/parking_robot_interfaces/parking_robot_interfaces/action/detail/execute_parking_task__type_support.hpp
[5.973s] -- Up-to-date symlink: /home/rokey/p3/cobot_ws/install/parking_robot_interfaces/include/parking_robot_interfaces/parking_robot_interfaces/action/detail/ingress_under_truck__builder.hpp
[5.973s] -- Up-to-date symlink: /home/rokey/p3/cobot_ws/install/parking_robot_interfaces/include/parking_robot_interfaces/parking_robot_interfaces/action/detail/ingress_under_truck__struct.hpp
[5.973s] -- Up-to-date symlink: /home/rokey/p3/cobot_ws/install/parking_robot_interfaces/include/parking_robot_interfaces/parking_robot_interfaces/action/detail/ingress_under_truck__traits.hpp
[5.973s] -- Up-to-date symlink: /home/rokey/p3/cobot_ws/install/parking_robot_interfaces/include/parking_robot_interfaces/parking_robot_interfaces/action/detail/ingress_under_truck__type_support.hpp
[5.973s] -- Up-to-date symlink: /home/rokey/p3/cobot_ws/install/parking_robot_interfaces/include/parking_robot_interfaces/parking_robot_interfaces/action/detect_vehicle.hpp
[5.973s] -- Up-to-date symlink: /home/rokey/p3/cobot_ws/install/parking_robot_interfaces/include/parking_robot_interfaces/parking_robot_interfaces/action/execute_parking_task.hpp
[5.973s] -- Up-to-date symlink: /home/rokey/p3/cobot_ws/install/parking_robot_interfaces/include/parking_robot_interfaces/parking_robot_interfaces/action/ingress_under_truck.hpp
[5.973s] -- Up-to-date symlink: /home/rokey/p3/cobot_ws/install/parking_robot_interfaces/include/parking_robot_interfaces/parking_robot_interfaces/msg/detail/formation_assignment__builder.hpp
[5.973s] -- Up-to-date symlink: /home/rokey/p3/cobot_ws/install/parking_robot_interfaces/include/parking_robot_interfaces/parking_robot_interfaces/msg/detail/formation_assignment__struct.hpp
[5.973s] -- Up-to-date symlink: /home/rokey/p3/cobot_ws/install/parking_robot_interfaces/include/parking_robot_interfaces/parking_robot_interfaces/msg/detail/formation_assignment__traits.hpp
[5.973s] -- Up-to-date symlink: /home/rokey/p3/cobot_ws/install/parking_robot_interfaces/include/parking_robot_interfaces/parking_robot_interfaces/msg/detail/formation_assignment__type_support.hpp
[5.973s] -- Up-to-date symlink: /home/rokey/p3/cobot_ws/install/parking_robot_interfaces/include/parking_robot_interfaces/parking_robot_interfaces/msg/detail/formation_stop__builder.hpp
[5.973s] -- Up-to-date symlink: /home/rokey/p3/cobot_ws/install/parking_robot_interfaces/include/parking_robot_interfaces/parking_robot_interfaces/msg/detail/formation_stop__struct.hpp
[5.973s] -- Up-to-date symlink: /home/rokey/p3/cobot_ws/install/parking_robot_interfaces/include/parking_robot_interfaces/parking_robot_interfaces/msg/detail/formation_stop__traits.hpp
[5.973s] -- Up-to-date symlink: /home/rokey/p3/cobot_ws/install/parking_robot_interfaces/include/parking_robot_interfaces/parking_robot_interfaces/msg/detail/formation_stop__type_support.hpp
[5.973s] -- Up-to-date symlink: /home/rokey/p3/cobot_ws/install/parking_robot_interfaces/include/parking_robot_interfaces/parking_robot_interfaces/msg/detail/obstacle_alert__builder.hpp
[5.973s] -- Up-to-date symlink: /home/rokey/p3/cobot_ws/install/parking_robot_interfaces/include/parking_robot_interfaces/parking_robot_interfaces/msg/detail/obstacle_alert__struct.hpp
[5.973s] -- Up-to-date symlink: /home/rokey/p3/cobot_ws/install/parking_robot_interfaces/include/parking_robot_interfaces/parking_robot_interfaces/msg/detail/obstacle_alert__traits.hpp
[5.973s] -- Up-to-date symlink: /home/rokey/p3/cobot_ws/install/parking_robot_interfaces/include/parking_robot_interfaces/parking_robot_interfaces/msg/detail/obstacle_alert__type_support.hpp
[5.973s] -- Up-to-date symlink: /home/rokey/p3/cobot_ws/install/parking_robot_interfaces/include/parking_robot_interfaces/parking_robot_interfaces/msg/detail/task_state__builder.hpp
[5.973s] -- Up-to-date symlink: /home/rokey/p3/cobot_ws/install/parking_robot_interfaces/include/parking_robot_interfaces/parking_robot_interfaces/msg/detail/task_state__struct.hpp
[5.973s] -- Up-to-date symlink: /home/rokey/p3/cobot_ws/install/parking_robot_interfaces/include/parking_robot_interfaces/parking_robot_interfaces/msg/detail/task_state__traits.hpp
[5.973s] -- Up-to-date symlink: /home/rokey/p3/cobot_ws/install/parking_robot_interfaces/include/parking_robot_interfaces/parking_robot_interfaces/msg/detail/task_state__type_support.hpp
[5.973s] -- Up-to-date symlink: /home/rokey/p3/cobot_ws/install/parking_robot_interfaces/include/parking_robot_interfaces/parking_robot_interfaces/msg/detail/vehicle_info__builder.hpp
[5.974s] -- Up-to-date symlink: /home/rokey/p3/cobot_ws/install/parking_robot_interfaces/include/parking_robot_interfaces/parking_robot_interfaces/msg/detail/vehicle_info__struct.hpp
[5.974s] -- Up-to-date symlink: /home/rokey/p3/cobot_ws/install/parking_robot_interfaces/include/parking_robot_interfaces/parking_robot_interfaces/msg/detail/vehicle_info__traits.hpp
[5.974s] -- Up-to-date symlink: /home/rokey/p3/cobot_ws/install/parking_robot_interfaces/include/parking_robot_interfaces/parking_robot_interfaces/msg/detail/vehicle_info__type_support.hpp
[5.974s] -- Up-to-date symlink: /home/rokey/p3/cobot_ws/install/parking_robot_interfaces/include/parking_robot_interfaces/parking_robot_interfaces/msg/formation_assignment.hpp
[5.974s] -- Up-to-date symlink: /home/rokey/p3/cobot_ws/install/parking_robot_interfaces/include/parking_robot_interfaces/parking_robot_interfaces/msg/formation_stop.hpp
[5.974s] -- Up-to-date symlink: /home/rokey/p3/cobot_ws/install/parking_robot_interfaces/include/parking_robot_interfaces/parking_robot_interfaces/msg/obstacle_alert.hpp
[5.974s] -- Up-to-date symlink: /home/rokey/p3/cobot_ws/install/parking_robot_interfaces/include/parking_robot_interfaces/parking_robot_interfaces/msg/rosidl_generator_cpp__visibility_control.hpp
[5.974s] -- Up-to-date symlink: /home/rokey/p3/cobot_ws/install/parking_robot_interfaces/include/parking_robot_interfaces/parking_robot_interfaces/msg/task_state.hpp
[5.974s] -- Up-to-date symlink: /home/rokey/p3/cobot_ws/install/parking_robot_interfaces/include/parking_robot_interfaces/parking_robot_interfaces/msg/vehicle_info.hpp
[5.974s] -- Up-to-date symlink: /home/rokey/p3/cobot_ws/install/parking_robot_interfaces/include/parking_robot_interfaces/parking_robot_interfaces/srv/acquire_zones.hpp
[5.974s] -- Up-to-date symlink: /home/rokey/p3/cobot_ws/install/parking_robot_interfaces/include/parking_robot_interfaces/parking_robot_interfaces/srv/detail/acquire_zones__builder.hpp
[5.974s] -- Up-to-date symlink: /home/rokey/p3/cobot_ws/install/parking_robot_interfaces/include/parking_robot_interfaces/parking_robot_interfaces/srv/detail/acquire_zones__struct.hpp
[5.974s] -- Up-to-date symlink: /home/rokey/p3/cobot_ws/install/parking_robot_interfaces/include/parking_robot_interfaces/parking_robot_interfaces/srv/detail/acquire_zones__traits.hpp
[5.974s] -- Up-to-date symlink: /home/rokey/p3/cobot_ws/install/parking_robot_interfaces/include/parking_robot_interfaces/parking_robot_interfaces/srv/detail/acquire_zones__type_support.hpp
[5.974s] -- Up-to-date symlink: /home/rokey/p3/cobot_ws/install/parking_robot_interfaces/include/parking_robot_interfaces/parking_robot_interfaces/srv/detail/find_empty_slot__builder.hpp
[5.974s] -- Up-to-date symlink: /home/rokey/p3/cobot_ws/install/parking_robot_interfaces/include/parking_robot_interfaces/parking_robot_interfaces/srv/detail/find_empty_slot__struct.hpp
[5.974s] -- Up-to-date symlink: /home/rokey/p3/cobot_ws/install/parking_robot_interfaces/include/parking_robot_interfaces/parking_robot_interfaces/srv/detail/find_empty_slot__traits.hpp
[5.974s] -- Up-to-date symlink: /home/rokey/p3/cobot_ws/install/parking_robot_interfaces/include/parking_robot_interfaces/parking_robot_interfaces/srv/detail/find_empty_slot__type_support.hpp
[5.974s] -- Up-to-date symlink: /home/rokey/p3/cobot_ws/install/parking_robot_interfaces/include/parking_robot_interfaces/parking_robot_interfaces/srv/detail/get_slot_info__builder.hpp
[5.974s] -- Up-to-date symlink: /home/rokey/p3/cobot_ws/install/parking_robot_interfaces/include/parking_robot_interfaces/parking_robot_interfaces/srv/detail/get_slot_info__struct.hpp
[5.974s] -- Up-to-date symlink: /home/rokey/p3/cobot_ws/install/parking_robot_interfaces/include/parking_robot_interfaces/parking_robot_interfaces/srv/detail/get_slot_info__traits.hpp
[5.974s] -- Up-to-date symlink: /home/rokey/p3/cobot_ws/install/parking_robot_interfaces/include/parking_robot_interfaces/parking_robot_interfaces/srv/detail/get_slot_info__type_support.hpp
[5.974s] -- Up-to-date symlink: /home/rokey/p3/cobot_ws/install/parking_robot_interfaces/include/parking_robot_interfaces/parking_robot_interfaces/srv/detail/get_task_status__builder.hpp
[5.974s] -- Up-to-date symlink: /home/rokey/p3/cobot_ws/install/parking_robot_interfaces/include/parking_robot_interfaces/parking_robot_interfaces/srv/detail/get_task_status__struct.hpp
[5.974s] -- Up-to-date symlink: /home/rokey/p3/cobot_ws/install/parking_robot_interfaces/include/parking_robot_interfaces/parking_robot_interfaces/srv/detail/get_task_status__traits.hpp
[5.974s] -- Up-to-date symlink: /home/rokey/p3/cobot_ws/install/parking_robot_interfaces/include/parking_robot_interfaces/parking_robot_interfaces/srv/detail/get_task_status__type_support.hpp
[5.974s] -- Up-to-date symlink: /home/rokey/p3/cobot_ws/install/parking_robot_interfaces/include/parking_robot_interfaces/parking_robot_interfaces/srv/detail/park_in_slot__builder.hpp
[5.974s] -- Up-to-date symlink: /home/rokey/p3/cobot_ws/install/parking_robot_interfaces/include/parking_robot_interfaces/parking_robot_interfaces/srv/detail/park_in_slot__struct.hpp
[5.974s] -- Up-to-date symlink: /home/rokey/p3/cobot_ws/install/parking_robot_interfaces/include/parking_robot_interfaces/parking_robot_interfaces/srv/detail/park_in_slot__traits.hpp
[5.974s] -- Up-to-date symlink: /home/rokey/p3/cobot_ws/install/parking_robot_interfaces/include/parking_robot_interfaces/parking_robot_interfaces/srv/detail/park_in_slot__type_support.hpp
[5.974s] -- Up-to-date symlink: /home/rokey/p3/cobot_ws/install/parking_robot_interfaces/include/parking_robot_interfaces/parking_robot_interfaces/srv/detail/release_zones__builder.hpp
[5.974s] -- Up-to-date symlink: /home/rokey/p3/cobot_ws/install/parking_robot_interfaces/include/parking_robot_interfaces/parking_robot_interfaces/srv/detail/release_zones__struct.hpp
[5.974s] -- Up-to-date symlink: /home/rokey/p3/cobot_ws/install/parking_robot_interfaces/include/parking_robot_interfaces/parking_robot_interfaces/srv/detail/release_zones__traits.hpp
[5.974s] -- Up-to-date symlink: /home/rokey/p3/cobot_ws/install/parking_robot_interfaces/include/parking_robot_interfaces/parking_robot_interfaces/srv/detail/release_zones__type_support.hpp
[5.975s] -- Up-to-date symlink: /home/rokey/p3/cobot_ws/install/parking_robot_interfaces/include/parking_robot_interfaces/parking_robot_interfaces/srv/detail/request_parking_task__builder.hpp
[5.975s] -- Up-to-date symlink: /home/rokey/p3/cobot_ws/install/parking_robot_interfaces/include/parking_robot_interfaces/parking_robot_interfaces/srv/detail/request_parking_task__struct.hpp
[5.975s] -- Up-to-date symlink: /home/rokey/p3/cobot_ws/install/parking_robot_interfaces/include/parking_robot_interfaces/parking_robot_interfaces/srv/detail/request_parking_task__traits.hpp
[5.975s] -- Up-to-date symlink: /home/rokey/p3/cobot_ws/install/parking_robot_interfaces/include/parking_robot_interfaces/parking_robot_interfaces/srv/detail/request_parking_task__type_support.hpp
[5.975s] -- Up-to-date symlink: /home/rokey/p3/cobot_ws/install/parking_robot_interfaces/include/parking_robot_interfaces/parking_robot_interfaces/srv/find_empty_slot.hpp
[5.975s] -- Up-to-date symlink: /home/rokey/p3/cobot_ws/install/parking_robot_interfaces/include/parking_robot_interfaces/parking_robot_interfaces/srv/get_slot_info.hpp
[5.975s] -- Up-to-date symlink: /home/rokey/p3/cobot_ws/install/parking_robot_interfaces/include/parking_robot_interfaces/parking_robot_interfaces/srv/get_task_status.hpp
[5.975s] -- Up-to-date symlink: /home/rokey/p3/cobot_ws/install/parking_robot_interfaces/include/parking_robot_interfaces/parking_robot_interfaces/srv/park_in_slot.hpp
[5.975s] -- Up-to-date symlink: /home/rokey/p3/cobot_ws/install/parking_robot_interfaces/include/parking_robot_interfaces/parking_robot_interfaces/srv/release_zones.hpp
[5.975s] -- Up-to-date symlink: /home/rokey/p3/cobot_ws/install/parking_robot_interfaces/include/parking_robot_interfaces/parking_robot_interfaces/srv/request_parking_task.hpp
[5.975s] -- Up-to-date symlink: /home/rokey/p3/cobot_ws/install/parking_robot_interfaces/include/parking_robot_interfaces/parking_robot_interfaces/action/detail/align_vehicle__rosidl_typesupport_fastrtps_cpp.hpp
[5.976s] -- Symlinking: /home/rokey/p3/cobot_ws/install/parking_robot_interfaces/include/parking_robot_interfaces/parking_robot_interfaces/action/detail/carry_to_slot__rosidl_typesupport_fastrtps_cpp.hpp
[5.980s] -- Up-to-date symlink: /home/rokey/p3/cobot_ws/install/parking_robot_interfaces/include/parking_robot_interfaces/parking_robot_interfaces/action/detail/control_lift__rosidl_typesupport_fastrtps_cpp.hpp
[5.980s] -- Up-to-date symlink: /home/rokey/p3/cobot_ws/install/parking_robot_interfaces/include/parking_robot_interfaces/parking_robot_interfaces/action/detail/detect_vehicle__rosidl_typesupport_fastrtps_cpp.hpp
[5.980s] -- Up-to-date symlink: /home/rokey/p3/cobot_ws/install/parking_robot_interfaces/include/parking_robot_interfaces/parking_robot_interfaces/action/detail/execute_parking_task__rosidl_typesupport_fastrtps_cpp.hpp
[5.980s] -- Up-to-date symlink: /home/rokey/p3/cobot_ws/install/parking_robot_interfaces/include/parking_robot_interfaces/parking_robot_interfaces/action/detail/ingress_under_truck__rosidl_typesupport_fastrtps_cpp.hpp
[5.980s] -- Up-to-date symlink: /home/rokey/p3/cobot_ws/install/parking_robot_interfaces/include/parking_robot_interfaces/parking_robot_interfaces/msg/detail/formation_assignment__rosidl_typesupport_fastrtps_cpp.hpp
[5.981s] -- Up-to-date symlink: /home/rokey/p3/cobot_ws/install/parking_robot_interfaces/include/parking_robot_interfaces/parking_robot_interfaces/msg/detail/formation_stop__rosidl_typesupport_fastrtps_cpp.hpp
[5.981s] -- Up-to-date symlink: /home/rokey/p3/cobot_ws/install/parking_robot_interfaces/include/parking_robot_interfaces/parking_robot_interfaces/msg/detail/obstacle_alert__rosidl_typesupport_fastrtps_cpp.hpp
[5.981s] -- Up-to-date symlink: /home/rokey/p3/cobot_ws/install/parking_robot_interfaces/include/parking_robot_interfaces/parking_robot_interfaces/msg/detail/task_state__rosidl_typesupport_fastrtps_cpp.hpp
[5.981s] -- Up-to-date symlink: /home/rokey/p3/cobot_ws/install/parking_robot_interfaces/include/parking_robot_interfaces/parking_robot_interfaces/msg/detail/vehicle_info__rosidl_typesupport_fastrtps_cpp.hpp
[5.981s] -- Up-to-date symlink: /home/rokey/p3/cobot_ws/install/parking_robot_interfaces/include/parking_robot_interfaces/parking_robot_interfaces/msg/rosidl_typesupport_fastrtps_cpp__visibility_control.h
[5.981s] -- Up-to-date symlink: /home/rokey/p3/cobot_ws/install/parking_robot_interfaces/include/parking_robot_interfaces/parking_robot_interfaces/srv/detail/acquire_zones__rosidl_typesupport_fastrtps_cpp.hpp
[5.981s] -- Up-to-date symlink: /home/rokey/p3/cobot_ws/install/parking_robot_interfaces/include/parking_robot_interfaces/parking_robot_interfaces/srv/detail/find_empty_slot__rosidl_typesupport_fastrtps_cpp.hpp
[5.981s] -- Up-to-date symlink: /home/rokey/p3/cobot_ws/install/parking_robot_interfaces/include/parking_robot_interfaces/parking_robot_interfaces/srv/detail/get_slot_info__rosidl_typesupport_fastrtps_cpp.hpp
[5.981s] -- Up-to-date symlink: /home/rokey/p3/cobot_ws/install/parking_robot_interfaces/include/parking_robot_interfaces/parking_robot_interfaces/srv/detail/get_task_status__rosidl_typesupport_fastrtps_cpp.hpp
[5.981s] -- Up-to-date symlink: /home/rokey/p3/cobot_ws/install/parking_robot_interfaces/include/parking_robot_interfaces/parking_robot_interfaces/srv/detail/park_in_slot__rosidl_typesupport_fastrtps_cpp.hpp
[5.981s] -- Up-to-date symlink: /home/rokey/p3/cobot_ws/install/parking_robot_interfaces/include/parking_robot_interfaces/parking_robot_interfaces/srv/detail/release_zones__rosidl_typesupport_fastrtps_cpp.hpp
[5.981s] -- Up-to-date symlink: /home/rokey/p3/cobot_ws/install/parking_robot_interfaces/include/parking_robot_interfaces/parking_robot_interfaces/srv/detail/request_parking_task__rosidl_typesupport_fastrtps_cpp.hpp
[5.981s] -- Up-to-date symlink: /home/rokey/p3/cobot_ws/install/parking_robot_interfaces/include/parking_robot_interfaces/parking_robot_interfaces/action/detail/align_vehicle__rosidl_typesupport_introspection_cpp.hpp
[5.981s] -- Symlinking: /home/rokey/p3/cobot_ws/install/parking_robot_interfaces/include/parking_robot_interfaces/parking_robot_interfaces/action/detail/carry_to_slot__rosidl_typesupport_introspection_cpp.hpp
[5.986s] -- Up-to-date symlink: /home/rokey/p3/cobot_ws/install/parking_robot_interfaces/include/parking_robot_interfaces/parking_robot_interfaces/action/detail/control_lift__rosidl_typesupport_introspection_cpp.hpp
[5.986s] -- Up-to-date symlink: /home/rokey/p3/cobot_ws/install/parking_robot_interfaces/include/parking_robot_interfaces/parking_robot_interfaces/action/detail/detect_vehicle__rosidl_typesupport_introspection_cpp.hpp
[5.986s] -- Up-to-date symlink: /home/rokey/p3/cobot_ws/install/parking_robot_interfaces/include/parking_robot_interfaces/parking_robot_interfaces/action/detail/execute_parking_task__rosidl_typesupport_introspection_cpp.hpp
[5.986s] -- Up-to-date symlink: /home/rokey/p3/cobot_ws/install/parking_robot_interfaces/include/parking_robot_interfaces/parking_robot_interfaces/action/detail/ingress_under_truck__rosidl_typesupport_introspection_cpp.hpp
[5.986s] -- Up-to-date symlink: /home/rokey/p3/cobot_ws/install/parking_robot_interfaces/include/parking_robot_interfaces/parking_robot_interfaces/msg/detail/formation_assignment__rosidl_typesupport_introspection_cpp.hpp
[5.986s] -- Up-to-date symlink: /home/rokey/p3/cobot_ws/install/parking_robot_interfaces/include/parking_robot_interfaces/parking_robot_interfaces/msg/detail/formation_stop__rosidl_typesupport_introspection_cpp.hpp
[5.986s] -- Up-to-date symlink: /home/rokey/p3/cobot_ws/install/parking_robot_interfaces/include/parking_robot_interfaces/parking_robot_interfaces/msg/detail/obstacle_alert__rosidl_typesupport_introspection_cpp.hpp
[5.986s] -- Up-to-date symlink: /home/rokey/p3/cobot_ws/install/parking_robot_interfaces/include/parking_robot_interfaces/parking_robot_interfaces/msg/detail/task_state__rosidl_typesupport_introspection_cpp.hpp
[5.986s] -- Up-to-date symlink: /home/rokey/p3/cobot_ws/install/parking_robot_interfaces/include/parking_robot_interfaces/parking_robot_interfaces/msg/detail/vehicle_info__rosidl_typesupport_introspection_cpp.hpp
[5.986s] -- Up-to-date symlink: /home/rokey/p3/cobot_ws/install/parking_robot_interfaces/include/parking_robot_interfaces/parking_robot_interfaces/srv/detail/acquire_zones__rosidl_typesupport_introspection_cpp.hpp
[5.986s] -- Up-to-date symlink: /home/rokey/p3/cobot_ws/install/parking_robot_interfaces/include/parking_robot_interfaces/parking_robot_interfaces/srv/detail/find_empty_slot__rosidl_typesupport_introspection_cpp.hpp
[5.986s] -- Up-to-date symlink: /home/rokey/p3/cobot_ws/install/parking_robot_interfaces/include/parking_robot_interfaces/parking_robot_interfaces/srv/detail/get_slot_info__rosidl_typesupport_introspection_cpp.hpp
[5.987s] -- Up-to-date symlink: /home/rokey/p3/cobot_ws/install/parking_robot_interfaces/include/parking_robot_interfaces/parking_robot_interfaces/srv/detail/get_task_status__rosidl_typesupport_introspection_cpp.hpp
[5.987s] -- Up-to-date symlink: /home/rokey/p3/cobot_ws/install/parking_robot_interfaces/include/parking_robot_interfaces/parking_robot_interfaces/srv/detail/park_in_slot__rosidl_typesupport_introspection_cpp.hpp
[5.987s] -- Up-to-date symlink: /home/rokey/p3/cobot_ws/install/parking_robot_interfaces/include/parking_robot_interfaces/parking_robot_interfaces/srv/detail/release_zones__rosidl_typesupport_introspection_cpp.hpp
[5.987s] -- Up-to-date symlink: /home/rokey/p3/cobot_ws/install/parking_robot_interfaces/include/parking_robot_interfaces/parking_robot_interfaces/srv/detail/request_parking_task__rosidl_typesupport_introspection_cpp.hpp
[5.987s] -- Up-to-date symlink: /home/rokey/p3/cobot_ws/install/parking_robot_interfaces/share/parking_robot_interfaces/environment/pythonpath.sh
[5.987s] -- Up-to-date symlink: /home/rokey/p3/cobot_ws/install/parking_robot_interfaces/share/parking_robot_interfaces/environment/pythonpath.dsv
[5.987s] -- Up-to-date symlink: /home/rokey/p3/cobot_ws/install/parking_robot_interfaces/local/lib/python3.10/dist-packages/parking_robot_interfaces-0.0.1-py3.10.egg-info/PKG-INFO
[5.987s] -- Up-to-date symlink: /home/rokey/p3/cobot_ws/install/parking_robot_interfaces/local/lib/python3.10/dist-packages/parking_robot_interfaces-0.0.1-py3.10.egg-info/SOURCES.txt
[5.987s] -- Up-to-date symlink: /home/rokey/p3/cobot_ws/install/parking_robot_interfaces/local/lib/python3.10/dist-packages/parking_robot_interfaces-0.0.1-py3.10.egg-info/dependency_links.txt
[5.987s] -- Up-to-date symlink: /home/rokey/p3/cobot_ws/install/parking_robot_interfaces/local/lib/python3.10/dist-packages/parking_robot_interfaces-0.0.1-py3.10.egg-info/top_level.txt
[5.987s] -- Up-to-date symlink: /home/rokey/p3/cobot_ws/install/parking_robot_interfaces/local/lib/python3.10/dist-packages/parking_robot_interfaces/__init__.py
[5.987s] -- Up-to-date symlink: /home/rokey/p3/cobot_ws/install/parking_robot_interfaces/local/lib/python3.10/dist-packages/parking_robot_interfaces/_parking_robot_interfaces_s.ep.rosidl_typesupport_c.c
[5.987s] -- Up-to-date symlink: /home/rokey/p3/cobot_ws/install/parking_robot_interfaces/local/lib/python3.10/dist-packages/parking_robot_interfaces/_parking_robot_interfaces_s.ep.rosidl_typesupport_fastrtps_c.c
[5.987s] -- Up-to-date symlink: /home/rokey/p3/cobot_ws/install/parking_robot_interfaces/local/lib/python3.10/dist-packages/parking_robot_interfaces/_parking_robot_interfaces_s.ep.rosidl_typesupport_introspection_c.c
[5.987s] -- Up-to-date symlink: /home/rokey/p3/cobot_ws/install/parking_robot_interfaces/local/lib/python3.10/dist-packages/parking_robot_interfaces/action/__init__.py
[5.987s] -- Up-to-date symlink: /home/rokey/p3/cobot_ws/install/parking_robot_interfaces/local/lib/python3.10/dist-packages/parking_robot_interfaces/action/_align_vehicle.py
[5.987s] -- Up-to-date symlink: /home/rokey/p3/cobot_ws/install/parking_robot_interfaces/local/lib/python3.10/dist-packages/parking_robot_interfaces/action/_align_vehicle_s.c
[5.987s] -- Symlinking: /home/rokey/p3/cobot_ws/install/parking_robot_interfaces/local/lib/python3.10/dist-packages/parking_robot_interfaces/action/_carry_to_slot.py
[5.992s] -- Symlinking: /home/rokey/p3/cobot_ws/install/parking_robot_interfaces/local/lib/python3.10/dist-packages/parking_robot_interfaces/action/_carry_to_slot_s.c
[5.997s] -- Up-to-date symlink: /home/rokey/p3/cobot_ws/install/parking_robot_interfaces/local/lib/python3.10/dist-packages/parking_robot_interfaces/action/_control_lift.py
[5.997s] -- Up-to-date symlink: /home/rokey/p3/cobot_ws/install/parking_robot_interfaces/local/lib/python3.10/dist-packages/parking_robot_interfaces/action/_control_lift_s.c
[5.997s] -- Up-to-date symlink: /home/rokey/p3/cobot_ws/install/parking_robot_interfaces/local/lib/python3.10/dist-packages/parking_robot_interfaces/action/_detect_vehicle.py
[5.997s] -- Up-to-date symlink: /home/rokey/p3/cobot_ws/install/parking_robot_interfaces/local/lib/python3.10/dist-packages/parking_robot_interfaces/action/_detect_vehicle_s.c
[5.997s] -- Up-to-date symlink: /home/rokey/p3/cobot_ws/install/parking_robot_interfaces/local/lib/python3.10/dist-packages/parking_robot_interfaces/action/_execute_parking_task.py
[5.997s] -- Up-to-date symlink: /home/rokey/p3/cobot_ws/install/parking_robot_interfaces/local/lib/python3.10/dist-packages/parking_robot_interfaces/action/_execute_parking_task_s.c
[5.997s] -- Up-to-date symlink: /home/rokey/p3/cobot_ws/install/parking_robot_interfaces/local/lib/python3.10/dist-packages/parking_robot_interfaces/action/_ingress_under_truck.py
[5.997s] -- Up-to-date symlink: /home/rokey/p3/cobot_ws/install/parking_robot_interfaces/local/lib/python3.10/dist-packages/parking_robot_interfaces/action/_ingress_under_truck_s.c
[5.997s] -- Up-to-date symlink: /home/rokey/p3/cobot_ws/install/parking_robot_interfaces/local/lib/python3.10/dist-packages/parking_robot_interfaces/libparking_robot_interfaces__rosidl_generator_py.so
[5.997s] -- Up-to-date symlink: /home/rokey/p3/cobot_ws/install/parking_robot_interfaces/local/lib/python3.10/dist-packages/parking_robot_interfaces/msg/__init__.py
[5.997s] -- Up-to-date symlink: /home/rokey/p3/cobot_ws/install/parking_robot_interfaces/local/lib/python3.10/dist-packages/parking_robot_interfaces/msg/_formation_assignment.py
[5.997s] -- Up-to-date symlink: /home/rokey/p3/cobot_ws/install/parking_robot_interfaces/local/lib/python3.10/dist-packages/parking_robot_interfaces/msg/_formation_assignment_s.c
[5.997s] -- Up-to-date symlink: /home/rokey/p3/cobot_ws/install/parking_robot_interfaces/local/lib/python3.10/dist-packages/parking_robot_interfaces/msg/_formation_stop.py
[5.997s] -- Up-to-date symlink: /home/rokey/p3/cobot_ws/install/parking_robot_interfaces/local/lib/python3.10/dist-packages/parking_robot_interfaces/msg/_formation_stop_s.c
[5.997s] -- Up-to-date symlink: /home/rokey/p3/cobot_ws/install/parking_robot_interfaces/local/lib/python3.10/dist-packages/parking_robot_interfaces/msg/_obstacle_alert.py
[5.998s] -- Up-to-date symlink: /home/rokey/p3/cobot_ws/install/parking_robot_interfaces/local/lib/python3.10/dist-packages/parking_robot_interfaces/msg/_obstacle_alert_s.c
[5.998s] -- Up-to-date symlink: /home/rokey/p3/cobot_ws/install/parking_robot_interfaces/local/lib/python3.10/dist-packages/parking_robot_interfaces/msg/_task_state.py
[5.998s] -- Up-to-date symlink: /home/rokey/p3/cobot_ws/install/parking_robot_interfaces/local/lib/python3.10/dist-packages/parking_robot_interfaces/msg/_task_state_s.c
[5.998s] -- Up-to-date symlink: /home/rokey/p3/cobot_ws/install/parking_robot_interfaces/local/lib/python3.10/dist-packages/parking_robot_interfaces/msg/_vehicle_info.py
[5.998s] -- Up-to-date symlink: /home/rokey/p3/cobot_ws/install/parking_robot_interfaces/local/lib/python3.10/dist-packages/parking_robot_interfaces/msg/_vehicle_info_s.c
[5.998s] -- Up-to-date symlink: /home/rokey/p3/cobot_ws/install/parking_robot_interfaces/local/lib/python3.10/dist-packages/parking_robot_interfaces/parking_robot_interfaces_s__rosidl_typesupport_c.cpython-310-x86_64-linux-gnu.so
[5.998s] -- Up-to-date symlink: /home/rokey/p3/cobot_ws/install/parking_robot_interfaces/local/lib/python3.10/dist-packages/parking_robot_interfaces/parking_robot_interfaces_s__rosidl_typesupport_fastrtps_c.cpython-310-x86_64-linux-gnu.so
[5.998s] -- Up-to-date symlink: /home/rokey/p3/cobot_ws/install/parking_robot_interfaces/local/lib/python3.10/dist-packages/parking_robot_interfaces/parking_robot_interfaces_s__rosidl_typesupport_introspection_c.cpython-310-x86_64-linux-gnu.so
[5.998s] -- Up-to-date symlink: /home/rokey/p3/cobot_ws/install/parking_robot_interfaces/local/lib/python3.10/dist-packages/parking_robot_interfaces/srv/__init__.py
[5.998s] -- Up-to-date symlink: /home/rokey/p3/cobot_ws/install/parking_robot_interfaces/local/lib/python3.10/dist-packages/parking_robot_interfaces/srv/_acquire_zones.py
[5.998s] -- Up-to-date symlink: /home/rokey/p3/cobot_ws/install/parking_robot_interfaces/local/lib/python3.10/dist-packages/parking_robot_interfaces/srv/_acquire_zones_s.c
[5.998s] -- Up-to-date symlink: /home/rokey/p3/cobot_ws/install/parking_robot_interfaces/local/lib/python3.10/dist-packages/parking_robot_interfaces/srv/_find_empty_slot.py
[5.998s] -- Up-to-date symlink: /home/rokey/p3/cobot_ws/install/parking_robot_interfaces/local/lib/python3.10/dist-packages/parking_robot_interfaces/srv/_find_empty_slot_s.c
[5.998s] -- Up-to-date symlink: /home/rokey/p3/cobot_ws/install/parking_robot_interfaces/local/lib/python3.10/dist-packages/parking_robot_interfaces/srv/_get_slot_info.py
[5.998s] -- Up-to-date symlink: /home/rokey/p3/cobot_ws/install/parking_robot_interfaces/local/lib/python3.10/dist-packages/parking_robot_interfaces/srv/_get_slot_info_s.c
[5.998s] -- Up-to-date symlink: /home/rokey/p3/cobot_ws/install/parking_robot_interfaces/local/lib/python3.10/dist-packages/parking_robot_interfaces/srv/_get_task_status.py
[5.998s] -- Up-to-date symlink: /home/rokey/p3/cobot_ws/install/parking_robot_interfaces/local/lib/python3.10/dist-packages/parking_robot_interfaces/srv/_get_task_status_s.c
[5.999s] -- Up-to-date symlink: /home/rokey/p3/cobot_ws/install/parking_robot_interfaces/local/lib/python3.10/dist-packages/parking_robot_interfaces/srv/_park_in_slot.py
[5.999s] -- Up-to-date symlink: /home/rokey/p3/cobot_ws/install/parking_robot_interfaces/local/lib/python3.10/dist-packages/parking_robot_interfaces/srv/_park_in_slot_s.c
[5.999s] -- Up-to-date symlink: /home/rokey/p3/cobot_ws/install/parking_robot_interfaces/local/lib/python3.10/dist-packages/parking_robot_interfaces/srv/_release_zones.py
[5.999s] -- Up-to-date symlink: /home/rokey/p3/cobot_ws/install/parking_robot_interfaces/local/lib/python3.10/dist-packages/parking_robot_interfaces/srv/_release_zones_s.c
[5.999s] -- Up-to-date symlink: /home/rokey/p3/cobot_ws/install/parking_robot_interfaces/local/lib/python3.10/dist-packages/parking_robot_interfaces/srv/_request_parking_task.py
[5.999s] -- Up-to-date symlink: /home/rokey/p3/cobot_ws/install/parking_robot_interfaces/local/lib/python3.10/dist-packages/parking_robot_interfaces/srv/_request_parking_task_s.c
[5.999s] -- Up-to-date symlink: /home/rokey/p3/cobot_ws/install/parking_robot_interfaces/local/lib/python3.10/dist-packages/parking_robot_interfaces/parking_robot_interfaces_s__rosidl_typesupport_fastrtps_c.cpython-310-x86_64-linux-gnu.so
[5.999s] -- Up-to-date symlink: /home/rokey/p3/cobot_ws/install/parking_robot_interfaces/local/lib/python3.10/dist-packages/parking_robot_interfaces/parking_robot_interfaces_s__rosidl_typesupport_introspection_c.cpython-310-x86_64-linux-gnu.so
[5.999s] -- Up-to-date symlink: /home/rokey/p3/cobot_ws/install/parking_robot_interfaces/local/lib/python3.10/dist-packages/parking_robot_interfaces/parking_robot_interfaces_s__rosidl_typesupport_c.cpython-310-x86_64-linux-gnu.so
[5.999s] -- Up-to-date symlink: /home/rokey/p3/cobot_ws/install/parking_robot_interfaces/share/ament_index/resource_index/rust_packages/parking_robot_interfaces
[5.999s] -- Up-to-date symlink: /home/rokey/p3/cobot_ws/install/parking_robot_interfaces/share/parking_robot_interfaces/rust/Cargo.toml
[5.999s] -- Up-to-date symlink: /home/rokey/p3/cobot_ws/install/parking_robot_interfaces/share/parking_robot_interfaces/rust/build.rs
[5.999s] -- Up-to-date symlink: /home/rokey/p3/cobot_ws/install/parking_robot_interfaces/share/parking_robot_interfaces/rust/src/action.rs
[5.999s] -- Up-to-date symlink: /home/rokey/p3/cobot_ws/install/parking_robot_interfaces/share/parking_robot_interfaces/rust/src/action/rmw.rs
[5.999s] -- Up-to-date symlink: /home/rokey/p3/cobot_ws/install/parking_robot_interfaces/share/parking_robot_interfaces/rust/src/lib.rs
[5.999s] -- Up-to-date symlink: /home/rokey/p3/cobot_ws/install/parking_robot_interfaces/share/parking_robot_interfaces/rust/src/msg.rs
[5.999s] -- Up-to-date symlink: /home/rokey/p3/cobot_ws/install/parking_robot_interfaces/share/parking_robot_interfaces/rust/src/msg/rmw.rs
[5.999s] -- Up-to-date symlink: /home/rokey/p3/cobot_ws/install/parking_robot_interfaces/share/parking_robot_interfaces/rust/src/srv.rs
[5.999s] -- Up-to-date symlink: /home/rokey/p3/cobot_ws/install/parking_robot_interfaces/share/parking_robot_interfaces/rust/src/srv/rmw.rs
[6.000s] -- Up-to-date symlink: /home/rokey/p3/cobot_ws/install/parking_robot_interfaces/share/parking_robot_interfaces/msg/VehicleInfo.idl
[6.000s] -- Up-to-date symlink: /home/rokey/p3/cobot_ws/install/parking_robot_interfaces/share/parking_robot_interfaces/msg/TaskState.idl
[6.000s] -- Up-to-date symlink: /home/rokey/p3/cobot_ws/install/parking_robot_interfaces/share/parking_robot_interfaces/msg/ObstacleAlert.idl
[6.000s] -- Up-to-date symlink: /home/rokey/p3/cobot_ws/install/parking_robot_interfaces/share/parking_robot_interfaces/msg/FormationStop.idl
[6.000s] -- Up-to-date symlink: /home/rokey/p3/cobot_ws/install/parking_robot_interfaces/share/parking_robot_interfaces/msg/FormationAssignment.idl
[6.000s] -- Up-to-date symlink: /home/rokey/p3/cobot_ws/install/parking_robot_interfaces/share/parking_robot_interfaces/srv/FindEmptySlot.idl
[6.000s] -- Up-to-date symlink: /home/rokey/p3/cobot_ws/install/parking_robot_interfaces/share/parking_robot_interfaces/srv/ParkInSlot.idl
[6.000s] -- Up-to-date symlink: /home/rokey/p3/cobot_ws/install/parking_robot_interfaces/share/parking_robot_interfaces/srv/GetSlotInfo.idl
[6.000s] -- Up-to-date symlink: /home/rokey/p3/cobot_ws/install/parking_robot_interfaces/share/parking_robot_interfaces/srv/RequestParkingTask.idl
[6.000s] -- Up-to-date symlink: /home/rokey/p3/cobot_ws/install/parking_robot_interfaces/share/parking_robot_interfaces/srv/GetTaskStatus.idl
[6.000s] -- Up-to-date symlink: /home/rokey/p3/cobot_ws/install/parking_robot_interfaces/share/parking_robot_interfaces/srv/AcquireZones.idl
[6.000s] -- Up-to-date symlink: /home/rokey/p3/cobot_ws/install/parking_robot_interfaces/share/parking_robot_interfaces/srv/ReleaseZones.idl
[6.000s] -- Up-to-date symlink: /home/rokey/p3/cobot_ws/install/parking_robot_interfaces/share/parking_robot_interfaces/action/ExecuteParkingTask.idl
[6.000s] -- Up-to-date symlink: /home/rokey/p3/cobot_ws/install/parking_robot_interfaces/share/parking_robot_interfaces/action/DetectVehicle.idl
[6.000s] -- Up-to-date symlink: /home/rokey/p3/cobot_ws/install/parking_robot_interfaces/share/parking_robot_interfaces/action/AlignVehicle.idl
[6.000s] -- Up-to-date symlink: /home/rokey/p3/cobot_ws/install/parking_robot_interfaces/share/parking_robot_interfaces/action/ControlLift.idl
[6.000s] -- Up-to-date symlink: /home/rokey/p3/cobot_ws/install/parking_robot_interfaces/share/parking_robot_interfaces/action/IngressUnderTruck.idl
[6.000s] -- Symlinking: /home/rokey/p3/cobot_ws/install/parking_robot_interfaces/share/parking_robot_interfaces/action/CarryToSlot.idl
[6.005s] -- Up-to-date symlink: /home/rokey/p3/cobot_ws/install/parking_robot_interfaces/share/parking_robot_interfaces/msg/VehicleInfo.msg
[6.005s] -- Up-to-date symlink: /home/rokey/p3/cobot_ws/install/parking_robot_interfaces/share/parking_robot_interfaces/msg/TaskState.msg
[6.005s] -- Up-to-date symlink: /home/rokey/p3/cobot_ws/install/parking_robot_interfaces/share/parking_robot_interfaces/msg/ObstacleAlert.msg
[6.005s] -- Up-to-date symlink: /home/rokey/p3/cobot_ws/install/parking_robot_interfaces/share/parking_robot_interfaces/msg/FormationStop.msg
[6.005s] -- Up-to-date symlink: /home/rokey/p3/cobot_ws/install/parking_robot_interfaces/share/parking_robot_interfaces/msg/FormationAssignment.msg
[6.005s] -- Up-to-date symlink: /home/rokey/p3/cobot_ws/install/parking_robot_interfaces/share/parking_robot_interfaces/srv/FindEmptySlot.srv
[6.005s] -- Up-to-date symlink: /home/rokey/p3/cobot_ws/install/parking_robot_interfaces/share/parking_robot_interfaces/srv/FindEmptySlot_Request.msg
[6.005s] -- Up-to-date symlink: /home/rokey/p3/cobot_ws/install/parking_robot_interfaces/share/parking_robot_interfaces/srv/FindEmptySlot_Response.msg
[6.005s] -- Up-to-date symlink: /home/rokey/p3/cobot_ws/install/parking_robot_interfaces/share/parking_robot_interfaces/srv/ParkInSlot.srv
[6.005s] -- Up-to-date symlink: /home/rokey/p3/cobot_ws/install/parking_robot_interfaces/share/parking_robot_interfaces/srv/ParkInSlot_Request.msg
[6.005s] -- Up-to-date symlink: /home/rokey/p3/cobot_ws/install/parking_robot_interfaces/share/parking_robot_interfaces/srv/ParkInSlot_Response.msg
[6.005s] -- Up-to-date symlink: /home/rokey/p3/cobot_ws/install/parking_robot_interfaces/share/parking_robot_interfaces/srv/GetSlotInfo.srv
[6.005s] -- Up-to-date symlink: /home/rokey/p3/cobot_ws/install/parking_robot_interfaces/share/parking_robot_interfaces/srv/GetSlotInfo_Request.msg
[6.005s] -- Up-to-date symlink: /home/rokey/p3/cobot_ws/install/parking_robot_interfaces/share/parking_robot_interfaces/srv/GetSlotInfo_Response.msg
[6.005s] -- Up-to-date symlink: /home/rokey/p3/cobot_ws/install/parking_robot_interfaces/share/parking_robot_interfaces/srv/RequestParkingTask.srv
[6.005s] -- Up-to-date symlink: /home/rokey/p3/cobot_ws/install/parking_robot_interfaces/share/parking_robot_interfaces/srv/RequestParkingTask_Request.msg
[6.005s] -- Up-to-date symlink: /home/rokey/p3/cobot_ws/install/parking_robot_interfaces/share/parking_robot_interfaces/srv/RequestParkingTask_Response.msg
[6.005s] -- Up-to-date symlink: /home/rokey/p3/cobot_ws/install/parking_robot_interfaces/share/parking_robot_interfaces/srv/GetTaskStatus.srv
[6.006s] -- Up-to-date symlink: /home/rokey/p3/cobot_ws/install/parking_robot_interfaces/share/parking_robot_interfaces/srv/GetTaskStatus_Request.msg
[6.006s] -- Up-to-date symlink: /home/rokey/p3/cobot_ws/install/parking_robot_interfaces/share/parking_robot_interfaces/srv/GetTaskStatus_Response.msg
[6.006s] -- Up-to-date symlink: /home/rokey/p3/cobot_ws/install/parking_robot_interfaces/share/parking_robot_interfaces/srv/AcquireZones.srv
[6.006s] -- Up-to-date symlink: /home/rokey/p3/cobot_ws/install/parking_robot_interfaces/share/parking_robot_interfaces/srv/AcquireZones_Request.msg
[6.006s] -- Up-to-date symlink: /home/rokey/p3/cobot_ws/install/parking_robot_interfaces/share/parking_robot_interfaces/srv/AcquireZones_Response.msg
[6.006s] -- Up-to-date symlink: /home/rokey/p3/cobot_ws/install/parking_robot_interfaces/share/parking_robot_interfaces/srv/ReleaseZones.srv
[6.006s] -- Up-to-date symlink: /home/rokey/p3/cobot_ws/install/parking_robot_interfaces/share/parking_robot_interfaces/srv/ReleaseZones_Request.msg
[6.006s] -- Up-to-date symlink: /home/rokey/p3/cobot_ws/install/parking_robot_interfaces/share/parking_robot_interfaces/srv/ReleaseZones_Response.msg
[6.006s] -- Up-to-date symlink: /home/rokey/p3/cobot_ws/install/parking_robot_interfaces/share/parking_robot_interfaces/action/ExecuteParkingTask.action
[6.006s] -- Up-to-date symlink: /home/rokey/p3/cobot_ws/install/parking_robot_interfaces/share/parking_robot_interfaces/action/DetectVehicle.action
[6.006s] -- Up-to-date symlink: /home/rokey/p3/cobot_ws/install/parking_robot_interfaces/share/parking_robot_interfaces/action/AlignVehicle.action
[6.006s] -- Up-to-date symlink: /home/rokey/p3/cobot_ws/install/parking_robot_interfaces/share/parking_robot_interfaces/action/ControlLift.action
[6.006s] -- Up-to-date symlink: /home/rokey/p3/cobot_ws/install/parking_robot_interfaces/share/parking_robot_interfaces/action/IngressUnderTruck.action
[6.006s] -- Symlinking: /home/rokey/p3/cobot_ws/install/parking_robot_interfaces/share/parking_robot_interfaces/action/CarryToSlot.action
[6.010s] -- Up-to-date symlink: /home/rokey/p3/cobot_ws/install/parking_robot_interfaces/share/ament_index/resource_index/package_run_dependencies/parking_robot_interfaces
[6.010s] -- Up-to-date symlink: /home/rokey/p3/cobot_ws/install/parking_robot_interfaces/share/ament_index/resource_index/parent_prefix_path/parking_robot_interfaces
[6.010s] -- Up-to-date symlink: /home/rokey/p3/cobot_ws/install/parking_robot_interfaces/share/parking_robot_interfaces/environment/ament_prefix_path.sh
[6.010s] -- Up-to-date symlink: /home/rokey/p3/cobot_ws/install/parking_robot_interfaces/share/parking_robot_interfaces/environment/ament_prefix_path.dsv
[6.011s] -- Up-to-date symlink: /home/rokey/p3/cobot_ws/install/parking_robot_interfaces/share/parking_robot_interfaces/environment/path.sh
[6.011s] -- Up-to-date symlink: /home/rokey/p3/cobot_ws/install/parking_robot_interfaces/share/parking_robot_interfaces/environment/path.dsv
[6.011s] -- Up-to-date symlink: /home/rokey/p3/cobot_ws/install/parking_robot_interfaces/share/parking_robot_interfaces/local_setup.bash
[6.011s] -- Up-to-date symlink: /home/rokey/p3/cobot_ws/install/parking_robot_interfaces/share/parking_robot_interfaces/local_setup.sh
[6.011s] -- Up-to-date symlink: /home/rokey/p3/cobot_ws/install/parking_robot_interfaces/share/parking_robot_interfaces/local_setup.zsh
[6.011s] -- Up-to-date symlink: /home/rokey/p3/cobot_ws/install/parking_robot_interfaces/share/parking_robot_interfaces/local_setup.dsv
[6.011s] -- Symlinking: /home/rokey/p3/cobot_ws/install/parking_robot_interfaces/share/parking_robot_interfaces/package.dsv
[6.015s] -- Up-to-date symlink: /home/rokey/p3/cobot_ws/install/parking_robot_interfaces/share/ament_index/resource_index/packages/parking_robot_interfaces
[6.015s] -- Up-to-date symlink: /home/rokey/p3/cobot_ws/install/parking_robot_interfaces/share/parking_robot_interfaces/cmake/rosidl_cmake-extras.cmake
[6.015s] -- Up-to-date symlink: /home/rokey/p3/cobot_ws/install/parking_robot_interfaces/share/parking_robot_interfaces/cmake/ament_cmake_export_dependencies-extras.cmake
[6.015s] -- Up-to-date symlink: /home/rokey/p3/cobot_ws/install/parking_robot_interfaces/share/parking_robot_interfaces/cmake/ament_cmake_export_include_directories-extras.cmake
[6.015s] -- Up-to-date symlink: /home/rokey/p3/cobot_ws/install/parking_robot_interfaces/share/parking_robot_interfaces/cmake/ament_cmake_export_libraries-extras.cmake
[6.015s] -- Up-to-date symlink: /home/rokey/p3/cobot_ws/install/parking_robot_interfaces/share/parking_robot_interfaces/cmake/ament_cmake_export_targets-extras.cmake
[6.015s] -- Up-to-date symlink: /home/rokey/p3/cobot_ws/install/parking_robot_interfaces/share/parking_robot_interfaces/cmake/rosidl_cmake_export_typesupport_targets-extras.cmake
[6.015s] -- Up-to-date symlink: /home/rokey/p3/cobot_ws/install/parking_robot_interfaces/share/parking_robot_interfaces/cmake/rosidl_cmake_export_typesupport_libraries-extras.cmake
[6.016s] -- Up-to-date symlink: /home/rokey/p3/cobot_ws/install/parking_robot_interfaces/share/parking_robot_interfaces/cmake/parking_robot_interfacesConfig.cmake
[6.016s] -- Up-to-date symlink: /home/rokey/p3/cobot_ws/install/parking_robot_interfaces/share/parking_robot_interfaces/cmake/parking_robot_interfacesConfig-version.cmake
[6.016s] -- Up-to-date symlink: /home/rokey/p3/cobot_ws/install/parking_robot_interfaces/share/parking_robot_interfaces/package.xml
[6.016s] -- Installing: /home/rokey/p3/cobot_ws/install/parking_robot_interfaces/lib/libparking_robot_interfaces__rosidl_generator_c.so
[6.016s] -- Set runtime path of "/home/rokey/p3/cobot_ws/install/parking_robot_interfaces/lib/libparking_robot_interfaces__rosidl_generator_c.so" to ""
[6.016s] -- Installing: /home/rokey/p3/cobot_ws/install/parking_robot_interfaces/lib/libparking_robot_interfaces__rosidl_typesupport_fastrtps_c.so
[6.016s] -- Set runtime path of "/home/rokey/p3/cobot_ws/install/parking_robot_interfaces/lib/libparking_robot_interfaces__rosidl_typesupport_fastrtps_c.so" to ""
[6.016s] -- Installing: /home/rokey/p3/cobot_ws/install/parking_robot_interfaces/lib/libparking_robot_interfaces__rosidl_typesupport_introspection_c.so
[6.016s] -- Set runtime path of "/home/rokey/p3/cobot_ws/install/parking_robot_interfaces/lib/libparking_robot_interfaces__rosidl_typesupport_introspection_c.so" to ""
[6.016s] -- Installing: /home/rokey/p3/cobot_ws/install/parking_robot_interfaces/lib/libparking_robot_interfaces__rosidl_typesupport_c.so
[6.017s] -- Set runtime path of "/home/rokey/p3/cobot_ws/install/parking_robot_interfaces/lib/libparking_robot_interfaces__rosidl_typesupport_c.so" to ""
[6.017s] -- Installing: /home/rokey/p3/cobot_ws/install/parking_robot_interfaces/lib/libparking_robot_interfaces__rosidl_typesupport_fastrtps_cpp.so
[6.017s] -- Set runtime path of "/home/rokey/p3/cobot_ws/install/parking_robot_interfaces/lib/libparking_robot_interfaces__rosidl_typesupport_fastrtps_cpp.so" to ""
[6.017s] -- Installing: /home/rokey/p3/cobot_ws/install/parking_robot_interfaces/lib/libparking_robot_interfaces__rosidl_typesupport_introspection_cpp.so
[6.018s] -- Set runtime path of "/home/rokey/p3/cobot_ws/install/parking_robot_interfaces/lib/libparking_robot_interfaces__rosidl_typesupport_introspection_cpp.so" to ""
[6.018s] -- Installing: /home/rokey/p3/cobot_ws/install/parking_robot_interfaces/lib/libparking_robot_interfaces__rosidl_typesupport_cpp.so
[6.018s] -- Set runtime path of "/home/rokey/p3/cobot_ws/install/parking_robot_interfaces/lib/libparking_robot_interfaces__rosidl_typesupport_cpp.so" to ""
[6.060s] Listing '/home/rokey/p3/cobot_ws/install/parking_robot_interfaces/local/lib/python3.10/dist-packages/parking_robot_interfaces'...
[6.060s] Compiling '/home/rokey/p3/cobot_ws/install/parking_robot_interfaces/local/lib/python3.10/dist-packages/parking_robot_interfaces/__init__.py'...
[6.060s] Listing '/home/rokey/p3/cobot_ws/install/parking_robot_interfaces/local/lib/python3.10/dist-packages/parking_robot_interfaces/action'...
[6.060s] Compiling '/home/rokey/p3/cobot_ws/install/parking_robot_interfaces/local/lib/python3.10/dist-packages/parking_robot_interfaces/action/__init__.py'...
[6.060s] Compiling '/home/rokey/p3/cobot_ws/install/parking_robot_interfaces/local/lib/python3.10/dist-packages/parking_robot_interfaces/action/_align_vehicle.py'...
[6.060s] Compiling '/home/rokey/p3/cobot_ws/install/parking_robot_interfaces/local/lib/python3.10/dist-packages/parking_robot_interfaces/action/_carry_to_slot.py'...
[6.060s] Compiling '/home/rokey/p3/cobot_ws/install/parking_robot_interfaces/local/lib/python3.10/dist-packages/parking_robot_interfaces/action/_control_lift.py'...
[6.060s] Compiling '/home/rokey/p3/cobot_ws/install/parking_robot_interfaces/local/lib/python3.10/dist-packages/parking_robot_interfaces/action/_detect_vehicle.py'...
[6.060s] Compiling '/home/rokey/p3/cobot_ws/install/parking_robot_interfaces/local/lib/python3.10/dist-packages/parking_robot_interfaces/action/_execute_parking_task.py'...
[6.060s] Compiling '/home/rokey/p3/cobot_ws/install/parking_robot_interfaces/local/lib/python3.10/dist-packages/parking_robot_interfaces/action/_ingress_under_truck.py'...
[6.060s] Listing '/home/rokey/p3/cobot_ws/install/parking_robot_interfaces/local/lib/python3.10/dist-packages/parking_robot_interfaces/msg'...
[6.060s] Compiling '/home/rokey/p3/cobot_ws/install/parking_robot_interfaces/local/lib/python3.10/dist-packages/parking_robot_interfaces/msg/__init__.py'...
[6.060s] Compiling '/home/rokey/p3/cobot_ws/install/parking_robot_interfaces/local/lib/python3.10/dist-packages/parking_robot_interfaces/msg/_formation_assignment.py'...
[6.060s] Compiling '/home/rokey/p3/cobot_ws/install/parking_robot_interfaces/local/lib/python3.10/dist-packages/parking_robot_interfaces/msg/_formation_stop.py'...
[6.060s] Compiling '/home/rokey/p3/cobot_ws/install/parking_robot_interfaces/local/lib/python3.10/dist-packages/parking_robot_interfaces/msg/_obstacle_alert.py'...
[6.060s] Compiling '/home/rokey/p3/cobot_ws/install/parking_robot_interfaces/local/lib/python3.10/dist-packages/parking_robot_interfaces/msg/_task_state.py'...
[6.060s] Compiling '/home/rokey/p3/cobot_ws/install/parking_robot_interfaces/local/lib/python3.10/dist-packages/parking_robot_interfaces/msg/_vehicle_info.py'...
[6.060s] Listing '/home/rokey/p3/cobot_ws/install/parking_robot_interfaces/local/lib/python3.10/dist-packages/parking_robot_interfaces/srv'...
[6.060s] Compiling '/home/rokey/p3/cobot_ws/install/parking_robot_interfaces/local/lib/python3.10/dist-packages/parking_robot_interfaces/srv/__init__.py'...
[6.060s] Compiling '/home/rokey/p3/cobot_ws/install/parking_robot_interfaces/local/lib/python3.10/dist-packages/parking_robot_interfaces/srv/_acquire_zones.py'...
[6.060s] Compiling '/home/rokey/p3/cobot_ws/install/parking_robot_interfaces/local/lib/python3.10/dist-packages/parking_robot_interfaces/srv/_find_empty_slot.py'...
[6.060s] Compiling '/home/rokey/p3/cobot_ws/install/parking_robot_interfaces/local/lib/python3.10/dist-packages/parking_robot_interfaces/srv/_get_slot_info.py'...
[6.060s] Compiling '/home/rokey/p3/cobot_ws/install/parking_robot_interfaces/local/lib/python3.10/dist-packages/parking_robot_interfaces/srv/_get_task_status.py'...
[6.060s] Compiling '/home/rokey/p3/cobot_ws/install/parking_robot_interfaces/local/lib/python3.10/dist-packages/parking_robot_interfaces/srv/_park_in_slot.py'...
[6.060s] Compiling '/home/rokey/p3/cobot_ws/install/parking_robot_interfaces/local/lib/python3.10/dist-packages/parking_robot_interfaces/srv/_release_zones.py'...
[6.060s] Compiling '/home/rokey/p3/cobot_ws/install/parking_robot_interfaces/local/lib/python3.10/dist-packages/parking_robot_interfaces/srv/_request_parking_task.py'...
[6.062s] -- Installing: /home/rokey/p3/cobot_ws/install/parking_robot_interfaces/lib/libparking_robot_interfaces__rosidl_generator_py.so
[6.062s] -- Set runtime path of "/home/rokey/p3/cobot_ws/install/parking_robot_interfaces/lib/libparking_robot_interfaces__rosidl_generator_py.so" to ""
[6.062s] -- Up-to-date: /home/rokey/p3/cobot_ws/install/parking_robot_interfaces/share/parking_robot_interfaces/cmake/export_parking_robot_interfaces__rosidl_generator_cExport.cmake
[6.062s] -- Up-to-date: /home/rokey/p3/cobot_ws/install/parking_robot_interfaces/share/parking_robot_interfaces/cmake/export_parking_robot_interfaces__rosidl_generator_cExport-noconfig.cmake
[6.062s] -- Up-to-date: /home/rokey/p3/cobot_ws/install/parking_robot_interfaces/share/parking_robot_interfaces/cmake/export_parking_robot_interfaces__rosidl_typesupport_fastrtps_cExport.cmake
[6.062s] -- Up-to-date: /home/rokey/p3/cobot_ws/install/parking_robot_interfaces/share/parking_robot_interfaces/cmake/export_parking_robot_interfaces__rosidl_typesupport_fastrtps_cExport-noconfig.cmake
[6.062s] -- Up-to-date: /home/rokey/p3/cobot_ws/install/parking_robot_interfaces/share/parking_robot_interfaces/cmake/parking_robot_interfaces__rosidl_typesupport_introspection_cExport.cmake
[6.062s] -- Up-to-date: /home/rokey/p3/cobot_ws/install/parking_robot_interfaces/share/parking_robot_interfaces/cmake/parking_robot_interfaces__rosidl_typesupport_introspection_cExport-noconfig.cmake
[6.063s] -- Up-to-date: /home/rokey/p3/cobot_ws/install/parking_robot_interfaces/share/parking_robot_interfaces/cmake/parking_robot_interfaces__rosidl_typesupport_cExport.cmake
[6.063s] -- Up-to-date: /home/rokey/p3/cobot_ws/install/parking_robot_interfaces/share/parking_robot_interfaces/cmake/parking_robot_interfaces__rosidl_typesupport_cExport-noconfig.cmake
[6.063s] -- Up-to-date: /home/rokey/p3/cobot_ws/install/parking_robot_interfaces/share/parking_robot_interfaces/cmake/export_parking_robot_interfaces__rosidl_generator_cppExport.cmake
[6.063s] -- Up-to-date: /home/rokey/p3/cobot_ws/install/parking_robot_interfaces/share/parking_robot_interfaces/cmake/export_parking_robot_interfaces__rosidl_typesupport_fastrtps_cppExport.cmake
[6.063s] -- Up-to-date: /home/rokey/p3/cobot_ws/install/parking_robot_interfaces/share/parking_robot_interfaces/cmake/export_parking_robot_interfaces__rosidl_typesupport_fastrtps_cppExport-noconfig.cmake
[6.063s] -- Up-to-date: /home/rokey/p3/cobot_ws/install/parking_robot_interfaces/share/parking_robot_interfaces/cmake/parking_robot_interfaces__rosidl_typesupport_introspection_cppExport.cmake
[6.063s] -- Up-to-date: /home/rokey/p3/cobot_ws/install/parking_robot_interfaces/share/parking_robot_interfaces/cmake/parking_robot_interfaces__rosidl_typesupport_introspection_cppExport-noconfig.cmake
[6.063s] -- Up-to-date: /home/rokey/p3/cobot_ws/install/parking_robot_interfaces/share/parking_robot_interfaces/cmake/parking_robot_interfaces__rosidl_typesupport_cppExport.cmake
[6.063s] -- Up-to-date: /home/rokey/p3/cobot_ws/install/parking_robot_interfaces/share/parking_robot_interfaces/cmake/parking_robot_interfaces__rosidl_typesupport_cppExport-noconfig.cmake
[6.063s] -- Up-to-date: /home/rokey/p3/cobot_ws/install/parking_robot_interfaces/share/parking_robot_interfaces/cmake/export_parking_robot_interfaces__rosidl_generator_pyExport.cmake
[6.063s] -- Up-to-date: /home/rokey/p3/cobot_ws/install/parking_robot_interfaces/share/parking_robot_interfaces/cmake/export_parking_robot_interfaces__rosidl_generator_pyExport-noconfig.cmake
[6.064s] Invoked command in '/home/rokey/p3/cobot_ws/build/parking_robot_interfaces' returned '0': CMAKE_PREFIX_PATH=/opt/ros/humble /usr/bin/cmake --install /home/rokey/p3/cobot_ws/build/parking_robot_interfaces
