[0.000000] (-) TimerEvent: {}
[0.001239] (parkbot_aruco) JobQueued: {'identifier': 'parkbot_aruco', 'dependencies': OrderedDict()}
[0.001258] (parking_robot_interfaces) JobQueued: {'identifier': 'parking_robot_interfaces', 'dependencies': OrderedDict()}
[0.001266] (parkbot_motion) JobQueued: {'identifier': 'parkbot_motion', 'dependencies': OrderedDict([('parking_robot_interfaces', '/home/rokey/p3/cobot_ws/install/parking_robot_interfaces')])}
[0.001273] (parking_robot_interfaces) JobStarted: {'identifier': 'parking_robot_interfaces'}
[0.003003] (parkbot_aruco) JobStarted: {'identifier': 'parkbot_aruco'}
[0.006340] (parking_robot_interfaces) JobProgress: {'identifier': 'parking_robot_interfaces', 'progress': 'cmake'}
[0.007559] (parking_robot_interfaces) JobProgress: {'identifier': 'parking_robot_interfaces', 'progress': 'build'}
[0.007577] (parking_robot_interfaces) Command: {'cmd': ['/usr/bin/cmake', '--build', '/home/rokey/p3/cobot_ws/build/parking_robot_interfaces', '--', '-j24', '-l24'], 'cwd': '/home/rokey/p3/cobot_ws/build/parking_robot_interfaces', 'env': OrderedDict([('GJS_DEBUG_TOPICS', 'JS ERROR;JS LOG'), ('LESSOPEN', '| /usr/bin/lesspipe %s'), ('LANGUAGE', 'ko:en'), ('USER', 'rokey'), ('LC_TIME', 'ko_KR.UTF-8'), ('XDG_SESSION_TYPE', 'x11'), ('SHLVL', '1'), ('LD_LIBRARY_PATH', '/home/rokey/p3/cobot_ws/install/parking_robot_interfaces/lib:/opt/ros/humble/opt/rviz_ogre_vendor/lib:/opt/ros/humble/lib/x86_64-linux-gnu:/opt/ros/humble/lib'), ('HOME', '/home/rokey'), ('DESKTOP_SESSION', 'ubuntu'), ('NVM_BIN', '/home/rokey/.nvm/versions/node/v24.18.0/bin'), ('NVM_INC', '/home/rokey/.nvm/versions/node/v24.18.0/include/node'), ('GIO_LAUNCHED_DESKTOP_FILE', '/usr/share/applications/terminator.desktop'), ('ROS_PYTHON_VERSION', '3'), ('GNOME_SHELL_SESSION_MODE', 'ubuntu'), ('GTK_MODULES', 'gail:atk-bridge'), ('LC_MONETARY', 'ko_KR.UTF-8'), ('MANAGERPID', '2176'), ('SYSTEMD_EXEC_PID', '2531'), ('DBUS_SESSION_BUS_ADDRESS', 'unix:path=/run/user/1000/bus'), ('COLORTERM', 'truecolor'), ('TERMINATOR_DBUS_NAME', 'net.tenshu.Terminator23558193cd9818af7fe4d2c2f5bd9d00f'), ('GIO_LAUNCHED_DESKTOP_FILE_PID', '6581'), ('NVM_DIR', '/home/rokey/.nvm'), ('COLCON_PREFIX_PATH', '/home/rokey/p3/cobot_ws/install'), ('ROS_DISTRO', 'humble'), ('GTK_IM_MODULE', 'ibus'), ('LOGNAME', 'rokey'), ('JOURNAL_STREAM', '8:25857'), ('_', '/usr/bin/colcon'), ('ROS_VERSION', '2'), ('XDG_SESSION_CLASS', 'user'), ('USERNAME', 'rokey'), ('TERM', 'xterm-256color'), ('GNOME_DESKTOP_SESSION_ID', 'this-is-deprecated'), ('ROS_LOCALHOST_ONLY', '0'), ('WINDOWPATH', '2'), ('PATH', '/home/rokey/.nvm/versions/node/v24.18.0/bin:/opt/ros/humble/bin:/home/rokey/.local/bin:/usr/local/sbin:/usr/local/bin:/usr/sbin:/usr/bin:/sbin:/bin:/usr/games:/usr/local/games:/snap/bin:/snap/bin'), ('SESSION_MANAGER', 'local/IsaacSim09:@/tmp/.ICE-unix/2507,unix/IsaacSim09:/tmp/.ICE-unix/2507'), ('FASTRTPS_DEFAULT_PROFILES_FILE', '/home/rokey/.ros/fastdds_wired.xml'), ('INVOCATION_ID', 'bf491cbed05e49b3ae06854c70296156'), ('PAPERSIZE', 'a4'), ('XDG_MENU_PREFIX', 'gnome-'), ('LC_ADDRESS', 'ko_KR.UTF-8'), ('XDG_RUNTIME_DIR', '/run/user/1000'), ('DISPLAY', ':1'), ('TERMINATOR_DBUS_PATH', '/net/tenshu/Terminator2'), ('LANG', 'ko_KR.UTF-8'), ('XDG_CURRENT_DESKTOP', 'ubuntu:GNOME'), ('IBUS_DISABLE_SNOOPER', '1'), ('LC_TELEPHONE', 'ko_KR.UTF-8'), ('RMW_IMPLEMENTATION', 'rmw_fastrtps_cpp'), ('XMODIFIERS', '@im=ibus'), ('XDG_SESSION_DESKTOP', 'ubuntu'), ('XAUTHORITY', '/run/user/1000/gdm/Xauthority'), ('LS_COLORS', 'rs=0:di=01;34:ln=01;36:mh=00:pi=40;33:so=01;35:do=01;35:bd=40;33;01:cd=40;33;01:or=40;31;01:mi=00:su=37;41:sg=30;43:ca=30;41:tw=30;42:ow=34;42:st=37;44:ex=01;32:*.tar=01;31:*.tgz=01;31:*.arc=01;31:*.arj=01;31:*.taz=01;31:*.lha=01;31:*.lz4=01;31:*.lzh=01;31:*.lzma=01;31:*.tlz=01;31:*.txz=01;31:*.tzo=01;31:*.t7z=01;31:*.zip=01;31:*.z=01;31:*.dz=01;31:*.gz=01;31:*.lrz=01;31:*.lz=01;31:*.lzo=01;31:*.xz=01;31:*.zst=01;31:*.tzst=01;31:*.bz2=01;31:*.bz=01;31:*.tbz=01;31:*.tbz2=01;31:*.tz=01;31:*.deb=01;31:*.rpm=01;31:*.jar=01;31:*.war=01;31:*.ear=01;31:*.sar=01;31:*.rar=01;31:*.alz=01;31:*.ace=01;31:*.zoo=01;31:*.cpio=01;31:*.7z=01;31:*.rz=01;31:*.cab=01;31:*.wim=01;31:*.swm=01;31:*.dwm=01;31:*.esd=01;31:*.jpg=01;35:*.jpeg=01;35:*.mjpg=01;35:*.mjpeg=01;35:*.gif=01;35:*.bmp=01;35:*.pbm=01;35:*.pgm=01;35:*.ppm=01;35:*.tga=01;35:*.xbm=01;35:*.xpm=01;35:*.tif=01;35:*.tiff=01;35:*.png=01;35:*.svg=01;35:*.svgz=01;35:*.mng=01;35:*.pcx=01;35:*.mov=01;35:*.mpg=01;35:*.mpeg=01;35:*.m2v=01;35:*.mkv=01;35:*.webm=01;35:*.webp=01;35:*.ogm=01;35:*.mp4=01;35:*.m4v=01;35:*.mp4v=01;35:*.vob=01;35:*.qt=01;35:*.nuv=01;35:*.wmv=01;35:*.asf=01;35:*.rm=01;35:*.rmvb=01;35:*.flc=01;35:*.avi=01;35:*.fli=01;35:*.flv=01;35:*.gl=01;35:*.dl=01;35:*.xcf=01;35:*.xwd=01;35:*.yuv=01;35:*.cgm=01;35:*.emf=01;35:*.ogv=01;35:*.ogx=01;35:*.aac=00;36:*.au=00;36:*.flac=00;36:*.m4a=00;36:*.mid=00;36:*.midi=00;36:*.mka=00;36:*.mp3=00;36:*.mpc=00;36:*.ogg=00;36:*.ra=00;36:*.wav=00;36:*.oga=00;36:*.opus=00;36:*.spx=00;36:*.xspf=00;36:'), ('SSH_AGENT_LAUNCHER', 'gnome-keyring'), ('SSH_AUTH_SOCK', '/run/user/1000/keyring/ssh'), ('ROS_DOMAIN_ID', '126'), ('AMENT_PREFIX_PATH', '/home/rokey/p3/cobot_ws/install/parking_robot_system:/home/rokey/p3/cobot_ws/install/parkbot_motion:/home/rokey/p3/cobot_ws/install/parking_robot_interfaces:/home/rokey/p3/cobot_ws/install/parkbot_aruco:/opt/ros/humble'), ('SHELL', '/bin/bash'), ('LC_NAME', 'ko_KR.UTF-8'), ('TERMINATOR_UUID', 'urn:uuid:2c331d05-32be-4747-bf0e-946a17a76549'), ('QT_ACCESSIBILITY', '1'), ('GDMSESSION', 'ubuntu'), ('LESSCLOSE', '/usr/bin/lesspipe %s %s'), ('LC_MEASUREMENT', 'ko_KR.UTF-8'), ('GPG_AGENT_INFO', '/run/user/1000/gnupg/S.gpg-agent:0:1'), ('GJS_DEBUG_OUTPUT', 'stderr'), ('LC_IDENTIFICATION', 'ko_KR.UTF-8'), ('QT_IM_MODULE', 'ibus'), ('PWD', '/home/rokey/p3/cobot_ws/build/parking_robot_interfaces'), ('LC_ALL', 'en_US.UTF-8'), ('XDG_CONFIG_DIRS', '/etc/xdg/xdg-ubuntu:/etc/xdg'), ('NVM_CD_FLAGS', ''), ('XDG_DATA_DIRS', '/usr/share/ubuntu:/usr/share/gnome:/home/rokey/.local/share/flatpak/exports/share:/var/lib/flatpak/exports/share:/usr/local/share/:/usr/share/:/var/lib/snapd/desktop'), ('PYTHONPATH', '/home/rokey/p3/cobot_ws/build/parking_robot_system:/home/rokey/p3/cobot_ws/install/parking_robot_system/lib/python3.10/site-packages:/home/rokey/p3/cobot_ws/build/parkbot_motion:/home/rokey/p3/cobot_ws/install/parkbot_motion/lib/python3.10/site-packages:/home/rokey/p3/cobot_ws/install/parking_robot_interfaces/local/lib/python3.10/dist-packages:/home/rokey/p3/cobot_ws/build/parkbot_aruco:/home/rokey/p3/cobot_ws/install/parkbot_aruco/lib/python3.10/site-packages:/opt/ros/humble/lib/python3.10/site-packages:/opt/ros/humble/local/lib/python3.10/dist-packages'), ('LC_NUMERIC', 'ko_KR.UTF-8'), ('LC_PAPER', 'ko_KR.UTF-8'), ('COLCON', '1'), ('VTE_VERSION', '6800'), ('CMAKE_PREFIX_PATH', '/home/rokey/p3/cobot_ws/install/parking_robot_interfaces:/home/rokey/p3/cobot_ws/install/parking_robot_system:/home/rokey/p3/cobot_ws/install/parkbot_motion:/home/rokey/p3/cobot_ws/install/parkbot_aruco:/opt/ros/humble')]), 'shell': False}
[0.037994] (parking_robot_interfaces) StdoutLine: {'line': b'[  1%] Built target parking_robot_interfaces__rs\n'}
[0.038183] (parking_robot_interfaces) StdoutLine: {'line': b'[  1%] Built target parking_robot_interfaces__cpp\n'}
[0.040375] (parking_robot_interfaces) StdoutLine: {'line': b'[  1%] Built target ament_cmake_python_symlink_parking_robot_interfaces\n'}
[0.044191] (parking_robot_interfaces) StdoutLine: {'line': b'[ 13%] Built target parking_robot_interfaces__rosidl_generator_c\n'}
[0.055396] (parking_robot_interfaces) StdoutLine: {'line': b'[ 49%] Built target parking_robot_interfaces__rosidl_typesupport_introspection_cpp\n'}
[0.055512] (parking_robot_interfaces) StdoutLine: {'line': b'[ 49%] Built target parking_robot_interfaces__rosidl_typesupport_fastrtps_cpp\n'}
[0.055560] (parking_robot_interfaces) StdoutLine: {'line': b'[ 49%] Built target parking_robot_interfaces__rosidl_typesupport_cpp\n'}
[0.058340] (parking_robot_interfaces) StdoutLine: {'line': b'[ 62%] Built target parking_robot_interfaces__rosidl_typesupport_introspection_c\n'}
[0.059043] (parking_robot_interfaces) StdoutLine: {'line': b'[ 73%] Built target parking_robot_interfaces__rosidl_typesupport_c\n'}
[0.061727] (parking_robot_interfaces) StdoutLine: {'line': b'[ 85%] Built target parking_robot_interfaces__rosidl_typesupport_fastrtps_c\n'}
[0.072834] (parking_robot_interfaces) StdoutLine: {'line': b'[ 85%] Built target parking_robot_interfaces\n'}
[0.083059] (parking_robot_interfaces) StdoutLine: {'line': b'[ 86%] Built target parking_robot_interfaces__py\n'}
[0.097706] (parking_robot_interfaces) StdoutLine: {'line': b'[ 97%] Built target parking_robot_interfaces__rosidl_generator_py\n'}
[0.099984] (-) TimerEvent: {}
[0.109816] (parking_robot_interfaces) StdoutLine: {'line': b'[100%] Built target parking_robot_interfaces__rosidl_typesupport_c__pyext\n'}
[0.111257] (parking_robot_interfaces) StdoutLine: {'line': b'[100%] Built target parking_robot_interfaces__rosidl_typesupport_introspection_c__pyext\n'}
[0.111363] (parking_robot_interfaces) StdoutLine: {'line': b'[100%] Built target parking_robot_interfaces__rosidl_typesupport_fastrtps_c__pyext\n'}
[0.144012] (parking_robot_interfaces) StdoutLine: {'line': b'running egg_info\n'}
[0.144100] (parking_robot_interfaces) StdoutLine: {'line': b'writing parking_robot_interfaces.egg-info/PKG-INFO\n'}
[0.144350] (parking_robot_interfaces) StdoutLine: {'line': b'writing dependency_links to parking_robot_interfaces.egg-info/dependency_links.txt\n'}
[0.144385] (parking_robot_interfaces) StdoutLine: {'line': b'writing top-level names to parking_robot_interfaces.egg-info/top_level.txt\n'}
[0.146110] (parking_robot_interfaces) StdoutLine: {'line': b"reading manifest file 'parking_robot_interfaces.egg-info/SOURCES.txt'\n"}
[0.146232] (parking_robot_interfaces) StdoutLine: {'line': b"writing manifest file 'parking_robot_interfaces.egg-info/SOURCES.txt'\n"}
[0.159804] (parking_robot_interfaces) StdoutLine: {'line': b'[100%] Built target ament_cmake_python_build_parking_robot_interfaces_egg\n'}
[0.167557] (parking_robot_interfaces) CommandEnded: {'returncode': 0}
[0.167919] (parking_robot_interfaces) JobProgress: {'identifier': 'parking_robot_interfaces', 'progress': 'install'}
[0.172566] (parking_robot_interfaces) Command: {'cmd': ['/usr/bin/cmake', '--install', '/home/rokey/p3/cobot_ws/build/parking_robot_interfaces'], 'cwd': '/home/rokey/p3/cobot_ws/build/parking_robot_interfaces', 'env': OrderedDict([('GJS_DEBUG_TOPICS', 'JS ERROR;JS LOG'), ('LESSOPEN', '| /usr/bin/lesspipe %s'), ('LANGUAGE', 'ko:en'), ('USER', 'rokey'), ('LC_TIME', 'ko_KR.UTF-8'), ('XDG_SESSION_TYPE', 'x11'), ('SHLVL', '1'), ('LD_LIBRARY_PATH', '/home/rokey/p3/cobot_ws/install/parking_robot_interfaces/lib:/opt/ros/humble/opt/rviz_ogre_vendor/lib:/opt/ros/humble/lib/x86_64-linux-gnu:/opt/ros/humble/lib'), ('HOME', '/home/rokey'), ('DESKTOP_SESSION', 'ubuntu'), ('NVM_BIN', '/home/rokey/.nvm/versions/node/v24.18.0/bin'), ('NVM_INC', '/home/rokey/.nvm/versions/node/v24.18.0/include/node'), ('GIO_LAUNCHED_DESKTOP_FILE', '/usr/share/applications/terminator.desktop'), ('ROS_PYTHON_VERSION', '3'), ('GNOME_SHELL_SESSION_MODE', 'ubuntu'), ('GTK_MODULES', 'gail:atk-bridge'), ('LC_MONETARY', 'ko_KR.UTF-8'), ('MANAGERPID', '2176'), ('SYSTEMD_EXEC_PID', '2531'), ('DBUS_SESSION_BUS_ADDRESS', 'unix:path=/run/user/1000/bus'), ('COLORTERM', 'truecolor'), ('TERMINATOR_DBUS_NAME', 'net.tenshu.Terminator23558193cd9818af7fe4d2c2f5bd9d00f'), ('GIO_LAUNCHED_DESKTOP_FILE_PID', '6581'), ('NVM_DIR', '/home/rokey/.nvm'), ('COLCON_PREFIX_PATH', '/home/rokey/p3/cobot_ws/install'), ('ROS_DISTRO', 'humble'), ('GTK_IM_MODULE', 'ibus'), ('LOGNAME', 'rokey'), ('JOURNAL_STREAM', '8:25857'), ('_', '/usr/bin/colcon'), ('ROS_VERSION', '2'), ('XDG_SESSION_CLASS', 'user'), ('USERNAME', 'rokey'), ('TERM', 'xterm-256color'), ('GNOME_DESKTOP_SESSION_ID', 'this-is-deprecated'), ('ROS_LOCALHOST_ONLY', '0'), ('WINDOWPATH', '2'), ('PATH', '/home/rokey/.nvm/versions/node/v24.18.0/bin:/opt/ros/humble/bin:/home/rokey/.local/bin:/usr/local/sbin:/usr/local/bin:/usr/sbin:/usr/bin:/sbin:/bin:/usr/games:/usr/local/games:/snap/bin:/snap/bin'), ('SESSION_MANAGER', 'local/IsaacSim09:@/tmp/.ICE-unix/2507,unix/IsaacSim09:/tmp/.ICE-unix/2507'), ('FASTRTPS_DEFAULT_PROFILES_FILE', '/home/rokey/.ros/fastdds_wired.xml'), ('INVOCATION_ID', 'bf491cbed05e49b3ae06854c70296156'), ('PAPERSIZE', 'a4'), ('XDG_MENU_PREFIX', 'gnome-'), ('LC_ADDRESS', 'ko_KR.UTF-8'), ('XDG_RUNTIME_DIR', '/run/user/1000'), ('DISPLAY', ':1'), ('TERMINATOR_DBUS_PATH', '/net/tenshu/Terminator2'), ('LANG', 'ko_KR.UTF-8'), ('XDG_CURRENT_DESKTOP', 'ubuntu:GNOME'), ('IBUS_DISABLE_SNOOPER', '1'), ('LC_TELEPHONE', 'ko_KR.UTF-8'), ('RMW_IMPLEMENTATION', 'rmw_fastrtps_cpp'), ('XMODIFIERS', '@im=ibus'), ('XDG_SESSION_DESKTOP', 'ubuntu'), ('XAUTHORITY', '/run/user/1000/gdm/Xauthority'), ('LS_COLORS', 'rs=0:di=01;34:ln=01;36:mh=00:pi=40;33:so=01;35:do=01;35:bd=40;33;01:cd=40;33;01:or=40;31;01:mi=00:su=37;41:sg=30;43:ca=30;41:tw=30;42:ow=34;42:st=37;44:ex=01;32:*.tar=01;31:*.tgz=01;31:*.arc=01;31:*.arj=01;31:*.taz=01;31:*.lha=01;31:*.lz4=01;31:*.lzh=01;31:*.lzma=01;31:*.tlz=01;31:*.txz=01;31:*.tzo=01;31:*.t7z=01;31:*.zip=01;31:*.z=01;31:*.dz=01;31:*.gz=01;31:*.lrz=01;31:*.lz=01;31:*.lzo=01;31:*.xz=01;31:*.zst=01;31:*.tzst=01;31:*.bz2=01;31:*.bz=01;31:*.tbz=01;31:*.tbz2=01;31:*.tz=01;31:*.deb=01;31:*.rpm=01;31:*.jar=01;31:*.war=01;31:*.ear=01;31:*.sar=01;31:*.rar=01;31:*.alz=01;31:*.ace=01;31:*.zoo=01;31:*.cpio=01;31:*.7z=01;31:*.rz=01;31:*.cab=01;31:*.wim=01;31:*.swm=01;31:*.dwm=01;31:*.esd=01;31:*.jpg=01;35:*.jpeg=01;35:*.mjpg=01;35:*.mjpeg=01;35:*.gif=01;35:*.bmp=01;35:*.pbm=01;35:*.pgm=01;35:*.ppm=01;35:*.tga=01;35:*.xbm=01;35:*.xpm=01;35:*.tif=01;35:*.tiff=01;35:*.png=01;35:*.svg=01;35:*.svgz=01;35:*.mng=01;35:*.pcx=01;35:*.mov=01;35:*.mpg=01;35:*.mpeg=01;35:*.m2v=01;35:*.mkv=01;35:*.webm=01;35:*.webp=01;35:*.ogm=01;35:*.mp4=01;35:*.m4v=01;35:*.mp4v=01;35:*.vob=01;35:*.qt=01;35:*.nuv=01;35:*.wmv=01;35:*.asf=01;35:*.rm=01;35:*.rmvb=01;35:*.flc=01;35:*.avi=01;35:*.fli=01;35:*.flv=01;35:*.gl=01;35:*.dl=01;35:*.xcf=01;35:*.xwd=01;35:*.yuv=01;35:*.cgm=01;35:*.emf=01;35:*.ogv=01;35:*.ogx=01;35:*.aac=00;36:*.au=00;36:*.flac=00;36:*.m4a=00;36:*.mid=00;36:*.midi=00;36:*.mka=00;36:*.mp3=00;36:*.mpc=00;36:*.ogg=00;36:*.ra=00;36:*.wav=00;36:*.oga=00;36:*.opus=00;36:*.spx=00;36:*.xspf=00;36:'), ('SSH_AGENT_LAUNCHER', 'gnome-keyring'), ('SSH_AUTH_SOCK', '/run/user/1000/keyring/ssh'), ('ROS_DOMAIN_ID', '126'), ('AMENT_PREFIX_PATH', '/home/rokey/p3/cobot_ws/install/parking_robot_system:/home/rokey/p3/cobot_ws/install/parkbot_motion:/home/rokey/p3/cobot_ws/install/parking_robot_interfaces:/home/rokey/p3/cobot_ws/install/parkbot_aruco:/opt/ros/humble'), ('SHELL', '/bin/bash'), ('LC_NAME', 'ko_KR.UTF-8'), ('TERMINATOR_UUID', 'urn:uuid:2c331d05-32be-4747-bf0e-946a17a76549'), ('QT_ACCESSIBILITY', '1'), ('GDMSESSION', 'ubuntu'), ('LESSCLOSE', '/usr/bin/lesspipe %s %s'), ('LC_MEASUREMENT', 'ko_KR.UTF-8'), ('GPG_AGENT_INFO', '/run/user/1000/gnupg/S.gpg-agent:0:1'), ('GJS_DEBUG_OUTPUT', 'stderr'), ('LC_IDENTIFICATION', 'ko_KR.UTF-8'), ('QT_IM_MODULE', 'ibus'), ('PWD', '/home/rokey/p3/cobot_ws/build/parking_robot_interfaces'), ('LC_ALL', 'en_US.UTF-8'), ('XDG_CONFIG_DIRS', '/etc/xdg/xdg-ubuntu:/etc/xdg'), ('NVM_CD_FLAGS', ''), ('XDG_DATA_DIRS', '/usr/share/ubuntu:/usr/share/gnome:/home/rokey/.local/share/flatpak/exports/share:/var/lib/flatpak/exports/share:/usr/local/share/:/usr/share/:/var/lib/snapd/desktop'), ('PYTHONPATH', '/home/rokey/p3/cobot_ws/build/parking_robot_system:/home/rokey/p3/cobot_ws/install/parking_robot_system/lib/python3.10/site-packages:/home/rokey/p3/cobot_ws/build/parkbot_motion:/home/rokey/p3/cobot_ws/install/parkbot_motion/lib/python3.10/site-packages:/home/rokey/p3/cobot_ws/install/parking_robot_interfaces/local/lib/python3.10/dist-packages:/home/rokey/p3/cobot_ws/build/parkbot_aruco:/home/rokey/p3/cobot_ws/install/parkbot_aruco/lib/python3.10/site-packages:/opt/ros/humble/lib/python3.10/site-packages:/opt/ros/humble/local/lib/python3.10/dist-packages'), ('LC_NUMERIC', 'ko_KR.UTF-8'), ('LC_PAPER', 'ko_KR.UTF-8'), ('COLCON', '1'), ('VTE_VERSION', '6800'), ('CMAKE_PREFIX_PATH', '/home/rokey/p3/cobot_ws/install/parking_robot_interfaces:/home/rokey/p3/cobot_ws/install/parking_robot_system:/home/rokey/p3/cobot_ws/install/parkbot_motion:/home/rokey/p3/cobot_ws/install/parkbot_aruco:/opt/ros/humble')]), 'shell': False}
[0.176135] (parking_robot_interfaces) StdoutLine: {'line': b'-- Install configuration: ""\n'}
[0.176400] (parking_robot_interfaces) StdoutLine: {'line': b'-- Execute custom install script\n'}
[0.176425] (parking_robot_interfaces) StdoutLine: {'line': b'-- Up-to-date symlink: /home/rokey/p3/cobot_ws/install/parking_robot_interfaces/share/ament_index/resource_index/rosidl_interfaces/parking_robot_interfaces\n'}
[0.176910] (parking_robot_interfaces) StdoutLine: {'line': b'-- Up-to-date symlink: /home/rokey/p3/cobot_ws/install/parking_robot_interfaces/include/parking_robot_interfaces/parking_robot_interfaces/action/align_vehicle.h\n'}
[0.176935] (parking_robot_interfaces) StdoutLine: {'line': b'-- Up-to-date symlink: /home/rokey/p3/cobot_ws/install/parking_robot_interfaces/include/parking_robot_interfaces/parking_robot_interfaces/action/carry_to_slot.h\n'}
[0.176959] (parking_robot_interfaces) StdoutLine: {'line': b'-- Up-to-date symlink: /home/rokey/p3/cobot_ws/install/parking_robot_interfaces/include/parking_robot_interfaces/parking_robot_interfaces/action/control_lift.h\n'}
[0.177006] (parking_robot_interfaces) StdoutLine: {'line': b'-- Up-to-date symlink: /home/rokey/p3/cobot_ws/install/parking_robot_interfaces/include/parking_robot_interfaces/parking_robot_interfaces/action/detail/align_vehicle__functions.h\n'}
[0.177028] (parking_robot_interfaces) StdoutLine: {'line': b'-- Up-to-date symlink: /home/rokey/p3/cobot_ws/install/parking_robot_interfaces/include/parking_robot_interfaces/parking_robot_interfaces/action/detail/align_vehicle__struct.h\n'}
[0.177048] (parking_robot_interfaces) StdoutLine: {'line': b'-- Up-to-date symlink: /home/rokey/p3/cobot_ws/install/parking_robot_interfaces/include/parking_robot_interfaces/parking_robot_interfaces/action/detail/align_vehicle__type_support.h\n'}
[0.177079] (parking_robot_interfaces) StdoutLine: {'line': b'-- Up-to-date symlink: /home/rokey/p3/cobot_ws/install/parking_robot_interfaces/include/parking_robot_interfaces/parking_robot_interfaces/action/detail/carry_to_slot__functions.h\n'}
[0.177123] (parking_robot_interfaces) StdoutLine: {'line': b'-- Up-to-date symlink: /home/rokey/p3/cobot_ws/install/parking_robot_interfaces/include/parking_robot_interfaces/parking_robot_interfaces/action/detail/carry_to_slot__struct.h\n'}
[0.177143] (parking_robot_interfaces) StdoutLine: {'line': b'-- Up-to-date symlink: /home/rokey/p3/cobot_ws/install/parking_robot_interfaces/include/parking_robot_interfaces/parking_robot_interfaces/action/detail/carry_to_slot__type_support.h\n'}
[0.177188] (parking_robot_interfaces) StdoutLine: {'line': b'-- Up-to-date symlink: /home/rokey/p3/cobot_ws/install/parking_robot_interfaces/include/parking_robot_interfaces/parking_robot_interfaces/action/detail/control_lift__functions.h\n'}
[0.177211] (parking_robot_interfaces) StdoutLine: {'line': b'-- Up-to-date symlink: /home/rokey/p3/cobot_ws/install/parking_robot_interfaces/include/parking_robot_interfaces/parking_robot_interfaces/action/detail/control_lift__struct.h\n'}
[0.177257] (parking_robot_interfaces) StdoutLine: {'line': b'-- Up-to-date symlink: /home/rokey/p3/cobot_ws/install/parking_robot_interfaces/include/parking_robot_interfaces/parking_robot_interfaces/action/detail/control_lift__type_support.h\n'}
[0.177280] (parking_robot_interfaces) StdoutLine: {'line': b'-- Up-to-date symlink: /home/rokey/p3/cobot_ws/install/parking_robot_interfaces/include/parking_robot_interfaces/parking_robot_interfaces/action/detail/detect_vehicle__functions.h\n'}
[0.177298] (parking_robot_interfaces) StdoutLine: {'line': b'-- Up-to-date symlink: /home/rokey/p3/cobot_ws/install/parking_robot_interfaces/include/parking_robot_interfaces/parking_robot_interfaces/action/detail/detect_vehicle__struct.h\n'}
[0.177330] (parking_robot_interfaces) StdoutLine: {'line': b'-- Up-to-date symlink: /home/rokey/p3/cobot_ws/install/parking_robot_interfaces/include/parking_robot_interfaces/parking_robot_interfaces/action/detail/detect_vehicle__type_support.h\n'}
[0.177359] (parking_robot_interfaces) StdoutLine: {'line': b'-- Up-to-date symlink: /home/rokey/p3/cobot_ws/install/parking_robot_interfaces/include/parking_robot_interfaces/parking_robot_interfaces/action/detail/execute_parking_task__functions.h\n'}
[0.177381] (parking_robot_interfaces) StdoutLine: {'line': b'-- Up-to-date symlink: /home/rokey/p3/cobot_ws/install/parking_robot_interfaces/include/parking_robot_interfaces/parking_robot_interfaces/action/detail/execute_parking_task__struct.h\n'}
[0.177406] (parking_robot_interfaces) StdoutLine: {'line': b'-- Up-to-date symlink: /home/rokey/p3/cobot_ws/install/parking_robot_interfaces/include/parking_robot_interfaces/parking_robot_interfaces/action/detail/execute_parking_task__type_support.h\n'}
[0.177433] (parking_robot_interfaces) StdoutLine: {'line': b'-- Up-to-date symlink: /home/rokey/p3/cobot_ws/install/parking_robot_interfaces/include/parking_robot_interfaces/parking_robot_interfaces/action/detail/ingress_under_truck__functions.h\n'}
[0.177459] (parking_robot_interfaces) StdoutLine: {'line': b'-- Up-to-date symlink: /home/rokey/p3/cobot_ws/install/parking_robot_interfaces/include/parking_robot_interfaces/parking_robot_interfaces/action/detail/ingress_under_truck__struct.h\n'}
[0.177486] (parking_robot_interfaces) StdoutLine: {'line': b'-- Up-to-date symlink: /home/rokey/p3/cobot_ws/install/parking_robot_interfaces/include/parking_robot_interfaces/parking_robot_interfaces/action/detail/ingress_under_truck__type_support.h\n'}
[0.177519] (parking_robot_interfaces) StdoutLine: {'line': b'-- Up-to-date symlink: /home/rokey/p3/cobot_ws/install/parking_robot_interfaces/include/parking_robot_interfaces/parking_robot_interfaces/action/detect_vehicle.h\n'}
[0.177553] (parking_robot_interfaces) StdoutLine: {'line': b'-- Up-to-date symlink: /home/rokey/p3/cobot_ws/install/parking_robot_interfaces/include/parking_robot_interfaces/parking_robot_interfaces/action/execute_parking_task.h\n'}
[0.177587] (parking_robot_interfaces) StdoutLine: {'line': b'-- Up-to-date symlink: /home/rokey/p3/cobot_ws/install/parking_robot_interfaces/include/parking_robot_interfaces/parking_robot_interfaces/action/ingress_under_truck.h\n'}
[0.177625] (parking_robot_interfaces) StdoutLine: {'line': b'-- Up-to-date symlink: /home/rokey/p3/cobot_ws/install/parking_robot_interfaces/include/parking_robot_interfaces/parking_robot_interfaces/msg/detail/formation_assignment__functions.h\n'}
[0.177660] (parking_robot_interfaces) StdoutLine: {'line': b'-- Up-to-date symlink: /home/rokey/p3/cobot_ws/install/parking_robot_interfaces/include/parking_robot_interfaces/parking_robot_interfaces/msg/detail/formation_assignment__struct.h\n'}
[0.177693] (parking_robot_interfaces) StdoutLine: {'line': b'-- Up-to-date symlink: /home/rokey/p3/cobot_ws/install/parking_robot_interfaces/include/parking_robot_interfaces/parking_robot_interfaces/msg/detail/formation_assignment__type_support.h\n'}
[0.177726] (parking_robot_interfaces) StdoutLine: {'line': b'-- Up-to-date symlink: /home/rokey/p3/cobot_ws/install/parking_robot_interfaces/include/parking_robot_interfaces/parking_robot_interfaces/msg/detail/formation_stop__functions.h\n'}
[0.177761] (parking_robot_interfaces) StdoutLine: {'line': b'-- Up-to-date symlink: /home/rokey/p3/cobot_ws/install/parking_robot_interfaces/include/parking_robot_interfaces/parking_robot_interfaces/msg/detail/formation_stop__struct.h\n'}
[0.177794] (parking_robot_interfaces) StdoutLine: {'line': b'-- Up-to-date symlink: /home/rokey/p3/cobot_ws/install/parking_robot_interfaces/include/parking_robot_interfaces/parking_robot_interfaces/msg/detail/formation_stop__type_support.h\n'}
[0.177827] (parking_robot_interfaces) StdoutLine: {'line': b'-- Up-to-date symlink: /home/rokey/p3/cobot_ws/install/parking_robot_interfaces/include/parking_robot_interfaces/parking_robot_interfaces/msg/detail/obstacle_alert__functions.h\n'}
[0.177860] (parking_robot_interfaces) StdoutLine: {'line': b'-- Up-to-date symlink: /home/rokey/p3/cobot_ws/install/parking_robot_interfaces/include/parking_robot_interfaces/parking_robot_interfaces/msg/detail/obstacle_alert__struct.h\n'}
[0.177894] (parking_robot_interfaces) StdoutLine: {'line': b'-- Up-to-date symlink: /home/rokey/p3/cobot_ws/install/parking_robot_interfaces/include/parking_robot_interfaces/parking_robot_interfaces/msg/detail/obstacle_alert__type_support.h\n'}
[0.177927] (parking_robot_interfaces) StdoutLine: {'line': b'-- Up-to-date symlink: /home/rokey/p3/cobot_ws/install/parking_robot_interfaces/include/parking_robot_interfaces/parking_robot_interfaces/msg/detail/task_state__functions.h\n'}
[0.177961] (parking_robot_interfaces) StdoutLine: {'line': b'-- Up-to-date symlink: /home/rokey/p3/cobot_ws/install/parking_robot_interfaces/include/parking_robot_interfaces/parking_robot_interfaces/msg/detail/task_state__struct.h\n'}
[0.177995] (parking_robot_interfaces) StdoutLine: {'line': b'-- Up-to-date symlink: /home/rokey/p3/cobot_ws/install/parking_robot_interfaces/include/parking_robot_interfaces/parking_robot_interfaces/msg/detail/task_state__type_support.h\n'}
[0.178028] (parking_robot_interfaces) StdoutLine: {'line': b'-- Up-to-date symlink: /home/rokey/p3/cobot_ws/install/parking_robot_interfaces/include/parking_robot_interfaces/parking_robot_interfaces/msg/detail/vehicle_info__functions.h\n'}
[0.178062] (parking_robot_interfaces) StdoutLine: {'line': b'-- Up-to-date symlink: /home/rokey/p3/cobot_ws/install/parking_robot_interfaces/include/parking_robot_interfaces/parking_robot_interfaces/msg/detail/vehicle_info__struct.h\n'}
[0.178095] (parking_robot_interfaces) StdoutLine: {'line': b'-- Up-to-date symlink: /home/rokey/p3/cobot_ws/install/parking_robot_interfaces/include/parking_robot_interfaces/parking_robot_interfaces/msg/detail/vehicle_info__type_support.h\n'}
[0.178128] (parking_robot_interfaces) StdoutLine: {'line': b'-- Up-to-date symlink: /home/rokey/p3/cobot_ws/install/parking_robot_interfaces/include/parking_robot_interfaces/parking_robot_interfaces/msg/formation_assignment.h\n'}
[0.178161] (parking_robot_interfaces) StdoutLine: {'line': b'-- Up-to-date symlink: /home/rokey/p3/cobot_ws/install/parking_robot_interfaces/include/parking_robot_interfaces/parking_robot_interfaces/msg/formation_stop.h\n'}
[0.178193] (parking_robot_interfaces) StdoutLine: {'line': b'-- Up-to-date symlink: /home/rokey/p3/cobot_ws/install/parking_robot_interfaces/include/parking_robot_interfaces/parking_robot_interfaces/msg/obstacle_alert.h\n'}
[0.178226] (parking_robot_interfaces) StdoutLine: {'line': b'-- Up-to-date symlink: /home/rokey/p3/cobot_ws/install/parking_robot_interfaces/include/parking_robot_interfaces/parking_robot_interfaces/msg/rosidl_generator_c__visibility_control.h\n'}
[0.178259] (parking_robot_interfaces) StdoutLine: {'line': b'-- Up-to-date symlink: /home/rokey/p3/cobot_ws/install/parking_robot_interfaces/include/parking_robot_interfaces/parking_robot_interfaces/msg/task_state.h\n'}
[0.178291] (parking_robot_interfaces) StdoutLine: {'line': b'-- Up-to-date symlink: /home/rokey/p3/cobot_ws/install/parking_robot_interfaces/include/parking_robot_interfaces/parking_robot_interfaces/msg/vehicle_info.h\n'}
[0.178323] (parking_robot_interfaces) StdoutLine: {'line': b'-- Up-to-date symlink: /home/rokey/p3/cobot_ws/install/parking_robot_interfaces/include/parking_robot_interfaces/parking_robot_interfaces/srv/acquire_zones.h\n'}
[0.178356] (parking_robot_interfaces) StdoutLine: {'line': b'-- Up-to-date symlink: /home/rokey/p3/cobot_ws/install/parking_robot_interfaces/include/parking_robot_interfaces/parking_robot_interfaces/srv/detail/acquire_zones__functions.h\n'}
[0.178390] (parking_robot_interfaces) StdoutLine: {'line': b'-- Up-to-date symlink: /home/rokey/p3/cobot_ws/install/parking_robot_interfaces/include/parking_robot_interfaces/parking_robot_interfaces/srv/detail/acquire_zones__struct.h\n'}
[0.178448] (parking_robot_interfaces) StdoutLine: {'line': b'-- Up-to-date symlink: /home/rokey/p3/cobot_ws/install/parking_robot_interfaces/include/parking_robot_interfaces/parking_robot_interfaces/srv/detail/acquire_zones__type_support.h\n'}
[0.178507] (parking_robot_interfaces) StdoutLine: {'line': b'-- Up-to-date symlink: /home/rokey/p3/cobot_ws/install/parking_robot_interfaces/include/parking_robot_interfaces/parking_robot_interfaces/srv/detail/find_empty_slot__functions.h\n'}
[0.178576] (parking_robot_interfaces) StdoutLine: {'line': b'-- Up-to-date symlink: /home/rokey/p3/cobot_ws/install/parking_robot_interfaces/include/parking_robot_interfaces/parking_robot_interfaces/srv/detail/find_empty_slot__struct.h\n'}
[0.178638] (parking_robot_interfaces) StdoutLine: {'line': b'-- Up-to-date symlink: /home/rokey/p3/cobot_ws/install/parking_robot_interfaces/include/parking_robot_interfaces/parking_robot_interfaces/srv/detail/find_empty_slot__type_support.h\n'}
[0.178682] (parking_robot_interfaces) StdoutLine: {'line': b'-- Up-to-date symlink: /home/rokey/p3/cobot_ws/install/parking_robot_interfaces/include/parking_robot_interfaces/parking_robot_interfaces/srv/detail/get_slot_info__functions.h\n'}
[0.178701] (parking_robot_interfaces) StdoutLine: {'line': b'-- Up-to-date symlink: /home/rokey/p3/cobot_ws/install/parking_robot_interfaces/include/parking_robot_interfaces/parking_robot_interfaces/srv/detail/get_slot_info__struct.h\n'}
[0.178718] (parking_robot_interfaces) StdoutLine: {'line': b'-- Up-to-date symlink: /home/rokey/p3/cobot_ws/install/parking_robot_interfaces/include/parking_robot_interfaces/parking_robot_interfaces/srv/detail/get_slot_info__type_support.h\n'}
[0.178735] (parking_robot_interfaces) StdoutLine: {'line': b'-- Up-to-date symlink: /home/rokey/p3/cobot_ws/install/parking_robot_interfaces/include/parking_robot_interfaces/parking_robot_interfaces/srv/detail/get_task_status__functions.h\n'}
[0.178817] (parking_robot_interfaces) StdoutLine: {'line': b'-- Up-to-date symlink: /home/rokey/p3/cobot_ws/install/parking_robot_interfaces/include/parking_robot_interfaces/parking_robot_interfaces/srv/detail/get_task_status__struct.h\n'}
[0.178878] (parking_robot_interfaces) StdoutLine: {'line': b'-- Up-to-date symlink: /home/rokey/p3/cobot_ws/install/parking_robot_interfaces/include/parking_robot_interfaces/parking_robot_interfaces/srv/detail/get_task_status__type_support.h\n'}
[0.178943] (parking_robot_interfaces) StdoutLine: {'line': b'-- Up-to-date symlink: /home/rokey/p3/cobot_ws/install/parking_robot_interfaces/include/parking_robot_interfaces/parking_robot_interfaces/srv/detail/park_in_slot__functions.h\n'}
[0.179013] (parking_robot_interfaces) StdoutLine: {'line': b'-- Up-to-date symlink: /home/rokey/p3/cobot_ws/install/parking_robot_interfaces/include/parking_robot_interfaces/parking_robot_interfaces/srv/detail/park_in_slot__struct.h\n'}
[0.179078] (parking_robot_interfaces) StdoutLine: {'line': b'-- Up-to-date symlink: /home/rokey/p3/cobot_ws/install/parking_robot_interfaces/include/parking_robot_interfaces/parking_robot_interfaces/srv/detail/park_in_slot__type_support.h\n'}
[0.179201] (parking_robot_interfaces) StdoutLine: {'line': b'-- Up-to-date symlink: /home/rokey/p3/cobot_ws/install/parking_robot_interfaces/include/parking_robot_interfaces/parking_robot_interfaces/srv/detail/release_zones__functions.h\n'}
[0.179327] (parking_robot_interfaces) StdoutLine: {'line': b'-- Up-to-date symlink: /home/rokey/p3/cobot_ws/install/parking_robot_interfaces/include/parking_robot_interfaces/parking_robot_interfaces/srv/detail/release_zones__struct.h\n'}
[0.179355] (parking_robot_interfaces) StdoutLine: {'line': b'-- Up-to-date symlink: /home/rokey/p3/cobot_ws/install/parking_robot_interfaces/include/parking_robot_interfaces/parking_robot_interfaces/srv/detail/release_zones__type_support.h\n'}
[0.179377] (parking_robot_interfaces) StdoutLine: {'line': b'-- Up-to-date symlink: /home/rokey/p3/cobot_ws/install/parking_robot_interfaces/include/parking_robot_interfaces/parking_robot_interfaces/srv/detail/request_parking_task__functions.h\n'}
[0.179423] (parking_robot_interfaces) StdoutLine: {'line': b'-- Up-to-date symlink: /home/rokey/p3/cobot_ws/install/parking_robot_interfaces/include/parking_robot_interfaces/parking_robot_interfaces/srv/detail/request_parking_task__struct.h\n'}
[0.179446] (parking_robot_interfaces) StdoutLine: {'line': b'-- Up-to-date symlink: /home/rokey/p3/cobot_ws/install/parking_robot_interfaces/include/parking_robot_interfaces/parking_robot_interfaces/srv/detail/request_parking_task__type_support.h\n'}
[0.179465] (parking_robot_interfaces) StdoutLine: {'line': b'-- Up-to-date symlink: /home/rokey/p3/cobot_ws/install/parking_robot_interfaces/include/parking_robot_interfaces/parking_robot_interfaces/srv/find_empty_slot.h\n'}
[0.179482] (parking_robot_interfaces) StdoutLine: {'line': b'-- Up-to-date symlink: /home/rokey/p3/cobot_ws/install/parking_robot_interfaces/include/parking_robot_interfaces/parking_robot_interfaces/srv/get_slot_info.h\n'}
[0.179499] (parking_robot_interfaces) StdoutLine: {'line': b'-- Up-to-date symlink: /home/rokey/p3/cobot_ws/install/parking_robot_interfaces/include/parking_robot_interfaces/parking_robot_interfaces/srv/get_task_status.h\n'}
[0.179517] (parking_robot_interfaces) StdoutLine: {'line': b'-- Up-to-date symlink: /home/rokey/p3/cobot_ws/install/parking_robot_interfaces/include/parking_robot_interfaces/parking_robot_interfaces/srv/park_in_slot.h\n'}
[0.179534] (parking_robot_interfaces) StdoutLine: {'line': b'-- Up-to-date symlink: /home/rokey/p3/cobot_ws/install/parking_robot_interfaces/include/parking_robot_interfaces/parking_robot_interfaces/srv/release_zones.h\n'}
[0.179551] (parking_robot_interfaces) StdoutLine: {'line': b'-- Up-to-date symlink: /home/rokey/p3/cobot_ws/install/parking_robot_interfaces/include/parking_robot_interfaces/parking_robot_interfaces/srv/request_parking_task.h\n'}
[0.179569] (parking_robot_interfaces) StdoutLine: {'line': b'-- Up-to-date symlink: /home/rokey/p3/cobot_ws/install/parking_robot_interfaces/share/parking_robot_interfaces/environment/library_path.sh\n'}
[0.179586] (parking_robot_interfaces) StdoutLine: {'line': b'-- Up-to-date symlink: /home/rokey/p3/cobot_ws/install/parking_robot_interfaces/share/parking_robot_interfaces/environment/library_path.dsv\n'}
[0.179691] (parking_robot_interfaces) StdoutLine: {'line': b'-- Up-to-date symlink: /home/rokey/p3/cobot_ws/install/parking_robot_interfaces/include/parking_robot_interfaces/parking_robot_interfaces/action/detail/align_vehicle__rosidl_typesupport_fastrtps_c.h\n'}
[0.179726] (parking_robot_interfaces) StdoutLine: {'line': b'-- Up-to-date symlink: /home/rokey/p3/cobot_ws/install/parking_robot_interfaces/include/parking_robot_interfaces/parking_robot_interfaces/action/detail/carry_to_slot__rosidl_typesupport_fastrtps_c.h\n'}
[0.179762] (parking_robot_interfaces) StdoutLine: {'line': b'-- Up-to-date symlink: /home/rokey/p3/cobot_ws/install/parking_robot_interfaces/include/parking_robot_interfaces/parking_robot_interfaces/action/detail/control_lift__rosidl_typesupport_fastrtps_c.h\n'}
[0.179795] (parking_robot_interfaces) StdoutLine: {'line': b'-- Up-to-date symlink: /home/rokey/p3/cobot_ws/install/parking_robot_interfaces/include/parking_robot_interfaces/parking_robot_interfaces/action/detail/detect_vehicle__rosidl_typesupport_fastrtps_c.h\n'}
[0.179835] (parking_robot_interfaces) StdoutLine: {'line': b'-- Up-to-date symlink: /home/rokey/p3/cobot_ws/install/parking_robot_interfaces/include/parking_robot_interfaces/parking_robot_interfaces/action/detail/execute_parking_task__rosidl_typesupport_fastrtps_c.h\n'}
[0.179867] (parking_robot_interfaces) StdoutLine: {'line': b'-- Up-to-date symlink: /home/rokey/p3/cobot_ws/install/parking_robot_interfaces/include/parking_robot_interfaces/parking_robot_interfaces/action/detail/ingress_under_truck__rosidl_typesupport_fastrtps_c.h\n'}
[0.179900] (parking_robot_interfaces) StdoutLine: {'line': b'-- Up-to-date symlink: /home/rokey/p3/cobot_ws/install/parking_robot_interfaces/include/parking_robot_interfaces/parking_robot_interfaces/msg/detail/formation_assignment__rosidl_typesupport_fastrtps_c.h\n'}
[0.179934] (parking_robot_interfaces) StdoutLine: {'line': b'-- Up-to-date symlink: /home/rokey/p3/cobot_ws/install/parking_robot_interfaces/include/parking_robot_interfaces/parking_robot_interfaces/msg/detail/formation_stop__rosidl_typesupport_fastrtps_c.h\n'}
[0.179969] (parking_robot_interfaces) StdoutLine: {'line': b'-- Up-to-date symlink: /home/rokey/p3/cobot_ws/install/parking_robot_interfaces/include/parking_robot_interfaces/parking_robot_interfaces/msg/detail/obstacle_alert__rosidl_typesupport_fastrtps_c.h\n'}
[0.180003] (parking_robot_interfaces) StdoutLine: {'line': b'-- Up-to-date symlink: /home/rokey/p3/cobot_ws/install/parking_robot_interfaces/include/parking_robot_interfaces/parking_robot_interfaces/msg/detail/task_state__rosidl_typesupport_fastrtps_c.h\n'}
[0.180035] (parking_robot_interfaces) StdoutLine: {'line': b'-- Up-to-date symlink: /home/rokey/p3/cobot_ws/install/parking_robot_interfaces/include/parking_robot_interfaces/parking_robot_interfaces/msg/detail/vehicle_info__rosidl_typesupport_fastrtps_c.h\n'}
[0.180067] (parking_robot_interfaces) StdoutLine: {'line': b'-- Up-to-date symlink: /home/rokey/p3/cobot_ws/install/parking_robot_interfaces/include/parking_robot_interfaces/parking_robot_interfaces/msg/rosidl_typesupport_fastrtps_c__visibility_control.h\n'}
[0.180100] (parking_robot_interfaces) StdoutLine: {'line': b'-- Up-to-date symlink: /home/rokey/p3/cobot_ws/install/parking_robot_interfaces/include/parking_robot_interfaces/parking_robot_interfaces/srv/detail/acquire_zones__rosidl_typesupport_fastrtps_c.h\n'}
[0.180134] (parking_robot_interfaces) StdoutLine: {'line': b'-- Up-to-date symlink: /home/rokey/p3/cobot_ws/install/parking_robot_interfaces/include/parking_robot_interfaces/parking_robot_interfaces/srv/detail/find_empty_slot__rosidl_typesupport_fastrtps_c.h\n'}
[0.180165] (parking_robot_interfaces) StdoutLine: {'line': b'-- Up-to-date symlink: /home/rokey/p3/cobot_ws/install/parking_robot_interfaces/include/parking_robot_interfaces/parking_robot_interfaces/srv/detail/get_slot_info__rosidl_typesupport_fastrtps_c.h\n'}
[0.180199] (parking_robot_interfaces) StdoutLine: {'line': b'-- Up-to-date symlink: /home/rokey/p3/cobot_ws/install/parking_robot_interfaces/include/parking_robot_interfaces/parking_robot_interfaces/srv/detail/get_task_status__rosidl_typesupport_fastrtps_c.h\n'}
[0.180231] (parking_robot_interfaces) StdoutLine: {'line': b'-- Up-to-date symlink: /home/rokey/p3/cobot_ws/install/parking_robot_interfaces/include/parking_robot_interfaces/parking_robot_interfaces/srv/detail/park_in_slot__rosidl_typesupport_fastrtps_c.h\n'}
[0.180263] (parking_robot_interfaces) StdoutLine: {'line': b'-- Up-to-date symlink: /home/rokey/p3/cobot_ws/install/parking_robot_interfaces/include/parking_robot_interfaces/parking_robot_interfaces/srv/detail/release_zones__rosidl_typesupport_fastrtps_c.h\n'}
[0.180297] (parking_robot_interfaces) StdoutLine: {'line': b'-- Up-to-date symlink: /home/rokey/p3/cobot_ws/install/parking_robot_interfaces/include/parking_robot_interfaces/parking_robot_interfaces/srv/detail/request_parking_task__rosidl_typesupport_fastrtps_c.h\n'}
[0.180514] (parking_robot_interfaces) StdoutLine: {'line': b'-- Up-to-date symlink: /home/rokey/p3/cobot_ws/install/parking_robot_interfaces/include/parking_robot_interfaces/parking_robot_interfaces/action/detail/align_vehicle__rosidl_typesupport_introspection_c.h\n'}
[0.180549] (parking_robot_interfaces) StdoutLine: {'line': b'-- Up-to-date symlink: /home/rokey/p3/cobot_ws/install/parking_robot_interfaces/include/parking_robot_interfaces/parking_robot_interfaces/action/detail/carry_to_slot__rosidl_typesupport_introspection_c.h\n'}
[0.180583] (parking_robot_interfaces) StdoutLine: {'line': b'-- Up-to-date symlink: /home/rokey/p3/cobot_ws/install/parking_robot_interfaces/include/parking_robot_interfaces/parking_robot_interfaces/action/detail/control_lift__rosidl_typesupport_introspection_c.h\n'}
[0.180616] (parking_robot_interfaces) StdoutLine: {'line': b'-- Up-to-date symlink: /home/rokey/p3/cobot_ws/install/parking_robot_interfaces/include/parking_robot_interfaces/parking_robot_interfaces/action/detail/detect_vehicle__rosidl_typesupport_introspection_c.h\n'}
[0.180649] (parking_robot_interfaces) StdoutLine: {'line': b'-- Up-to-date symlink: /home/rokey/p3/cobot_ws/install/parking_robot_interfaces/include/parking_robot_interfaces/parking_robot_interfaces/action/detail/execute_parking_task__rosidl_typesupport_introspection_c.h\n'}
[0.180682] (parking_robot_interfaces) StdoutLine: {'line': b'-- Up-to-date symlink: /home/rokey/p3/cobot_ws/install/parking_robot_interfaces/include/parking_robot_interfaces/parking_robot_interfaces/action/detail/ingress_under_truck__rosidl_typesupport_introspection_c.h\n'}
[0.180715] (parking_robot_interfaces) StdoutLine: {'line': b'-- Up-to-date symlink: /home/rokey/p3/cobot_ws/install/parking_robot_interfaces/include/parking_robot_interfaces/parking_robot_interfaces/msg/detail/formation_assignment__rosidl_typesupport_introspection_c.h\n'}
[0.180748] (parking_robot_interfaces) StdoutLine: {'line': b'-- Up-to-date symlink: /home/rokey/p3/cobot_ws/install/parking_robot_interfaces/include/parking_robot_interfaces/parking_robot_interfaces/msg/detail/formation_stop__rosidl_typesupport_introspection_c.h\n'}
[0.180781] (parking_robot_interfaces) StdoutLine: {'line': b'-- Up-to-date symlink: /home/rokey/p3/cobot_ws/install/parking_robot_interfaces/include/parking_robot_interfaces/parking_robot_interfaces/msg/detail/obstacle_alert__rosidl_typesupport_introspection_c.h\n'}
[0.180816] (parking_robot_interfaces) StdoutLine: {'line': b'-- Up-to-date symlink: /home/rokey/p3/cobot_ws/install/parking_robot_interfaces/include/parking_robot_interfaces/parking_robot_interfaces/msg/detail/task_state__rosidl_typesupport_introspection_c.h\n'}
[0.180848] (parking_robot_interfaces) StdoutLine: {'line': b'-- Up-to-date symlink: /home/rokey/p3/cobot_ws/install/parking_robot_interfaces/include/parking_robot_interfaces/parking_robot_interfaces/msg/detail/vehicle_info__rosidl_typesupport_introspection_c.h\n'}
[0.180881] (parking_robot_interfaces) StdoutLine: {'line': b'-- Up-to-date symlink: /home/rokey/p3/cobot_ws/install/parking_robot_interfaces/include/parking_robot_interfaces/parking_robot_interfaces/msg/rosidl_typesupport_introspection_c__visibility_control.h\n'}
[0.180913] (parking_robot_interfaces) StdoutLine: {'line': b'-- Up-to-date symlink: /home/rokey/p3/cobot_ws/install/parking_robot_interfaces/include/parking_robot_interfaces/parking_robot_interfaces/srv/detail/acquire_zones__rosidl_typesupport_introspection_c.h\n'}
[0.180946] (parking_robot_interfaces) StdoutLine: {'line': b'-- Up-to-date symlink: /home/rokey/p3/cobot_ws/install/parking_robot_interfaces/include/parking_robot_interfaces/parking_robot_interfaces/srv/detail/find_empty_slot__rosidl_typesupport_introspection_c.h\n'}
[0.180981] (parking_robot_interfaces) StdoutLine: {'line': b'-- Up-to-date symlink: /home/rokey/p3/cobot_ws/install/parking_robot_interfaces/include/parking_robot_interfaces/parking_robot_interfaces/srv/detail/get_slot_info__rosidl_typesupport_introspection_c.h\n'}
[0.181013] (parking_robot_interfaces) StdoutLine: {'line': b'-- Up-to-date symlink: /home/rokey/p3/cobot_ws/install/parking_robot_interfaces/include/parking_robot_interfaces/parking_robot_interfaces/srv/detail/get_task_status__rosidl_typesupport_introspection_c.h\n'}
[0.181054] (parking_robot_interfaces) StdoutLine: {'line': b'-- Up-to-date symlink: /home/rokey/p3/cobot_ws/install/parking_robot_interfaces/include/parking_robot_interfaces/parking_robot_interfaces/srv/detail/park_in_slot__rosidl_typesupport_introspection_c.h\n'}
[0.181099] (parking_robot_interfaces) StdoutLine: {'line': b'-- Up-to-date symlink: /home/rokey/p3/cobot_ws/install/parking_robot_interfaces/include/parking_robot_interfaces/parking_robot_interfaces/srv/detail/release_zones__rosidl_typesupport_introspection_c.h\n'}
[0.181135] (parking_robot_interfaces) StdoutLine: {'line': b'-- Up-to-date symlink: /home/rokey/p3/cobot_ws/install/parking_robot_interfaces/include/parking_robot_interfaces/parking_robot_interfaces/srv/detail/request_parking_task__rosidl_typesupport_introspection_c.h\n'}
[0.181540] (parking_robot_interfaces) StdoutLine: {'line': b'-- Up-to-date symlink: /home/rokey/p3/cobot_ws/install/parking_robot_interfaces/include/parking_robot_interfaces/parking_robot_interfaces/action/align_vehicle.hpp\n'}
[0.181576] (parking_robot_interfaces) StdoutLine: {'line': b'-- Up-to-date symlink: /home/rokey/p3/cobot_ws/install/parking_robot_interfaces/include/parking_robot_interfaces/parking_robot_interfaces/action/carry_to_slot.hpp\n'}
[0.181610] (parking_robot_interfaces) StdoutLine: {'line': b'-- Up-to-date symlink: /home/rokey/p3/cobot_ws/install/parking_robot_interfaces/include/parking_robot_interfaces/parking_robot_interfaces/action/control_lift.hpp\n'}
[0.181643] (parking_robot_interfaces) StdoutLine: {'line': b'-- Up-to-date symlink: /home/rokey/p3/cobot_ws/install/parking_robot_interfaces/include/parking_robot_interfaces/parking_robot_interfaces/action/detail/align_vehicle__builder.hpp\n'}
[0.181678] (parking_robot_interfaces) StdoutLine: {'line': b'-- Up-to-date symlink: /home/rokey/p3/cobot_ws/install/parking_robot_interfaces/include/parking_robot_interfaces/parking_robot_interfaces/action/detail/align_vehicle__struct.hpp\n'}
[0.181710] (parking_robot_interfaces) StdoutLine: {'line': b'-- Up-to-date symlink: /home/rokey/p3/cobot_ws/install/parking_robot_interfaces/include/parking_robot_interfaces/parking_robot_interfaces/action/detail/align_vehicle__traits.hpp\n'}
[0.181744] (parking_robot_interfaces) StdoutLine: {'line': b'-- Up-to-date symlink: /home/rokey/p3/cobot_ws/install/parking_robot_interfaces/include/parking_robot_interfaces/parking_robot_interfaces/action/detail/align_vehicle__type_support.hpp\n'}
[0.181776] (parking_robot_interfaces) StdoutLine: {'line': b'-- Up-to-date symlink: /home/rokey/p3/cobot_ws/install/parking_robot_interfaces/include/parking_robot_interfaces/parking_robot_interfaces/action/detail/carry_to_slot__builder.hpp\n'}
[0.181808] (parking_robot_interfaces) StdoutLine: {'line': b'-- Up-to-date symlink: /home/rokey/p3/cobot_ws/install/parking_robot_interfaces/include/parking_robot_interfaces/parking_robot_interfaces/action/detail/carry_to_slot__struct.hpp\n'}
[0.181841] (parking_robot_interfaces) StdoutLine: {'line': b'-- Up-to-date symlink: /home/rokey/p3/cobot_ws/install/parking_robot_interfaces/include/parking_robot_interfaces/parking_robot_interfaces/action/detail/carry_to_slot__traits.hpp\n'}
[0.181875] (parking_robot_interfaces) StdoutLine: {'line': b'-- Up-to-date symlink: /home/rokey/p3/cobot_ws/install/parking_robot_interfaces/include/parking_robot_interfaces/parking_robot_interfaces/action/detail/carry_to_slot__type_support.hpp\n'}
[0.181908] (parking_robot_interfaces) StdoutLine: {'line': b'-- Up-to-date symlink: /home/rokey/p3/cobot_ws/install/parking_robot_interfaces/include/parking_robot_interfaces/parking_robot_interfaces/action/detail/control_lift__builder.hpp\n'}
[0.181940] (parking_robot_interfaces) StdoutLine: {'line': b'-- Up-to-date symlink: /home/rokey/p3/cobot_ws/install/parking_robot_interfaces/include/parking_robot_interfaces/parking_robot_interfaces/action/detail/control_lift__struct.hpp\n'}
[0.181973] (parking_robot_interfaces) StdoutLine: {'line': b'-- Up-to-date symlink: /home/rokey/p3/cobot_ws/install/parking_robot_interfaces/include/parking_robot_interfaces/parking_robot_interfaces/action/detail/control_lift__traits.hpp\n'}
[0.182007] (parking_robot_interfaces) StdoutLine: {'line': b'-- Up-to-date symlink: /home/rokey/p3/cobot_ws/install/parking_robot_interfaces/include/parking_robot_interfaces/parking_robot_interfaces/action/detail/control_lift__type_support.hpp\n'}
[0.182041] (parking_robot_interfaces) StdoutLine: {'line': b'-- Up-to-date symlink: /home/rokey/p3/cobot_ws/install/parking_robot_interfaces/include/parking_robot_interfaces/parking_robot_interfaces/action/detail/detect_vehicle__builder.hpp\n'}
[0.182072] (parking_robot_interfaces) StdoutLine: {'line': b'-- Up-to-date symlink: /home/rokey/p3/cobot_ws/install/parking_robot_interfaces/include/parking_robot_interfaces/parking_robot_interfaces/action/detail/detect_vehicle__struct.hpp\n'}
[0.182104] (parking_robot_interfaces) StdoutLine: {'line': b'-- Up-to-date symlink: /home/rokey/p3/cobot_ws/install/parking_robot_interfaces/include/parking_robot_interfaces/parking_robot_interfaces/action/detail/detect_vehicle__traits.hpp\n'}
[0.182136] (parking_robot_interfaces) StdoutLine: {'line': b'-- Up-to-date symlink: /home/rokey/p3/cobot_ws/install/parking_robot_interfaces/include/parking_robot_interfaces/parking_robot_interfaces/action/detail/detect_vehicle__type_support.hpp\n'}
[0.182169] (parking_robot_interfaces) StdoutLine: {'line': b'-- Up-to-date symlink: /home/rokey/p3/cobot_ws/install/parking_robot_interfaces/include/parking_robot_interfaces/parking_robot_interfaces/action/detail/execute_parking_task__builder.hpp\n'}
[0.182201] (parking_robot_interfaces) StdoutLine: {'line': b'-- Up-to-date symlink: /home/rokey/p3/cobot_ws/install/parking_robot_interfaces/include/parking_robot_interfaces/parking_robot_interfaces/action/detail/execute_parking_task__struct.hpp\n'}
[0.182233] (parking_robot_interfaces) StdoutLine: {'line': b'-- Up-to-date symlink: /home/rokey/p3/cobot_ws/install/parking_robot_interfaces/include/parking_robot_interfaces/parking_robot_interfaces/action/detail/execute_parking_task__traits.hpp\n'}
[0.182266] (parking_robot_interfaces) StdoutLine: {'line': b'-- Up-to-date symlink: /home/rokey/p3/cobot_ws/install/parking_robot_interfaces/include/parking_robot_interfaces/parking_robot_interfaces/action/detail/execute_parking_task__type_support.hpp\n'}
[0.182298] (parking_robot_interfaces) StdoutLine: {'line': b'-- Up-to-date symlink: /home/rokey/p3/cobot_ws/install/parking_robot_interfaces/include/parking_robot_interfaces/parking_robot_interfaces/action/detail/ingress_under_truck__builder.hpp\n'}
[0.182330] (parking_robot_interfaces) StdoutLine: {'line': b'-- Up-to-date symlink: /home/rokey/p3/cobot_ws/install/parking_robot_interfaces/include/parking_robot_interfaces/parking_robot_interfaces/action/detail/ingress_under_truck__struct.hpp\n'}
[0.182362] (parking_robot_interfaces) StdoutLine: {'line': b'-- Up-to-date symlink: /home/rokey/p3/cobot_ws/install/parking_robot_interfaces/include/parking_robot_interfaces/parking_robot_interfaces/action/detail/ingress_under_truck__traits.hpp\n'}
[0.182394] (parking_robot_interfaces) StdoutLine: {'line': b'-- Up-to-date symlink: /home/rokey/p3/cobot_ws/install/parking_robot_interfaces/include/parking_robot_interfaces/parking_robot_interfaces/action/detail/ingress_under_truck__type_support.hpp\n'}
[0.182427] (parking_robot_interfaces) StdoutLine: {'line': b'-- Up-to-date symlink: /home/rokey/p3/cobot_ws/install/parking_robot_interfaces/include/parking_robot_interfaces/parking_robot_interfaces/action/detect_vehicle.hpp\n'}
[0.182459] (parking_robot_interfaces) StdoutLine: {'line': b'-- Up-to-date symlink: /home/rokey/p3/cobot_ws/install/parking_robot_interfaces/include/parking_robot_interfaces/parking_robot_interfaces/action/execute_parking_task.hpp\n'}
[0.182491] (parking_robot_interfaces) StdoutLine: {'line': b'-- Up-to-date symlink: /home/rokey/p3/cobot_ws/install/parking_robot_interfaces/include/parking_robot_interfaces/parking_robot_interfaces/action/ingress_under_truck.hpp\n'}
[0.182523] (parking_robot_interfaces) StdoutLine: {'line': b'-- Up-to-date symlink: /home/rokey/p3/cobot_ws/install/parking_robot_interfaces/include/parking_robot_interfaces/parking_robot_interfaces/msg/detail/formation_assignment__builder.hpp\n'}
[0.182556] (parking_robot_interfaces) StdoutLine: {'line': b'-- Up-to-date symlink: /home/rokey/p3/cobot_ws/install/parking_robot_interfaces/include/parking_robot_interfaces/parking_robot_interfaces/msg/detail/formation_assignment__struct.hpp\n'}
[0.182588] (parking_robot_interfaces) StdoutLine: {'line': b'-- Up-to-date symlink: /home/rokey/p3/cobot_ws/install/parking_robot_interfaces/include/parking_robot_interfaces/parking_robot_interfaces/msg/detail/formation_assignment__traits.hpp\n'}
[0.182619] (parking_robot_interfaces) StdoutLine: {'line': b'-- Up-to-date symlink: /home/rokey/p3/cobot_ws/install/parking_robot_interfaces/include/parking_robot_interfaces/parking_robot_interfaces/msg/detail/formation_assignment__type_support.hpp\n'}
[0.182652] (parking_robot_interfaces) StdoutLine: {'line': b'-- Up-to-date symlink: /home/rokey/p3/cobot_ws/install/parking_robot_interfaces/include/parking_robot_interfaces/parking_robot_interfaces/msg/detail/formation_stop__builder.hpp\n'}
[0.182685] (parking_robot_interfaces) StdoutLine: {'line': b'-- Up-to-date symlink: /home/rokey/p3/cobot_ws/install/parking_robot_interfaces/include/parking_robot_interfaces/parking_robot_interfaces/msg/detail/formation_stop__struct.hpp\n'}
[0.182717] (parking_robot_interfaces) StdoutLine: {'line': b'-- Up-to-date symlink: /home/rokey/p3/cobot_ws/install/parking_robot_interfaces/include/parking_robot_interfaces/parking_robot_interfaces/msg/detail/formation_stop__traits.hpp\n'}
[0.182749] (parking_robot_interfaces) StdoutLine: {'line': b'-- Up-to-date symlink: /home/rokey/p3/cobot_ws/install/parking_robot_interfaces/include/parking_robot_interfaces/parking_robot_interfaces/msg/detail/formation_stop__type_support.hpp\n'}
[0.182781] (parking_robot_interfaces) StdoutLine: {'line': b'-- Up-to-date symlink: /home/rokey/p3/cobot_ws/install/parking_robot_interfaces/include/parking_robot_interfaces/parking_robot_interfaces/msg/detail/obstacle_alert__builder.hpp\n'}
[0.182814] (parking_robot_interfaces) StdoutLine: {'line': b'-- Up-to-date symlink: /home/rokey/p3/cobot_ws/install/parking_robot_interfaces/include/parking_robot_interfaces/parking_robot_interfaces/msg/detail/obstacle_alert__struct.hpp\n'}
[0.183022] (parking_robot_interfaces) StdoutLine: {'line': b'-- Up-to-date symlink: /home/rokey/p3/cobot_ws/install/parking_robot_interfaces/include/parking_robot_interfaces/parking_robot_interfaces/msg/detail/obstacle_alert__traits.hpp\n'}
[0.183066] (parking_robot_interfaces) StdoutLine: {'line': b'-- Up-to-date symlink: /home/rokey/p3/cobot_ws/install/parking_robot_interfaces/include/parking_robot_interfaces/parking_robot_interfaces/msg/detail/obstacle_alert__type_support.hpp\n'}
[0.183088] (parking_robot_interfaces) StdoutLine: {'line': b'-- Up-to-date symlink: /home/rokey/p3/cobot_ws/install/parking_robot_interfaces/include/parking_robot_interfaces/parking_robot_interfaces/msg/detail/task_state__builder.hpp\n'}
[0.183112] (parking_robot_interfaces) StdoutLine: {'line': b'-- Up-to-date symlink: /home/rokey/p3/cobot_ws/install/parking_robot_interfaces/include/parking_robot_interfaces/parking_robot_interfaces/msg/detail/task_state__struct.hpp\n'}
[0.183139] (parking_robot_interfaces) StdoutLine: {'line': b'-- Up-to-date symlink: /home/rokey/p3/cobot_ws/install/parking_robot_interfaces/include/parking_robot_interfaces/parking_robot_interfaces/msg/detail/task_state__traits.hpp\n'}
[0.183157] (parking_robot_interfaces) StdoutLine: {'line': b'-- Up-to-date symlink: /home/rokey/p3/cobot_ws/install/parking_robot_interfaces/include/parking_robot_interfaces/parking_robot_interfaces/msg/detail/task_state__type_support.hpp\n'}
[0.183572] (parking_robot_interfaces) StdoutLine: {'line': b'-- Up-to-date symlink: /home/rokey/p3/cobot_ws/install/parking_robot_interfaces/include/parking_robot_interfaces/parking_robot_interfaces/msg/detail/vehicle_info__builder.hpp\n'}
[0.183616] (parking_robot_interfaces) StdoutLine: {'line': b'-- Up-to-date symlink: /home/rokey/p3/cobot_ws/install/parking_robot_interfaces/include/parking_robot_interfaces/parking_robot_interfaces/msg/detail/vehicle_info__struct.hpp\n'}
[0.183640] (parking_robot_interfaces) StdoutLine: {'line': b'-- Up-to-date symlink: /home/rokey/p3/cobot_ws/install/parking_robot_interfaces/include/parking_robot_interfaces/parking_robot_interfaces/msg/detail/vehicle_info__traits.hpp\n'}
[0.183663] (parking_robot_interfaces) StdoutLine: {'line': b'-- Up-to-date symlink: /home/rokey/p3/cobot_ws/install/parking_robot_interfaces/include/parking_robot_interfaces/parking_robot_interfaces/msg/detail/vehicle_info__type_support.hpp\n'}
[0.184141] (parking_robot_interfaces) StdoutLine: {'line': b'-- Up-to-date symlink: /home/rokey/p3/cobot_ws/install/parking_robot_interfaces/include/parking_robot_interfaces/parking_robot_interfaces/msg/formation_assignment.hpp\n'}
[0.184243] (parking_robot_interfaces) StdoutLine: {'line': b'-- Up-to-date symlink: /home/rokey/p3/cobot_ws/install/parking_robot_interfaces/include/parking_robot_interfaces/parking_robot_interfaces/msg/formation_stop.hpp\n'}
[0.184273] (parking_robot_interfaces) StdoutLine: {'line': b'-- Up-to-date symlink: /home/rokey/p3/cobot_ws/install/parking_robot_interfaces/include/parking_robot_interfaces/parking_robot_interfaces/msg/obstacle_alert.hpp\n'}
[0.184297] (parking_robot_interfaces) StdoutLine: {'line': b'-- Up-to-date symlink: /home/rokey/p3/cobot_ws/install/parking_robot_interfaces/include/parking_robot_interfaces/parking_robot_interfaces/msg/rosidl_generator_cpp__visibility_control.hpp\n'}
[0.184320] (parking_robot_interfaces) StdoutLine: {'line': b'-- Up-to-date symlink: /home/rokey/p3/cobot_ws/install/parking_robot_interfaces/include/parking_robot_interfaces/parking_robot_interfaces/msg/task_state.hpp\n'}
[0.184341] (parking_robot_interfaces) StdoutLine: {'line': b'-- Up-to-date symlink: /home/rokey/p3/cobot_ws/install/parking_robot_interfaces/include/parking_robot_interfaces/parking_robot_interfaces/msg/vehicle_info.hpp\n'}
[0.184362] (parking_robot_interfaces) StdoutLine: {'line': b'-- Up-to-date symlink: /home/rokey/p3/cobot_ws/install/parking_robot_interfaces/include/parking_robot_interfaces/parking_robot_interfaces/srv/acquire_zones.hpp\n'}
[0.184393] (parking_robot_interfaces) StdoutLine: {'line': b'-- Up-to-date symlink: /home/rokey/p3/cobot_ws/install/parking_robot_interfaces/include/parking_robot_interfaces/parking_robot_interfaces/srv/detail/acquire_zones__builder.hpp\n'}
[0.184415] (parking_robot_interfaces) StdoutLine: {'line': b'-- Up-to-date symlink: /home/rokey/p3/cobot_ws/install/parking_robot_interfaces/include/parking_robot_interfaces/parking_robot_interfaces/srv/detail/acquire_zones__struct.hpp\n'}
[0.184452] (parking_robot_interfaces) StdoutLine: {'line': b'-- Up-to-date symlink: /home/rokey/p3/cobot_ws/install/parking_robot_interfaces/include/parking_robot_interfaces/parking_robot_interfaces/srv/detail/acquire_zones__traits.hpp\n'}
[0.184472] (parking_robot_interfaces) StdoutLine: {'line': b'-- Up-to-date symlink: /home/rokey/p3/cobot_ws/install/parking_robot_interfaces/include/parking_robot_interfaces/parking_robot_interfaces/srv/detail/acquire_zones__type_support.hpp\n'}
[0.184496] (parking_robot_interfaces) StdoutLine: {'line': b'-- Up-to-date symlink: /home/rokey/p3/cobot_ws/install/parking_robot_interfaces/include/parking_robot_interfaces/parking_robot_interfaces/srv/detail/find_empty_slot__builder.hpp\n'}
[0.184514] (parking_robot_interfaces) StdoutLine: {'line': b'-- Up-to-date symlink: /home/rokey/p3/cobot_ws/install/parking_robot_interfaces/include/parking_robot_interfaces/parking_robot_interfaces/srv/detail/find_empty_slot__struct.hpp\n'}
[0.184533] (parking_robot_interfaces) StdoutLine: {'line': b'-- Up-to-date symlink: /home/rokey/p3/cobot_ws/install/parking_robot_interfaces/include/parking_robot_interfaces/parking_robot_interfaces/srv/detail/find_empty_slot__traits.hpp\n'}
[0.184551] (parking_robot_interfaces) StdoutLine: {'line': b'-- Up-to-date symlink: /home/rokey/p3/cobot_ws/install/parking_robot_interfaces/include/parking_robot_interfaces/parking_robot_interfaces/srv/detail/find_empty_slot__type_support.hpp\n'}
[0.184575] (parking_robot_interfaces) StdoutLine: {'line': b'-- Up-to-date symlink: /home/rokey/p3/cobot_ws/install/parking_robot_interfaces/include/parking_robot_interfaces/parking_robot_interfaces/srv/detail/get_slot_info__builder.hpp\n'}
[0.184594] (parking_robot_interfaces) StdoutLine: {'line': b'-- Up-to-date symlink: /home/rokey/p3/cobot_ws/install/parking_robot_interfaces/include/parking_robot_interfaces/parking_robot_interfaces/srv/detail/get_slot_info__struct.hpp\n'}
[0.184611] (parking_robot_interfaces) StdoutLine: {'line': b'-- Up-to-date symlink: /home/rokey/p3/cobot_ws/install/parking_robot_interfaces/include/parking_robot_interfaces/parking_robot_interfaces/srv/detail/get_slot_info__traits.hpp\n'}
[0.184628] (parking_robot_interfaces) StdoutLine: {'line': b'-- Up-to-date symlink: /home/rokey/p3/cobot_ws/install/parking_robot_interfaces/include/parking_robot_interfaces/parking_robot_interfaces/srv/detail/get_slot_info__type_support.hpp\n'}
[0.184646] (parking_robot_interfaces) StdoutLine: {'line': b'-- Up-to-date symlink: /home/rokey/p3/cobot_ws/install/parking_robot_interfaces/include/parking_robot_interfaces/parking_robot_interfaces/srv/detail/get_task_status__builder.hpp\n'}
[0.184664] (parking_robot_interfaces) StdoutLine: {'line': b'-- Up-to-date symlink: /home/rokey/p3/cobot_ws/install/parking_robot_interfaces/include/parking_robot_interfaces/parking_robot_interfaces/srv/detail/get_task_status__struct.hpp\n'}
[0.184680] (parking_robot_interfaces) StdoutLine: {'line': b'-- Up-to-date symlink: /home/rokey/p3/cobot_ws/install/parking_robot_interfaces/include/parking_robot_interfaces/parking_robot_interfaces/srv/detail/get_task_status__traits.hpp\n'}
[0.184697] (parking_robot_interfaces) StdoutLine: {'line': b'-- Up-to-date symlink: /home/rokey/p3/cobot_ws/install/parking_robot_interfaces/include/parking_robot_interfaces/parking_robot_interfaces/srv/detail/get_task_status__type_support.hpp\n'}
[0.184715] (parking_robot_interfaces) StdoutLine: {'line': b'-- Up-to-date symlink: /home/rokey/p3/cobot_ws/install/parking_robot_interfaces/include/parking_robot_interfaces/parking_robot_interfaces/srv/detail/park_in_slot__builder.hpp\n'}
[0.184732] (parking_robot_interfaces) StdoutLine: {'line': b'-- Up-to-date symlink: /home/rokey/p3/cobot_ws/install/parking_robot_interfaces/include/parking_robot_interfaces/parking_robot_interfaces/srv/detail/park_in_slot__struct.hpp\n'}
[0.184749] (parking_robot_interfaces) StdoutLine: {'line': b'-- Up-to-date symlink: /home/rokey/p3/cobot_ws/install/parking_robot_interfaces/include/parking_robot_interfaces/parking_robot_interfaces/srv/detail/park_in_slot__traits.hpp\n'}
[0.184766] (parking_robot_interfaces) StdoutLine: {'line': b'-- Up-to-date symlink: /home/rokey/p3/cobot_ws/install/parking_robot_interfaces/include/parking_robot_interfaces/parking_robot_interfaces/srv/detail/park_in_slot__type_support.hpp\n'}
[0.184784] (parking_robot_interfaces) StdoutLine: {'line': b'-- Up-to-date symlink: /home/rokey/p3/cobot_ws/install/parking_robot_interfaces/include/parking_robot_interfaces/parking_robot_interfaces/srv/detail/release_zones__builder.hpp\n'}
[0.184801] (parking_robot_interfaces) StdoutLine: {'line': b'-- Up-to-date symlink: /home/rokey/p3/cobot_ws/install/parking_robot_interfaces/include/parking_robot_interfaces/parking_robot_interfaces/srv/detail/release_zones__struct.hpp\n'}
[0.184817] (parking_robot_interfaces) StdoutLine: {'line': b'-- Up-to-date symlink: /home/rokey/p3/cobot_ws/install/parking_robot_interfaces/include/parking_robot_interfaces/parking_robot_interfaces/srv/detail/release_zones__traits.hpp\n'}
[0.184834] (parking_robot_interfaces) StdoutLine: {'line': b'-- Up-to-date symlink: /home/rokey/p3/cobot_ws/install/parking_robot_interfaces/include/parking_robot_interfaces/parking_robot_interfaces/srv/detail/release_zones__type_support.hpp\n'}
[0.184851] (parking_robot_interfaces) StdoutLine: {'line': b'-- Up-to-date symlink: /home/rokey/p3/cobot_ws/install/parking_robot_interfaces/include/parking_robot_interfaces/parking_robot_interfaces/srv/detail/request_parking_task__builder.hpp\n'}
[0.184870] (parking_robot_interfaces) StdoutLine: {'line': b'-- Up-to-date symlink: /home/rokey/p3/cobot_ws/install/parking_robot_interfaces/include/parking_robot_interfaces/parking_robot_interfaces/srv/detail/request_parking_task__struct.hpp\n'}
[0.184887] (parking_robot_interfaces) StdoutLine: {'line': b'-- Up-to-date symlink: /home/rokey/p3/cobot_ws/install/parking_robot_interfaces/include/parking_robot_interfaces/parking_robot_interfaces/srv/detail/request_parking_task__traits.hpp\n'}
[0.184903] (parking_robot_interfaces) StdoutLine: {'line': b'-- Up-to-date symlink: /home/rokey/p3/cobot_ws/install/parking_robot_interfaces/include/parking_robot_interfaces/parking_robot_interfaces/srv/detail/request_parking_task__type_support.hpp\n'}
[0.184927] (parking_robot_interfaces) StdoutLine: {'line': b'-- Up-to-date symlink: /home/rokey/p3/cobot_ws/install/parking_robot_interfaces/include/parking_robot_interfaces/parking_robot_interfaces/srv/find_empty_slot.hpp\n'}
[0.184949] (parking_robot_interfaces) StdoutLine: {'line': b'-- Up-to-date symlink: /home/rokey/p3/cobot_ws/install/parking_robot_interfaces/include/parking_robot_interfaces/parking_robot_interfaces/srv/get_slot_info.hpp\n'}
[0.184969] (parking_robot_interfaces) StdoutLine: {'line': b'-- Up-to-date symlink: /home/rokey/p3/cobot_ws/install/parking_robot_interfaces/include/parking_robot_interfaces/parking_robot_interfaces/srv/get_task_status.hpp\n'}
[0.184997] (parking_robot_interfaces) StdoutLine: {'line': b'-- Up-to-date symlink: /home/rokey/p3/cobot_ws/install/parking_robot_interfaces/include/parking_robot_interfaces/parking_robot_interfaces/srv/park_in_slot.hpp\n'}
[0.185014] (parking_robot_interfaces) StdoutLine: {'line': b'-- Up-to-date symlink: /home/rokey/p3/cobot_ws/install/parking_robot_interfaces/include/parking_robot_interfaces/parking_robot_interfaces/srv/release_zones.hpp\n'}
[0.185031] (parking_robot_interfaces) StdoutLine: {'line': b'-- Up-to-date symlink: /home/rokey/p3/cobot_ws/install/parking_robot_interfaces/include/parking_robot_interfaces/parking_robot_interfaces/srv/request_parking_task.hpp\n'}
[0.185048] (parking_robot_interfaces) StdoutLine: {'line': b'-- Up-to-date symlink: /home/rokey/p3/cobot_ws/install/parking_robot_interfaces/include/parking_robot_interfaces/parking_robot_interfaces/action/detail/align_vehicle__rosidl_typesupport_fastrtps_cpp.hpp\n'}
[0.185080] (parking_robot_interfaces) StdoutLine: {'line': b'-- Up-to-date symlink: /home/rokey/p3/cobot_ws/install/parking_robot_interfaces/include/parking_robot_interfaces/parking_robot_interfaces/action/detail/carry_to_slot__rosidl_typesupport_fastrtps_cpp.hpp\n'}
[0.185097] (parking_robot_interfaces) StdoutLine: {'line': b'-- Up-to-date symlink: /home/rokey/p3/cobot_ws/install/parking_robot_interfaces/include/parking_robot_interfaces/parking_robot_interfaces/action/detail/control_lift__rosidl_typesupport_fastrtps_cpp.hpp\n'}
[0.185114] (parking_robot_interfaces) StdoutLine: {'line': b'-- Up-to-date symlink: /home/rokey/p3/cobot_ws/install/parking_robot_interfaces/include/parking_robot_interfaces/parking_robot_interfaces/action/detail/detect_vehicle__rosidl_typesupport_fastrtps_cpp.hpp\n'}
[0.185133] (parking_robot_interfaces) StdoutLine: {'line': b'-- Up-to-date symlink: /home/rokey/p3/cobot_ws/install/parking_robot_interfaces/include/parking_robot_interfaces/parking_robot_interfaces/action/detail/execute_parking_task__rosidl_typesupport_fastrtps_cpp.hpp\n'}
[0.185160] (parking_robot_interfaces) StdoutLine: {'line': b'-- Up-to-date symlink: /home/rokey/p3/cobot_ws/install/parking_robot_interfaces/include/parking_robot_interfaces/parking_robot_interfaces/action/detail/ingress_under_truck__rosidl_typesupport_fastrtps_cpp.hpp\n'}
[0.185177] (parking_robot_interfaces) StdoutLine: {'line': b'-- Up-to-date symlink: /home/rokey/p3/cobot_ws/install/parking_robot_interfaces/include/parking_robot_interfaces/parking_robot_interfaces/msg/detail/formation_assignment__rosidl_typesupport_fastrtps_cpp.hpp\n'}
[0.185198] (parking_robot_interfaces) StdoutLine: {'line': b'-- Up-to-date symlink: /home/rokey/p3/cobot_ws/install/parking_robot_interfaces/include/parking_robot_interfaces/parking_robot_interfaces/msg/detail/formation_stop__rosidl_typesupport_fastrtps_cpp.hpp\n'}
[0.185224] (parking_robot_interfaces) StdoutLine: {'line': b'-- Up-to-date symlink: /home/rokey/p3/cobot_ws/install/parking_robot_interfaces/include/parking_robot_interfaces/parking_robot_interfaces/msg/detail/obstacle_alert__rosidl_typesupport_fastrtps_cpp.hpp\n'}
[0.185241] (parking_robot_interfaces) StdoutLine: {'line': b'-- Up-to-date symlink: /home/rokey/p3/cobot_ws/install/parking_robot_interfaces/include/parking_robot_interfaces/parking_robot_interfaces/msg/detail/task_state__rosidl_typesupport_fastrtps_cpp.hpp\n'}
[0.185265] (parking_robot_interfaces) StdoutLine: {'line': b'-- Up-to-date symlink: /home/rokey/p3/cobot_ws/install/parking_robot_interfaces/include/parking_robot_interfaces/parking_robot_interfaces/msg/detail/vehicle_info__rosidl_typesupport_fastrtps_cpp.hpp\n'}
[0.185298] (parking_robot_interfaces) StdoutLine: {'line': b'-- Up-to-date symlink: /home/rokey/p3/cobot_ws/install/parking_robot_interfaces/include/parking_robot_interfaces/parking_robot_interfaces/msg/rosidl_typesupport_fastrtps_cpp__visibility_control.h\n'}
[0.185318] (parking_robot_interfaces) StdoutLine: {'line': b'-- Up-to-date symlink: /home/rokey/p3/cobot_ws/install/parking_robot_interfaces/include/parking_robot_interfaces/parking_robot_interfaces/srv/detail/acquire_zones__rosidl_typesupport_fastrtps_cpp.hpp\n'}
[0.185345] (parking_robot_interfaces) StdoutLine: {'line': b'-- Up-to-date symlink: /home/rokey/p3/cobot_ws/install/parking_robot_interfaces/include/parking_robot_interfaces/parking_robot_interfaces/srv/detail/find_empty_slot__rosidl_typesupport_fastrtps_cpp.hpp\n'}
[0.185376] (parking_robot_interfaces) StdoutLine: {'line': b'-- Up-to-date symlink: /home/rokey/p3/cobot_ws/install/parking_robot_interfaces/include/parking_robot_interfaces/parking_robot_interfaces/srv/detail/get_slot_info__rosidl_typesupport_fastrtps_cpp.hpp\n'}
[0.185402] (parking_robot_interfaces) StdoutLine: {'line': b'-- Up-to-date symlink: /home/rokey/p3/cobot_ws/install/parking_robot_interfaces/include/parking_robot_interfaces/parking_robot_interfaces/srv/detail/get_task_status__rosidl_typesupport_fastrtps_cpp.hpp\n'}
[0.185434] (parking_robot_interfaces) StdoutLine: {'line': b'-- Up-to-date symlink: /home/rokey/p3/cobot_ws/install/parking_robot_interfaces/include/parking_robot_interfaces/parking_robot_interfaces/srv/detail/park_in_slot__rosidl_typesupport_fastrtps_cpp.hpp\n'}
[0.185468] (parking_robot_interfaces) StdoutLine: {'line': b'-- Up-to-date symlink: /home/rokey/p3/cobot_ws/install/parking_robot_interfaces/include/parking_robot_interfaces/parking_robot_interfaces/srv/detail/release_zones__rosidl_typesupport_fastrtps_cpp.hpp\n'}
[0.185493] (parking_robot_interfaces) StdoutLine: {'line': b'-- Up-to-date symlink: /home/rokey/p3/cobot_ws/install/parking_robot_interfaces/include/parking_robot_interfaces/parking_robot_interfaces/srv/detail/request_parking_task__rosidl_typesupport_fastrtps_cpp.hpp\n'}
[0.185698] (parking_robot_interfaces) StdoutLine: {'line': b'-- Up-to-date symlink: /home/rokey/p3/cobot_ws/install/parking_robot_interfaces/include/parking_robot_interfaces/parking_robot_interfaces/action/detail/align_vehicle__rosidl_typesupport_introspection_cpp.hpp\n'}
[0.185734] (parking_robot_interfaces) StdoutLine: {'line': b'-- Up-to-date symlink: /home/rokey/p3/cobot_ws/install/parking_robot_interfaces/include/parking_robot_interfaces/parking_robot_interfaces/action/detail/carry_to_slot__rosidl_typesupport_introspection_cpp.hpp\n'}
[0.185768] (parking_robot_interfaces) StdoutLine: {'line': b'-- Up-to-date symlink: /home/rokey/p3/cobot_ws/install/parking_robot_interfaces/include/parking_robot_interfaces/parking_robot_interfaces/action/detail/control_lift__rosidl_typesupport_introspection_cpp.hpp\n'}
[0.185802] (parking_robot_interfaces) StdoutLine: {'line': b'-- Up-to-date symlink: /home/rokey/p3/cobot_ws/install/parking_robot_interfaces/include/parking_robot_interfaces/parking_robot_interfaces/action/detail/detect_vehicle__rosidl_typesupport_introspection_cpp.hpp\n'}
[0.185834] (parking_robot_interfaces) StdoutLine: {'line': b'-- Up-to-date symlink: /home/rokey/p3/cobot_ws/install/parking_robot_interfaces/include/parking_robot_interfaces/parking_robot_interfaces/action/detail/execute_parking_task__rosidl_typesupport_introspection_cpp.hpp\n'}
[0.185866] (parking_robot_interfaces) StdoutLine: {'line': b'-- Up-to-date symlink: /home/rokey/p3/cobot_ws/install/parking_robot_interfaces/include/parking_robot_interfaces/parking_robot_interfaces/action/detail/ingress_under_truck__rosidl_typesupport_introspection_cpp.hpp\n'}
[0.185899] (parking_robot_interfaces) StdoutLine: {'line': b'-- Up-to-date symlink: /home/rokey/p3/cobot_ws/install/parking_robot_interfaces/include/parking_robot_interfaces/parking_robot_interfaces/msg/detail/formation_assignment__rosidl_typesupport_introspection_cpp.hpp\n'}
[0.185935] (parking_robot_interfaces) StdoutLine: {'line': b'-- Up-to-date symlink: /home/rokey/p3/cobot_ws/install/parking_robot_interfaces/include/parking_robot_interfaces/parking_robot_interfaces/msg/detail/formation_stop__rosidl_typesupport_introspection_cpp.hpp\n'}
[0.185969] (parking_robot_interfaces) StdoutLine: {'line': b'-- Up-to-date symlink: /home/rokey/p3/cobot_ws/install/parking_robot_interfaces/include/parking_robot_interfaces/parking_robot_interfaces/msg/detail/obstacle_alert__rosidl_typesupport_introspection_cpp.hpp\n'}
[0.186003] (parking_robot_interfaces) StdoutLine: {'line': b'-- Up-to-date symlink: /home/rokey/p3/cobot_ws/install/parking_robot_interfaces/include/parking_robot_interfaces/parking_robot_interfaces/msg/detail/task_state__rosidl_typesupport_introspection_cpp.hpp\n'}
[0.186037] (parking_robot_interfaces) StdoutLine: {'line': b'-- Up-to-date symlink: /home/rokey/p3/cobot_ws/install/parking_robot_interfaces/include/parking_robot_interfaces/parking_robot_interfaces/msg/detail/vehicle_info__rosidl_typesupport_introspection_cpp.hpp\n'}
[0.186069] (parking_robot_interfaces) StdoutLine: {'line': b'-- Up-to-date symlink: /home/rokey/p3/cobot_ws/install/parking_robot_interfaces/include/parking_robot_interfaces/parking_robot_interfaces/srv/detail/acquire_zones__rosidl_typesupport_introspection_cpp.hpp\n'}
[0.186102] (parking_robot_interfaces) StdoutLine: {'line': b'-- Up-to-date symlink: /home/rokey/p3/cobot_ws/install/parking_robot_interfaces/include/parking_robot_interfaces/parking_robot_interfaces/srv/detail/find_empty_slot__rosidl_typesupport_introspection_cpp.hpp\n'}
[0.186135] (parking_robot_interfaces) StdoutLine: {'line': b'-- Up-to-date symlink: /home/rokey/p3/cobot_ws/install/parking_robot_interfaces/include/parking_robot_interfaces/parking_robot_interfaces/srv/detail/get_slot_info__rosidl_typesupport_introspection_cpp.hpp\n'}
[0.186167] (parking_robot_interfaces) StdoutLine: {'line': b'-- Up-to-date symlink: /home/rokey/p3/cobot_ws/install/parking_robot_interfaces/include/parking_robot_interfaces/parking_robot_interfaces/srv/detail/get_task_status__rosidl_typesupport_introspection_cpp.hpp\n'}
[0.186200] (parking_robot_interfaces) StdoutLine: {'line': b'-- Up-to-date symlink: /home/rokey/p3/cobot_ws/install/parking_robot_interfaces/include/parking_robot_interfaces/parking_robot_interfaces/srv/detail/park_in_slot__rosidl_typesupport_introspection_cpp.hpp\n'}
[0.186232] (parking_robot_interfaces) StdoutLine: {'line': b'-- Up-to-date symlink: /home/rokey/p3/cobot_ws/install/parking_robot_interfaces/include/parking_robot_interfaces/parking_robot_interfaces/srv/detail/release_zones__rosidl_typesupport_introspection_cpp.hpp\n'}
[0.186266] (parking_robot_interfaces) StdoutLine: {'line': b'-- Up-to-date symlink: /home/rokey/p3/cobot_ws/install/parking_robot_interfaces/include/parking_robot_interfaces/parking_robot_interfaces/srv/detail/request_parking_task__rosidl_typesupport_introspection_cpp.hpp\n'}
[0.186324] (parking_robot_interfaces) StdoutLine: {'line': b'-- Up-to-date symlink: /home/rokey/p3/cobot_ws/install/parking_robot_interfaces/share/parking_robot_interfaces/environment/pythonpath.sh\n'}
[0.186376] (parking_robot_interfaces) StdoutLine: {'line': b'-- Up-to-date symlink: /home/rokey/p3/cobot_ws/install/parking_robot_interfaces/share/parking_robot_interfaces/environment/pythonpath.dsv\n'}
[0.186485] (parking_robot_interfaces) StdoutLine: {'line': b'-- Up-to-date symlink: /home/rokey/p3/cobot_ws/install/parking_robot_interfaces/local/lib/python3.10/dist-packages/parking_robot_interfaces-0.0.1-py3.10.egg-info/PKG-INFO\n'}
[0.186520] (parking_robot_interfaces) StdoutLine: {'line': b'-- Up-to-date symlink: /home/rokey/p3/cobot_ws/install/parking_robot_interfaces/local/lib/python3.10/dist-packages/parking_robot_interfaces-0.0.1-py3.10.egg-info/SOURCES.txt\n'}
[0.186554] (parking_robot_interfaces) StdoutLine: {'line': b'-- Up-to-date symlink: /home/rokey/p3/cobot_ws/install/parking_robot_interfaces/local/lib/python3.10/dist-packages/parking_robot_interfaces-0.0.1-py3.10.egg-info/dependency_links.txt\n'}
[0.186587] (parking_robot_interfaces) StdoutLine: {'line': b'-- Up-to-date symlink: /home/rokey/p3/cobot_ws/install/parking_robot_interfaces/local/lib/python3.10/dist-packages/parking_robot_interfaces-0.0.1-py3.10.egg-info/top_level.txt\n'}
[0.187165] (parking_robot_interfaces) StdoutLine: {'line': b'-- Up-to-date symlink: /home/rokey/p3/cobot_ws/install/parking_robot_interfaces/local/lib/python3.10/dist-packages/parking_robot_interfaces/__init__.py\n'}
[0.187221] (parking_robot_interfaces) StdoutLine: {'line': b'-- Up-to-date symlink: /home/rokey/p3/cobot_ws/install/parking_robot_interfaces/local/lib/python3.10/dist-packages/parking_robot_interfaces/_parking_robot_interfaces_s.ep.rosidl_typesupport_c.c\n'}
[0.187262] (parking_robot_interfaces) StdoutLine: {'line': b'-- Up-to-date symlink: /home/rokey/p3/cobot_ws/install/parking_robot_interfaces/local/lib/python3.10/dist-packages/parking_robot_interfaces/_parking_robot_interfaces_s.ep.rosidl_typesupport_fastrtps_c.c\n'}
[0.187305] (parking_robot_interfaces) StdoutLine: {'line': b'-- Up-to-date symlink: /home/rokey/p3/cobot_ws/install/parking_robot_interfaces/local/lib/python3.10/dist-packages/parking_robot_interfaces/_parking_robot_interfaces_s.ep.rosidl_typesupport_introspection_c.c\n'}
[0.187334] (parking_robot_interfaces) StdoutLine: {'line': b'-- Up-to-date symlink: /home/rokey/p3/cobot_ws/install/parking_robot_interfaces/local/lib/python3.10/dist-packages/parking_robot_interfaces/action/__init__.py\n'}
[0.187365] (parking_robot_interfaces) StdoutLine: {'line': b'-- Up-to-date symlink: /home/rokey/p3/cobot_ws/install/parking_robot_interfaces/local/lib/python3.10/dist-packages/parking_robot_interfaces/action/_align_vehicle.py\n'}
[0.187397] (parking_robot_interfaces) StdoutLine: {'line': b'-- Up-to-date symlink: /home/rokey/p3/cobot_ws/install/parking_robot_interfaces/local/lib/python3.10/dist-packages/parking_robot_interfaces/action/_align_vehicle_s.c\n'}
[0.187422] (parking_robot_interfaces) StdoutLine: {'line': b'-- Up-to-date symlink: /home/rokey/p3/cobot_ws/install/parking_robot_interfaces/local/lib/python3.10/dist-packages/parking_robot_interfaces/action/_carry_to_slot.py\n'}
[0.187449] (parking_robot_interfaces) StdoutLine: {'line': b'-- Up-to-date symlink: /home/rokey/p3/cobot_ws/install/parking_robot_interfaces/local/lib/python3.10/dist-packages/parking_robot_interfaces/action/_carry_to_slot_s.c\n'}
[0.187479] (parking_robot_interfaces) StdoutLine: {'line': b'-- Up-to-date symlink: /home/rokey/p3/cobot_ws/install/parking_robot_interfaces/local/lib/python3.10/dist-packages/parking_robot_interfaces/action/_control_lift.py\n'}
[0.187512] (parking_robot_interfaces) StdoutLine: {'line': b'-- Up-to-date symlink: /home/rokey/p3/cobot_ws/install/parking_robot_interfaces/local/lib/python3.10/dist-packages/parking_robot_interfaces/action/_control_lift_s.c\n'}
[0.187544] (parking_robot_interfaces) StdoutLine: {'line': b'-- Up-to-date symlink: /home/rokey/p3/cobot_ws/install/parking_robot_interfaces/local/lib/python3.10/dist-packages/parking_robot_interfaces/action/_detect_vehicle.py\n'}
[0.187576] (parking_robot_interfaces) StdoutLine: {'line': b'-- Up-to-date symlink: /home/rokey/p3/cobot_ws/install/parking_robot_interfaces/local/lib/python3.10/dist-packages/parking_robot_interfaces/action/_detect_vehicle_s.c\n'}
[0.187610] (parking_robot_interfaces) StdoutLine: {'line': b'-- Up-to-date symlink: /home/rokey/p3/cobot_ws/install/parking_robot_interfaces/local/lib/python3.10/dist-packages/parking_robot_interfaces/action/_execute_parking_task.py\n'}
[0.187643] (parking_robot_interfaces) StdoutLine: {'line': b'-- Up-to-date symlink: /home/rokey/p3/cobot_ws/install/parking_robot_interfaces/local/lib/python3.10/dist-packages/parking_robot_interfaces/action/_execute_parking_task_s.c\n'}
[0.187675] (parking_robot_interfaces) StdoutLine: {'line': b'-- Up-to-date symlink: /home/rokey/p3/cobot_ws/install/parking_robot_interfaces/local/lib/python3.10/dist-packages/parking_robot_interfaces/action/_ingress_under_truck.py\n'}
[0.187708] (parking_robot_interfaces) StdoutLine: {'line': b'-- Up-to-date symlink: /home/rokey/p3/cobot_ws/install/parking_robot_interfaces/local/lib/python3.10/dist-packages/parking_robot_interfaces/action/_ingress_under_truck_s.c\n'}
[0.187740] (parking_robot_interfaces) StdoutLine: {'line': b'-- Up-to-date symlink: /home/rokey/p3/cobot_ws/install/parking_robot_interfaces/local/lib/python3.10/dist-packages/parking_robot_interfaces/libparking_robot_interfaces__rosidl_generator_py.so\n'}
[0.187774] (parking_robot_interfaces) StdoutLine: {'line': b'-- Up-to-date symlink: /home/rokey/p3/cobot_ws/install/parking_robot_interfaces/local/lib/python3.10/dist-packages/parking_robot_interfaces/msg/__init__.py\n'}
[0.187807] (parking_robot_interfaces) StdoutLine: {'line': b'-- Up-to-date symlink: /home/rokey/p3/cobot_ws/install/parking_robot_interfaces/local/lib/python3.10/dist-packages/parking_robot_interfaces/msg/_formation_assignment.py\n'}
[0.187840] (parking_robot_interfaces) StdoutLine: {'line': b'-- Up-to-date symlink: /home/rokey/p3/cobot_ws/install/parking_robot_interfaces/local/lib/python3.10/dist-packages/parking_robot_interfaces/msg/_formation_assignment_s.c\n'}
[0.187873] (parking_robot_interfaces) StdoutLine: {'line': b'-- Up-to-date symlink: /home/rokey/p3/cobot_ws/install/parking_robot_interfaces/local/lib/python3.10/dist-packages/parking_robot_interfaces/msg/_formation_stop.py\n'}
[0.187905] (parking_robot_interfaces) StdoutLine: {'line': b'-- Up-to-date symlink: /home/rokey/p3/cobot_ws/install/parking_robot_interfaces/local/lib/python3.10/dist-packages/parking_robot_interfaces/msg/_formation_stop_s.c\n'}
[0.187936] (parking_robot_interfaces) StdoutLine: {'line': b'-- Up-to-date symlink: /home/rokey/p3/cobot_ws/install/parking_robot_interfaces/local/lib/python3.10/dist-packages/parking_robot_interfaces/msg/_obstacle_alert.py\n'}
[0.187969] (parking_robot_interfaces) StdoutLine: {'line': b'-- Up-to-date symlink: /home/rokey/p3/cobot_ws/install/parking_robot_interfaces/local/lib/python3.10/dist-packages/parking_robot_interfaces/msg/_obstacle_alert_s.c\n'}
[0.188003] (parking_robot_interfaces) StdoutLine: {'line': b'-- Up-to-date symlink: /home/rokey/p3/cobot_ws/install/parking_robot_interfaces/local/lib/python3.10/dist-packages/parking_robot_interfaces/msg/_task_state.py\n'}
[0.188035] (parking_robot_interfaces) StdoutLine: {'line': b'-- Up-to-date symlink: /home/rokey/p3/cobot_ws/install/parking_robot_interfaces/local/lib/python3.10/dist-packages/parking_robot_interfaces/msg/_task_state_s.c\n'}
[0.188067] (parking_robot_interfaces) StdoutLine: {'line': b'-- Up-to-date symlink: /home/rokey/p3/cobot_ws/install/parking_robot_interfaces/local/lib/python3.10/dist-packages/parking_robot_interfaces/msg/_vehicle_info.py\n'}
[0.188099] (parking_robot_interfaces) StdoutLine: {'line': b'-- Up-to-date symlink: /home/rokey/p3/cobot_ws/install/parking_robot_interfaces/local/lib/python3.10/dist-packages/parking_robot_interfaces/msg/_vehicle_info_s.c\n'}
[0.188132] (parking_robot_interfaces) StdoutLine: {'line': b'-- Up-to-date symlink: /home/rokey/p3/cobot_ws/install/parking_robot_interfaces/local/lib/python3.10/dist-packages/parking_robot_interfaces/parking_robot_interfaces_s__rosidl_typesupport_c.cpython-310-x86_64-linux-gnu.so\n'}
[0.188165] (parking_robot_interfaces) StdoutLine: {'line': b'-- Up-to-date symlink: /home/rokey/p3/cobot_ws/install/parking_robot_interfaces/local/lib/python3.10/dist-packages/parking_robot_interfaces/parking_robot_interfaces_s__rosidl_typesupport_fastrtps_c.cpython-310-x86_64-linux-gnu.so\n'}
[0.188196] (parking_robot_interfaces) StdoutLine: {'line': b'-- Up-to-date symlink: /home/rokey/p3/cobot_ws/install/parking_robot_interfaces/local/lib/python3.10/dist-packages/parking_robot_interfaces/parking_robot_interfaces_s__rosidl_typesupport_introspection_c.cpython-310-x86_64-linux-gnu.so\n'}
[0.188230] (parking_robot_interfaces) StdoutLine: {'line': b'-- Up-to-date symlink: /home/rokey/p3/cobot_ws/install/parking_robot_interfaces/local/lib/python3.10/dist-packages/parking_robot_interfaces/srv/__init__.py\n'}
[0.188262] (parking_robot_interfaces) StdoutLine: {'line': b'-- Up-to-date symlink: /home/rokey/p3/cobot_ws/install/parking_robot_interfaces/local/lib/python3.10/dist-packages/parking_robot_interfaces/srv/_acquire_zones.py\n'}
[0.188294] (parking_robot_interfaces) StdoutLine: {'line': b'-- Up-to-date symlink: /home/rokey/p3/cobot_ws/install/parking_robot_interfaces/local/lib/python3.10/dist-packages/parking_robot_interfaces/srv/_acquire_zones_s.c\n'}
[0.188328] (parking_robot_interfaces) StdoutLine: {'line': b'-- Up-to-date symlink: /home/rokey/p3/cobot_ws/install/parking_robot_interfaces/local/lib/python3.10/dist-packages/parking_robot_interfaces/srv/_find_empty_slot.py\n'}
[0.188360] (parking_robot_interfaces) StdoutLine: {'line': b'-- Up-to-date symlink: /home/rokey/p3/cobot_ws/install/parking_robot_interfaces/local/lib/python3.10/dist-packages/parking_robot_interfaces/srv/_find_empty_slot_s.c\n'}
[0.188392] (parking_robot_interfaces) StdoutLine: {'line': b'-- Up-to-date symlink: /home/rokey/p3/cobot_ws/install/parking_robot_interfaces/local/lib/python3.10/dist-packages/parking_robot_interfaces/srv/_get_slot_info.py\n'}
[0.188425] (parking_robot_interfaces) StdoutLine: {'line': b'-- Up-to-date symlink: /home/rokey/p3/cobot_ws/install/parking_robot_interfaces/local/lib/python3.10/dist-packages/parking_robot_interfaces/srv/_get_slot_info_s.c\n'}
[0.188456] (parking_robot_interfaces) StdoutLine: {'line': b'-- Up-to-date symlink: /home/rokey/p3/cobot_ws/install/parking_robot_interfaces/local/lib/python3.10/dist-packages/parking_robot_interfaces/srv/_get_task_status.py\n'}
[0.188489] (parking_robot_interfaces) StdoutLine: {'line': b'-- Up-to-date symlink: /home/rokey/p3/cobot_ws/install/parking_robot_interfaces/local/lib/python3.10/dist-packages/parking_robot_interfaces/srv/_get_task_status_s.c\n'}
[0.188520] (parking_robot_interfaces) StdoutLine: {'line': b'-- Up-to-date symlink: /home/rokey/p3/cobot_ws/install/parking_robot_interfaces/local/lib/python3.10/dist-packages/parking_robot_interfaces/srv/_park_in_slot.py\n'}
[0.188552] (parking_robot_interfaces) StdoutLine: {'line': b'-- Up-to-date symlink: /home/rokey/p3/cobot_ws/install/parking_robot_interfaces/local/lib/python3.10/dist-packages/parking_robot_interfaces/srv/_park_in_slot_s.c\n'}
[0.188583] (parking_robot_interfaces) StdoutLine: {'line': b'-- Up-to-date symlink: /home/rokey/p3/cobot_ws/install/parking_robot_interfaces/local/lib/python3.10/dist-packages/parking_robot_interfaces/srv/_release_zones.py\n'}
[0.188614] (parking_robot_interfaces) StdoutLine: {'line': b'-- Up-to-date symlink: /home/rokey/p3/cobot_ws/install/parking_robot_interfaces/local/lib/python3.10/dist-packages/parking_robot_interfaces/srv/_release_zones_s.c\n'}
[0.188646] (parking_robot_interfaces) StdoutLine: {'line': b'-- Up-to-date symlink: /home/rokey/p3/cobot_ws/install/parking_robot_interfaces/local/lib/python3.10/dist-packages/parking_robot_interfaces/srv/_request_parking_task.py\n'}
[0.188678] (parking_robot_interfaces) StdoutLine: {'line': b'-- Up-to-date symlink: /home/rokey/p3/cobot_ws/install/parking_robot_interfaces/local/lib/python3.10/dist-packages/parking_robot_interfaces/srv/_request_parking_task_s.c\n'}
[0.188780] (parking_robot_interfaces) StdoutLine: {'line': b'-- Up-to-date symlink: /home/rokey/p3/cobot_ws/install/parking_robot_interfaces/local/lib/python3.10/dist-packages/parking_robot_interfaces/parking_robot_interfaces_s__rosidl_typesupport_fastrtps_c.cpython-310-x86_64-linux-gnu.so\n'}
[0.188869] (parking_robot_interfaces) StdoutLine: {'line': b'-- Up-to-date symlink: /home/rokey/p3/cobot_ws/install/parking_robot_interfaces/local/lib/python3.10/dist-packages/parking_robot_interfaces/parking_robot_interfaces_s__rosidl_typesupport_introspection_c.cpython-310-x86_64-linux-gnu.so\n'}
[0.188971] (parking_robot_interfaces) StdoutLine: {'line': b'-- Up-to-date symlink: /home/rokey/p3/cobot_ws/install/parking_robot_interfaces/local/lib/python3.10/dist-packages/parking_robot_interfaces/parking_robot_interfaces_s__rosidl_typesupport_c.cpython-310-x86_64-linux-gnu.so\n'}
[0.189035] (parking_robot_interfaces) StdoutLine: {'line': b'-- Up-to-date symlink: /home/rokey/p3/cobot_ws/install/parking_robot_interfaces/share/ament_index/resource_index/rust_packages/parking_robot_interfaces\n'}
[0.189175] (parking_robot_interfaces) StdoutLine: {'line': b'-- Up-to-date symlink: /home/rokey/p3/cobot_ws/install/parking_robot_interfaces/share/parking_robot_interfaces/rust/Cargo.toml\n'}
[0.189217] (parking_robot_interfaces) StdoutLine: {'line': b'-- Up-to-date symlink: /home/rokey/p3/cobot_ws/install/parking_robot_interfaces/share/parking_robot_interfaces/rust/build.rs\n'}
[0.189259] (parking_robot_interfaces) StdoutLine: {'line': b'-- Up-to-date symlink: /home/rokey/p3/cobot_ws/install/parking_robot_interfaces/share/parking_robot_interfaces/rust/src/action.rs\n'}
[0.189303] (parking_robot_interfaces) StdoutLine: {'line': b'-- Up-to-date symlink: /home/rokey/p3/cobot_ws/install/parking_robot_interfaces/share/parking_robot_interfaces/rust/src/action/rmw.rs\n'}
[0.189321] (parking_robot_interfaces) StdoutLine: {'line': b'-- Up-to-date symlink: /home/rokey/p3/cobot_ws/install/parking_robot_interfaces/share/parking_robot_interfaces/rust/src/lib.rs\n'}
[0.189353] (parking_robot_interfaces) StdoutLine: {'line': b'-- Up-to-date symlink: /home/rokey/p3/cobot_ws/install/parking_robot_interfaces/share/parking_robot_interfaces/rust/src/msg.rs\n'}
[0.189382] (parking_robot_interfaces) StdoutLine: {'line': b'-- Up-to-date symlink: /home/rokey/p3/cobot_ws/install/parking_robot_interfaces/share/parking_robot_interfaces/rust/src/msg/rmw.rs\n'}
[0.189407] (parking_robot_interfaces) StdoutLine: {'line': b'-- Up-to-date symlink: /home/rokey/p3/cobot_ws/install/parking_robot_interfaces/share/parking_robot_interfaces/rust/src/srv.rs\n'}
[0.189432] (parking_robot_interfaces) StdoutLine: {'line': b'-- Up-to-date symlink: /home/rokey/p3/cobot_ws/install/parking_robot_interfaces/share/parking_robot_interfaces/rust/src/srv/rmw.rs\n'}
[0.189485] (parking_robot_interfaces) StdoutLine: {'line': b'-- Up-to-date symlink: /home/rokey/p3/cobot_ws/install/parking_robot_interfaces/share/parking_robot_interfaces/msg/VehicleInfo.idl\n'}
[0.189535] (parking_robot_interfaces) StdoutLine: {'line': b'-- Up-to-date symlink: /home/rokey/p3/cobot_ws/install/parking_robot_interfaces/share/parking_robot_interfaces/msg/TaskState.idl\n'}
[0.189583] (parking_robot_interfaces) StdoutLine: {'line': b'-- Up-to-date symlink: /home/rokey/p3/cobot_ws/install/parking_robot_interfaces/share/parking_robot_interfaces/msg/ObstacleAlert.idl\n'}
[0.189629] (parking_robot_interfaces) StdoutLine: {'line': b'-- Up-to-date symlink: /home/rokey/p3/cobot_ws/install/parking_robot_interfaces/share/parking_robot_interfaces/msg/FormationStop.idl\n'}
[0.189676] (parking_robot_interfaces) StdoutLine: {'line': b'-- Up-to-date symlink: /home/rokey/p3/cobot_ws/install/parking_robot_interfaces/share/parking_robot_interfaces/msg/FormationAssignment.idl\n'}
[0.189722] (parking_robot_interfaces) StdoutLine: {'line': b'-- Up-to-date symlink: /home/rokey/p3/cobot_ws/install/parking_robot_interfaces/share/parking_robot_interfaces/srv/FindEmptySlot.idl\n'}
[0.189768] (parking_robot_interfaces) StdoutLine: {'line': b'-- Up-to-date symlink: /home/rokey/p3/cobot_ws/install/parking_robot_interfaces/share/parking_robot_interfaces/srv/ParkInSlot.idl\n'}
[0.189814] (parking_robot_interfaces) StdoutLine: {'line': b'-- Up-to-date symlink: /home/rokey/p3/cobot_ws/install/parking_robot_interfaces/share/parking_robot_interfaces/srv/GetSlotInfo.idl\n'}
[0.189858] (parking_robot_interfaces) StdoutLine: {'line': b'-- Up-to-date symlink: /home/rokey/p3/cobot_ws/install/parking_robot_interfaces/share/parking_robot_interfaces/srv/RequestParkingTask.idl\n'}
[0.189905] (parking_robot_interfaces) StdoutLine: {'line': b'-- Up-to-date symlink: /home/rokey/p3/cobot_ws/install/parking_robot_interfaces/share/parking_robot_interfaces/srv/GetTaskStatus.idl\n'}
[0.189951] (parking_robot_interfaces) StdoutLine: {'line': b'-- Up-to-date symlink: /home/rokey/p3/cobot_ws/install/parking_robot_interfaces/share/parking_robot_interfaces/srv/AcquireZones.idl\n'}
[0.189998] (parking_robot_interfaces) StdoutLine: {'line': b'-- Up-to-date symlink: /home/rokey/p3/cobot_ws/install/parking_robot_interfaces/share/parking_robot_interfaces/srv/ReleaseZones.idl\n'}
[0.190044] (parking_robot_interfaces) StdoutLine: {'line': b'-- Up-to-date symlink: /home/rokey/p3/cobot_ws/install/parking_robot_interfaces/share/parking_robot_interfaces/action/ExecuteParkingTask.idl\n'}
[0.190091] (parking_robot_interfaces) StdoutLine: {'line': b'-- Up-to-date symlink: /home/rokey/p3/cobot_ws/install/parking_robot_interfaces/share/parking_robot_interfaces/action/DetectVehicle.idl\n'}
[0.190137] (parking_robot_interfaces) StdoutLine: {'line': b'-- Up-to-date symlink: /home/rokey/p3/cobot_ws/install/parking_robot_interfaces/share/parking_robot_interfaces/action/AlignVehicle.idl\n'}
[0.190181] (parking_robot_interfaces) StdoutLine: {'line': b'-- Up-to-date symlink: /home/rokey/p3/cobot_ws/install/parking_robot_interfaces/share/parking_robot_interfaces/action/ControlLift.idl\n'}
[0.190227] (parking_robot_interfaces) StdoutLine: {'line': b'-- Up-to-date symlink: /home/rokey/p3/cobot_ws/install/parking_robot_interfaces/share/parking_robot_interfaces/action/IngressUnderTruck.idl\n'}
[0.190273] (parking_robot_interfaces) StdoutLine: {'line': b'-- Up-to-date symlink: /home/rokey/p3/cobot_ws/install/parking_robot_interfaces/share/parking_robot_interfaces/action/CarryToSlot.idl\n'}
[0.190317] (parking_robot_interfaces) StdoutLine: {'line': b'-- Up-to-date symlink: /home/rokey/p3/cobot_ws/install/parking_robot_interfaces/share/parking_robot_interfaces/msg/VehicleInfo.msg\n'}
[0.190362] (parking_robot_interfaces) StdoutLine: {'line': b'-- Up-to-date symlink: /home/rokey/p3/cobot_ws/install/parking_robot_interfaces/share/parking_robot_interfaces/msg/TaskState.msg\n'}
[0.190406] (parking_robot_interfaces) StdoutLine: {'line': b'-- Up-to-date symlink: /home/rokey/p3/cobot_ws/install/parking_robot_interfaces/share/parking_robot_interfaces/msg/ObstacleAlert.msg\n'}
[0.190450] (parking_robot_interfaces) StdoutLine: {'line': b'-- Up-to-date symlink: /home/rokey/p3/cobot_ws/install/parking_robot_interfaces/share/parking_robot_interfaces/msg/FormationStop.msg\n'}
[0.190492] (parking_robot_interfaces) StdoutLine: {'line': b'-- Up-to-date symlink: /home/rokey/p3/cobot_ws/install/parking_robot_interfaces/share/parking_robot_interfaces/msg/FormationAssignment.msg\n'}
[0.190534] (parking_robot_interfaces) StdoutLine: {'line': b'-- Up-to-date symlink: /home/rokey/p3/cobot_ws/install/parking_robot_interfaces/share/parking_robot_interfaces/srv/FindEmptySlot.srv\n'}
[0.190580] (parking_robot_interfaces) StdoutLine: {'line': b'-- Up-to-date symlink: /home/rokey/p3/cobot_ws/install/parking_robot_interfaces/share/parking_robot_interfaces/srv/FindEmptySlot_Request.msg\n'}
[0.190625] (parking_robot_interfaces) StdoutLine: {'line': b'-- Up-to-date symlink: /home/rokey/p3/cobot_ws/install/parking_robot_interfaces/share/parking_robot_interfaces/srv/FindEmptySlot_Response.msg\n'}
[0.190669] (parking_robot_interfaces) StdoutLine: {'line': b'-- Up-to-date symlink: /home/rokey/p3/cobot_ws/install/parking_robot_interfaces/share/parking_robot_interfaces/srv/ParkInSlot.srv\n'}
[0.190714] (parking_robot_interfaces) StdoutLine: {'line': b'-- Up-to-date symlink: /home/rokey/p3/cobot_ws/install/parking_robot_interfaces/share/parking_robot_interfaces/srv/ParkInSlot_Request.msg\n'}
[0.190758] (parking_robot_interfaces) StdoutLine: {'line': b'-- Up-to-date symlink: /home/rokey/p3/cobot_ws/install/parking_robot_interfaces/share/parking_robot_interfaces/srv/ParkInSlot_Response.msg\n'}
[0.190801] (parking_robot_interfaces) StdoutLine: {'line': b'-- Up-to-date symlink: /home/rokey/p3/cobot_ws/install/parking_robot_interfaces/share/parking_robot_interfaces/srv/GetSlotInfo.srv\n'}
[0.190844] (parking_robot_interfaces) StdoutLine: {'line': b'-- Up-to-date symlink: /home/rokey/p3/cobot_ws/install/parking_robot_interfaces/share/parking_robot_interfaces/srv/GetSlotInfo_Request.msg\n'}
[0.190888] (parking_robot_interfaces) StdoutLine: {'line': b'-- Up-to-date symlink: /home/rokey/p3/cobot_ws/install/parking_robot_interfaces/share/parking_robot_interfaces/srv/GetSlotInfo_Response.msg\n'}
[0.190930] (parking_robot_interfaces) StdoutLine: {'line': b'-- Up-to-date symlink: /home/rokey/p3/cobot_ws/install/parking_robot_interfaces/share/parking_robot_interfaces/srv/RequestParkingTask.srv\n'}
[0.190975] (parking_robot_interfaces) StdoutLine: {'line': b'-- Up-to-date symlink: /home/rokey/p3/cobot_ws/install/parking_robot_interfaces/share/parking_robot_interfaces/srv/RequestParkingTask_Request.msg\n'}
[0.191019] (parking_robot_interfaces) StdoutLine: {'line': b'-- Up-to-date symlink: /home/rokey/p3/cobot_ws/install/parking_robot_interfaces/share/parking_robot_interfaces/srv/RequestParkingTask_Response.msg\n'}
[0.191062] (parking_robot_interfaces) StdoutLine: {'line': b'-- Up-to-date symlink: /home/rokey/p3/cobot_ws/install/parking_robot_interfaces/share/parking_robot_interfaces/srv/GetTaskStatus.srv\n'}
[0.191106] (parking_robot_interfaces) StdoutLine: {'line': b'-- Up-to-date symlink: /home/rokey/p3/cobot_ws/install/parking_robot_interfaces/share/parking_robot_interfaces/srv/GetTaskStatus_Request.msg\n'}
[0.191149] (parking_robot_interfaces) StdoutLine: {'line': b'-- Up-to-date symlink: /home/rokey/p3/cobot_ws/install/parking_robot_interfaces/share/parking_robot_interfaces/srv/GetTaskStatus_Response.msg\n'}
[0.191190] (parking_robot_interfaces) StdoutLine: {'line': b'-- Up-to-date symlink: /home/rokey/p3/cobot_ws/install/parking_robot_interfaces/share/parking_robot_interfaces/srv/AcquireZones.srv\n'}
[0.191234] (parking_robot_interfaces) StdoutLine: {'line': b'-- Up-to-date symlink: /home/rokey/p3/cobot_ws/install/parking_robot_interfaces/share/parking_robot_interfaces/srv/AcquireZones_Request.msg\n'}
[0.191275] (parking_robot_interfaces) StdoutLine: {'line': b'-- Up-to-date symlink: /home/rokey/p3/cobot_ws/install/parking_robot_interfaces/share/parking_robot_interfaces/srv/AcquireZones_Response.msg\n'}
[0.191318] (parking_robot_interfaces) StdoutLine: {'line': b'-- Up-to-date symlink: /home/rokey/p3/cobot_ws/install/parking_robot_interfaces/share/parking_robot_interfaces/srv/ReleaseZones.srv\n'}
[0.191361] (parking_robot_interfaces) StdoutLine: {'line': b'-- Up-to-date symlink: /home/rokey/p3/cobot_ws/install/parking_robot_interfaces/share/parking_robot_interfaces/srv/ReleaseZones_Request.msg\n'}
[0.191405] (parking_robot_interfaces) StdoutLine: {'line': b'-- Up-to-date symlink: /home/rokey/p3/cobot_ws/install/parking_robot_interfaces/share/parking_robot_interfaces/srv/ReleaseZones_Response.msg\n'}
[0.191448] (parking_robot_interfaces) StdoutLine: {'line': b'-- Up-to-date symlink: /home/rokey/p3/cobot_ws/install/parking_robot_interfaces/share/parking_robot_interfaces/action/ExecuteParkingTask.action\n'}
[0.191490] (parking_robot_interfaces) StdoutLine: {'line': b'-- Up-to-date symlink: /home/rokey/p3/cobot_ws/install/parking_robot_interfaces/share/parking_robot_interfaces/action/DetectVehicle.action\n'}
[0.191531] (parking_robot_interfaces) StdoutLine: {'line': b'-- Up-to-date symlink: /home/rokey/p3/cobot_ws/install/parking_robot_interfaces/share/parking_robot_interfaces/action/AlignVehicle.action\n'}
[0.191573] (parking_robot_interfaces) StdoutLine: {'line': b'-- Up-to-date symlink: /home/rokey/p3/cobot_ws/install/parking_robot_interfaces/share/parking_robot_interfaces/action/ControlLift.action\n'}
[0.191616] (parking_robot_interfaces) StdoutLine: {'line': b'-- Up-to-date symlink: /home/rokey/p3/cobot_ws/install/parking_robot_interfaces/share/parking_robot_interfaces/action/IngressUnderTruck.action\n'}
[0.191656] (parking_robot_interfaces) StdoutLine: {'line': b'-- Up-to-date symlink: /home/rokey/p3/cobot_ws/install/parking_robot_interfaces/share/parking_robot_interfaces/action/CarryToSlot.action\n'}
[0.191707] (parking_robot_interfaces) StdoutLine: {'line': b'-- Up-to-date symlink: /home/rokey/p3/cobot_ws/install/parking_robot_interfaces/share/ament_index/resource_index/package_run_dependencies/parking_robot_interfaces\n'}
[0.191757] (parking_robot_interfaces) StdoutLine: {'line': b'-- Up-to-date symlink: /home/rokey/p3/cobot_ws/install/parking_robot_interfaces/share/ament_index/resource_index/parent_prefix_path/parking_robot_interfaces\n'}
[0.191806] (parking_robot_interfaces) StdoutLine: {'line': b'-- Up-to-date symlink: /home/rokey/p3/cobot_ws/install/parking_robot_interfaces/share/parking_robot_interfaces/environment/ament_prefix_path.sh\n'}
[0.191849] (parking_robot_interfaces) StdoutLine: {'line': b'-- Up-to-date symlink: /home/rokey/p3/cobot_ws/install/parking_robot_interfaces/share/parking_robot_interfaces/environment/ament_prefix_path.dsv\n'}
[0.191894] (parking_robot_interfaces) StdoutLine: {'line': b'-- Up-to-date symlink: /home/rokey/p3/cobot_ws/install/parking_robot_interfaces/share/parking_robot_interfaces/environment/path.sh\n'}
[0.191936] (parking_robot_interfaces) StdoutLine: {'line': b'-- Up-to-date symlink: /home/rokey/p3/cobot_ws/install/parking_robot_interfaces/share/parking_robot_interfaces/environment/path.dsv\n'}
[0.191983] (parking_robot_interfaces) StdoutLine: {'line': b'-- Up-to-date symlink: /home/rokey/p3/cobot_ws/install/parking_robot_interfaces/share/parking_robot_interfaces/local_setup.bash\n'}
[0.192027] (parking_robot_interfaces) StdoutLine: {'line': b'-- Up-to-date symlink: /home/rokey/p3/cobot_ws/install/parking_robot_interfaces/share/parking_robot_interfaces/local_setup.sh\n'}
[0.192069] (parking_robot_interfaces) StdoutLine: {'line': b'-- Up-to-date symlink: /home/rokey/p3/cobot_ws/install/parking_robot_interfaces/share/parking_robot_interfaces/local_setup.zsh\n'}
[0.192110] (parking_robot_interfaces) StdoutLine: {'line': b'-- Up-to-date symlink: /home/rokey/p3/cobot_ws/install/parking_robot_interfaces/share/parking_robot_interfaces/local_setup.dsv\n'}
[0.192142] (parking_robot_interfaces) StdoutLine: {'line': b'-- Symlinking: /home/rokey/p3/cobot_ws/install/parking_robot_interfaces/share/parking_robot_interfaces/package.dsv\n'}
[0.196379] (parking_robot_interfaces) StdoutLine: {'line': b'-- Up-to-date symlink: /home/rokey/p3/cobot_ws/install/parking_robot_interfaces/share/ament_index/resource_index/packages/parking_robot_interfaces\n'}
[0.196457] (parking_robot_interfaces) StdoutLine: {'line': b'-- Up-to-date symlink: /home/rokey/p3/cobot_ws/install/parking_robot_interfaces/share/parking_robot_interfaces/cmake/rosidl_cmake-extras.cmake\n'}
[0.196524] (parking_robot_interfaces) StdoutLine: {'line': b'-- Up-to-date symlink: /home/rokey/p3/cobot_ws/install/parking_robot_interfaces/share/parking_robot_interfaces/cmake/ament_cmake_export_dependencies-extras.cmake\n'}
[0.196547] (parking_robot_interfaces) StdoutLine: {'line': b'-- Up-to-date symlink: /home/rokey/p3/cobot_ws/install/parking_robot_interfaces/share/parking_robot_interfaces/cmake/ament_cmake_export_include_directories-extras.cmake\n'}
[0.196569] (parking_robot_interfaces) StdoutLine: {'line': b'-- Up-to-date symlink: /home/rokey/p3/cobot_ws/install/parking_robot_interfaces/share/parking_robot_interfaces/cmake/ament_cmake_export_libraries-extras.cmake\n'}
[0.196613] (parking_robot_interfaces) StdoutLine: {'line': b'-- Up-to-date symlink: /home/rokey/p3/cobot_ws/install/parking_robot_interfaces/share/parking_robot_interfaces/cmake/ament_cmake_export_targets-extras.cmake\n'}
[0.196655] (parking_robot_interfaces) StdoutLine: {'line': b'-- Up-to-date symlink: /home/rokey/p3/cobot_ws/install/parking_robot_interfaces/share/parking_robot_interfaces/cmake/rosidl_cmake_export_typesupport_targets-extras.cmake\n'}
[0.196681] (parking_robot_interfaces) StdoutLine: {'line': b'-- Up-to-date symlink: /home/rokey/p3/cobot_ws/install/parking_robot_interfaces/share/parking_robot_interfaces/cmake/rosidl_cmake_export_typesupport_libraries-extras.cmake\n'}
[0.196711] (parking_robot_interfaces) StdoutLine: {'line': b'-- Up-to-date symlink: /home/rokey/p3/cobot_ws/install/parking_robot_interfaces/share/parking_robot_interfaces/cmake/parking_robot_interfacesConfig.cmake\n'}
[0.196739] (parking_robot_interfaces) StdoutLine: {'line': b'-- Up-to-date symlink: /home/rokey/p3/cobot_ws/install/parking_robot_interfaces/share/parking_robot_interfaces/cmake/parking_robot_interfacesConfig-version.cmake\n'}
[0.196779] (parking_robot_interfaces) StdoutLine: {'line': b'-- Up-to-date symlink: /home/rokey/p3/cobot_ws/install/parking_robot_interfaces/share/parking_robot_interfaces/package.xml\n'}
[0.196881] (parking_robot_interfaces) StdoutLine: {'line': b'-- Up-to-date: /home/rokey/p3/cobot_ws/install/parking_robot_interfaces/lib/libparking_robot_interfaces__rosidl_generator_c.so\n'}
[0.197003] (parking_robot_interfaces) StdoutLine: {'line': b'-- Up-to-date: /home/rokey/p3/cobot_ws/install/parking_robot_interfaces/lib/libparking_robot_interfaces__rosidl_typesupport_fastrtps_c.so\n'}
[0.197072] (parking_robot_interfaces) StdoutLine: {'line': b'-- Up-to-date: /home/rokey/p3/cobot_ws/install/parking_robot_interfaces/lib/libparking_robot_interfaces__rosidl_typesupport_introspection_c.so\n'}
[0.197152] (parking_robot_interfaces) StdoutLine: {'line': b'-- Up-to-date: /home/rokey/p3/cobot_ws/install/parking_robot_interfaces/lib/libparking_robot_interfaces__rosidl_typesupport_c.so\n'}
[0.197234] (parking_robot_interfaces) StdoutLine: {'line': b'-- Up-to-date: /home/rokey/p3/cobot_ws/install/parking_robot_interfaces/lib/libparking_robot_interfaces__rosidl_typesupport_fastrtps_cpp.so\n'}
[0.197319] (parking_robot_interfaces) StdoutLine: {'line': b'-- Up-to-date: /home/rokey/p3/cobot_ws/install/parking_robot_interfaces/lib/libparking_robot_interfaces__rosidl_typesupport_introspection_cpp.so\n'}
[0.197401] (parking_robot_interfaces) StdoutLine: {'line': b'-- Up-to-date: /home/rokey/p3/cobot_ws/install/parking_robot_interfaces/lib/libparking_robot_interfaces__rosidl_typesupport_cpp.so\n'}
[0.200148] (-) TimerEvent: {}
[0.214676] (parking_robot_interfaces) StdoutLine: {'line': b"Listing '/home/rokey/p3/cobot_ws/install/parking_robot_interfaces/local/lib/python3.10/dist-packages/parking_robot_interfaces'...\n"}
[0.214758] (parking_robot_interfaces) StdoutLine: {'line': b"Listing '/home/rokey/p3/cobot_ws/install/parking_robot_interfaces/local/lib/python3.10/dist-packages/parking_robot_interfaces/action'...\n"}
[0.214785] (parking_robot_interfaces) StdoutLine: {'line': b"Listing '/home/rokey/p3/cobot_ws/install/parking_robot_interfaces/local/lib/python3.10/dist-packages/parking_robot_interfaces/msg'...\n"}
[0.214807] (parking_robot_interfaces) StdoutLine: {'line': b"Listing '/home/rokey/p3/cobot_ws/install/parking_robot_interfaces/local/lib/python3.10/dist-packages/parking_robot_interfaces/srv'...\n"}
[0.216591] (parking_robot_interfaces) StdoutLine: {'line': b'-- Up-to-date: /home/rokey/p3/cobot_ws/install/parking_robot_interfaces/lib/libparking_robot_interfaces__rosidl_generator_py.so\n'}
[0.216793] (parking_robot_interfaces) StdoutLine: {'line': b'-- Up-to-date: /home/rokey/p3/cobot_ws/install/parking_robot_interfaces/share/parking_robot_interfaces/cmake/export_parking_robot_interfaces__rosidl_generator_cExport.cmake\n'}
[0.216828] (parking_robot_interfaces) StdoutLine: {'line': b'-- Up-to-date: /home/rokey/p3/cobot_ws/install/parking_robot_interfaces/share/parking_robot_interfaces/cmake/export_parking_robot_interfaces__rosidl_generator_cExport-noconfig.cmake\n'}
[0.217362] (parking_robot_interfaces) StdoutLine: {'line': b'-- Up-to-date: /home/rokey/p3/cobot_ws/install/parking_robot_interfaces/share/parking_robot_interfaces/cmake/export_parking_robot_interfaces__rosidl_typesupport_fastrtps_cExport.cmake\n'}
[0.217412] (parking_robot_interfaces) StdoutLine: {'line': b'-- Up-to-date: /home/rokey/p3/cobot_ws/install/parking_robot_interfaces/share/parking_robot_interfaces/cmake/export_parking_robot_interfaces__rosidl_typesupport_fastrtps_cExport-noconfig.cmake\n'}
[0.217456] (parking_robot_interfaces) StdoutLine: {'line': b'-- Up-to-date: /home/rokey/p3/cobot_ws/install/parking_robot_interfaces/share/parking_robot_interfaces/cmake/parking_robot_interfaces__rosidl_typesupport_introspection_cExport.cmake\n'}
[0.217647] (parking_robot_interfaces) StdoutLine: {'line': b'-- Up-to-date: /home/rokey/p3/cobot_ws/install/parking_robot_interfaces/share/parking_robot_interfaces/cmake/parking_robot_interfaces__rosidl_typesupport_introspection_cExport-noconfig.cmake\n'}
[0.217810] (parking_robot_interfaces) StdoutLine: {'line': b'-- Up-to-date: /home/rokey/p3/cobot_ws/install/parking_robot_interfaces/share/parking_robot_interfaces/cmake/parking_robot_interfaces__rosidl_typesupport_cExport.cmake\n'}
[0.217835] (parking_robot_interfaces) StdoutLine: {'line': b'-- Up-to-date: /home/rokey/p3/cobot_ws/install/parking_robot_interfaces/share/parking_robot_interfaces/cmake/parking_robot_interfaces__rosidl_typesupport_cExport-noconfig.cmake\n'}
[0.217858] (parking_robot_interfaces) StdoutLine: {'line': b'-- Up-to-date: /home/rokey/p3/cobot_ws/install/parking_robot_interfaces/share/parking_robot_interfaces/cmake/export_parking_robot_interfaces__rosidl_generator_cppExport.cmake\n'}
[0.217884] (parking_robot_interfaces) StdoutLine: {'line': b'-- Up-to-date: /home/rokey/p3/cobot_ws/install/parking_robot_interfaces/share/parking_robot_interfaces/cmake/export_parking_robot_interfaces__rosidl_typesupport_fastrtps_cppExport.cmake\n'}
[0.217906] (parking_robot_interfaces) StdoutLine: {'line': b'-- Up-to-date: /home/rokey/p3/cobot_ws/install/parking_robot_interfaces/share/parking_robot_interfaces/cmake/export_parking_robot_interfaces__rosidl_typesupport_fastrtps_cppExport-noconfig.cmake\n'}
[0.217982] (parking_robot_interfaces) StdoutLine: {'line': b'-- Up-to-date: /home/rokey/p3/cobot_ws/install/parking_robot_interfaces/share/parking_robot_interfaces/cmake/parking_robot_interfaces__rosidl_typesupport_introspection_cppExport.cmake\n'}
[0.218012] (parking_robot_interfaces) StdoutLine: {'line': b'-- Up-to-date: /home/rokey/p3/cobot_ws/install/parking_robot_interfaces/share/parking_robot_interfaces/cmake/parking_robot_interfaces__rosidl_typesupport_introspection_cppExport-noconfig.cmake\n'}
[0.218033] (parking_robot_interfaces) StdoutLine: {'line': b'-- Up-to-date: /home/rokey/p3/cobot_ws/install/parking_robot_interfaces/share/parking_robot_interfaces/cmake/parking_robot_interfaces__rosidl_typesupport_cppExport.cmake\n'}
[0.218054] (parking_robot_interfaces) StdoutLine: {'line': b'-- Up-to-date: /home/rokey/p3/cobot_ws/install/parking_robot_interfaces/share/parking_robot_interfaces/cmake/parking_robot_interfaces__rosidl_typesupport_cppExport-noconfig.cmake\n'}
[0.218073] (parking_robot_interfaces) StdoutLine: {'line': b'-- Up-to-date: /home/rokey/p3/cobot_ws/install/parking_robot_interfaces/share/parking_robot_interfaces/cmake/export_parking_robot_interfaces__rosidl_generator_pyExport.cmake\n'}
[0.218093] (parking_robot_interfaces) StdoutLine: {'line': b'-- Up-to-date: /home/rokey/p3/cobot_ws/install/parking_robot_interfaces/share/parking_robot_interfaces/cmake/export_parking_robot_interfaces__rosidl_generator_pyExport-noconfig.cmake\n'}
[0.218113] (parking_robot_interfaces) CommandEnded: {'returncode': 0}
[0.226389] (parking_robot_interfaces) JobEnded: {'identifier': 'parking_robot_interfaces', 'rc': 0}
[0.226558] (parkbot_motion) JobStarted: {'identifier': 'parkbot_motion'}
[0.300494] (-) TimerEvent: {}
[0.330225] (parkbot_aruco) Command: {'cmd': ['/usr/bin/python3', '-W', 'ignore:setup.py install is deprecated', '-W', 'ignore:easy_install command is deprecated', 'setup.py', 'develop', '--uninstall', '--editable', '--build-directory', '/home/rokey/p3/cobot_ws/build/parkbot_aruco/build'], 'cwd': '/home/rokey/p3/cobot_ws/build/parkbot_aruco', 'env': {'GJS_DEBUG_TOPICS': 'JS ERROR;JS LOG', 'LESSOPEN': '| /usr/bin/lesspipe %s', 'LANGUAGE': 'ko:en', 'USER': 'rokey', 'LC_TIME': 'ko_KR.UTF-8', 'XDG_SESSION_TYPE': 'x11', 'SHLVL': '1', 'LD_LIBRARY_PATH': '/home/rokey/p3/cobot_ws/install/parking_robot_interfaces/lib:/opt/ros/humble/opt/rviz_ogre_vendor/lib:/opt/ros/humble/lib/x86_64-linux-gnu:/opt/ros/humble/lib', 'HOME': '/home/rokey', 'DESKTOP_SESSION': 'ubuntu', 'NVM_BIN': '/home/rokey/.nvm/versions/node/v24.18.0/bin', 'NVM_INC': '/home/rokey/.nvm/versions/node/v24.18.0/include/node', 'GIO_LAUNCHED_DESKTOP_FILE': '/usr/share/applications/terminator.desktop', 'ROS_PYTHON_VERSION': '3', 'GNOME_SHELL_SESSION_MODE': 'ubuntu', 'GTK_MODULES': 'gail:atk-bridge', 'LC_MONETARY': 'ko_KR.UTF-8', 'MANAGERPID': '2176', 'SYSTEMD_EXEC_PID': '2531', 'DBUS_SESSION_BUS_ADDRESS': 'unix:path=/run/user/1000/bus', 'COLORTERM': 'truecolor', 'TERMINATOR_DBUS_NAME': 'net.tenshu.Terminator23558193cd9818af7fe4d2c2f5bd9d00f', 'GIO_LAUNCHED_DESKTOP_FILE_PID': '6581', 'NVM_DIR': '/home/rokey/.nvm', 'COLCON_PREFIX_PATH': '/home/rokey/p3/cobot_ws/install', 'ROS_DISTRO': 'humble', 'GTK_IM_MODULE': 'ibus', 'LOGNAME': 'rokey', 'JOURNAL_STREAM': '8:25857', '_': '/usr/bin/colcon', 'ROS_VERSION': '2', 'XDG_SESSION_CLASS': 'user', 'USERNAME': 'rokey', 'TERM': 'xterm-256color', 'GNOME_DESKTOP_SESSION_ID': 'this-is-deprecated', 'ROS_LOCALHOST_ONLY': '0', 'WINDOWPATH': '2', 'PATH': '/home/rokey/.nvm/versions/node/v24.18.0/bin:/opt/ros/humble/bin:/home/rokey/.local/bin:/usr/local/sbin:/usr/local/bin:/usr/sbin:/usr/bin:/sbin:/bin:/usr/games:/usr/local/games:/snap/bin:/snap/bin', 'SESSION_MANAGER': 'local/IsaacSim09:@/tmp/.ICE-unix/2507,unix/IsaacSim09:/tmp/.ICE-unix/2507', 'FASTRTPS_DEFAULT_PROFILES_FILE': '/home/rokey/.ros/fastdds_wired.xml', 'INVOCATION_ID': 'bf491cbed05e49b3ae06854c70296156', 'PAPERSIZE': 'a4', 'XDG_MENU_PREFIX': 'gnome-', 'LC_ADDRESS': 'ko_KR.UTF-8', 'XDG_RUNTIME_DIR': '/run/user/1000', 'DISPLAY': ':1', 'TERMINATOR_DBUS_PATH': '/net/tenshu/Terminator2', 'LANG': 'ko_KR.UTF-8', 'XDG_CURRENT_DESKTOP': 'ubuntu:GNOME', 'IBUS_DISABLE_SNOOPER': '1', 'LC_TELEPHONE': 'ko_KR.UTF-8', 'RMW_IMPLEMENTATION': 'rmw_fastrtps_cpp', 'XMODIFIERS': '@im=ibus', 'XDG_SESSION_DESKTOP': 'ubuntu', 'XAUTHORITY': '/run/user/1000/gdm/Xauthority', 'LS_COLORS': 'rs=0:di=01;34:ln=01;36:mh=00:pi=40;33:so=01;35:do=01;35:bd=40;33;01:cd=40;33;01:or=40;31;01:mi=00:su=37;41:sg=30;43:ca=30;41:tw=30;42:ow=34;42:st=37;44:ex=01;32:*.tar=01;31:*.tgz=01;31:*.arc=01;31:*.arj=01;31:*.taz=01;31:*.lha=01;31:*.lz4=01;31:*.lzh=01;31:*.lzma=01;31:*.tlz=01;31:*.txz=01;31:*.tzo=01;31:*.t7z=01;31:*.zip=01;31:*.z=01;31:*.dz=01;31:*.gz=01;31:*.lrz=01;31:*.lz=01;31:*.lzo=01;31:*.xz=01;31:*.zst=01;31:*.tzst=01;31:*.bz2=01;31:*.bz=01;31:*.tbz=01;31:*.tbz2=01;31:*.tz=01;31:*.deb=01;31:*.rpm=01;31:*.jar=01;31:*.war=01;31:*.ear=01;31:*.sar=01;31:*.rar=01;31:*.alz=01;31:*.ace=01;31:*.zoo=01;31:*.cpio=01;31:*.7z=01;31:*.rz=01;31:*.cab=01;31:*.wim=01;31:*.swm=01;31:*.dwm=01;31:*.esd=01;31:*.jpg=01;35:*.jpeg=01;35:*.mjpg=01;35:*.mjpeg=01;35:*.gif=01;35:*.bmp=01;35:*.pbm=01;35:*.pgm=01;35:*.ppm=01;35:*.tga=01;35:*.xbm=01;35:*.xpm=01;35:*.tif=01;35:*.tiff=01;35:*.png=01;35:*.svg=01;35:*.svgz=01;35:*.mng=01;35:*.pcx=01;35:*.mov=01;35:*.mpg=01;35:*.mpeg=01;35:*.m2v=01;35:*.mkv=01;35:*.webm=01;35:*.webp=01;35:*.ogm=01;35:*.mp4=01;35:*.m4v=01;35:*.mp4v=01;35:*.vob=01;35:*.qt=01;35:*.nuv=01;35:*.wmv=01;35:*.asf=01;35:*.rm=01;35:*.rmvb=01;35:*.flc=01;35:*.avi=01;35:*.fli=01;35:*.flv=01;35:*.gl=01;35:*.dl=01;35:*.xcf=01;35:*.xwd=01;35:*.yuv=01;35:*.cgm=01;35:*.emf=01;35:*.ogv=01;35:*.ogx=01;35:*.aac=00;36:*.au=00;36:*.flac=00;36:*.m4a=00;36:*.mid=00;36:*.midi=00;36:*.mka=00;36:*.mp3=00;36:*.mpc=00;36:*.ogg=00;36:*.ra=00;36:*.wav=00;36:*.oga=00;36:*.opus=00;36:*.spx=00;36:*.xspf=00;36:', 'SSH_AGENT_LAUNCHER': 'gnome-keyring', 'SSH_AUTH_SOCK': '/run/user/1000/keyring/ssh', 'ROS_DOMAIN_ID': '126', 'AMENT_PREFIX_PATH': '/home/rokey/p3/cobot_ws/install/parking_robot_system:/home/rokey/p3/cobot_ws/install/parkbot_motion:/home/rokey/p3/cobot_ws/install/parking_robot_interfaces:/home/rokey/p3/cobot_ws/install/parkbot_aruco:/opt/ros/humble', 'SHELL': '/bin/bash', 'LC_NAME': 'ko_KR.UTF-8', 'TERMINATOR_UUID': 'urn:uuid:2c331d05-32be-4747-bf0e-946a17a76549', 'QT_ACCESSIBILITY': '1', 'GDMSESSION': 'ubuntu', 'LESSCLOSE': '/usr/bin/lesspipe %s %s', 'LC_MEASUREMENT': 'ko_KR.UTF-8', 'GPG_AGENT_INFO': '/run/user/1000/gnupg/S.gpg-agent:0:1', 'GJS_DEBUG_OUTPUT': 'stderr', 'LC_IDENTIFICATION': 'ko_KR.UTF-8', 'QT_IM_MODULE': 'ibus', 'PWD': '/home/rokey/p3/cobot_ws/build/parkbot_aruco', 'LC_ALL': 'en_US.UTF-8', 'XDG_CONFIG_DIRS': '/etc/xdg/xdg-ubuntu:/etc/xdg', 'NVM_CD_FLAGS': '', 'XDG_DATA_DIRS': '/usr/share/ubuntu:/usr/share/gnome:/home/rokey/.local/share/flatpak/exports/share:/var/lib/flatpak/exports/share:/usr/local/share/:/usr/share/:/var/lib/snapd/desktop', 'PYTHONPATH': '/home/rokey/p3/cobot_ws/build/parkbot_aruco/prefix_override:/usr/lib/python3/dist-packages/colcon_core/task/python/colcon_distutils_commands:/home/rokey/p3/cobot_ws/install/parkbot_aruco/lib/python3.10/site-packages:/home/rokey/p3/cobot_ws/build/parking_robot_system:/home/rokey/p3/cobot_ws/install/parking_robot_system/lib/python3.10/site-packages:/home/rokey/p3/cobot_ws/build/parkbot_motion:/home/rokey/p3/cobot_ws/install/parkbot_motion/lib/python3.10/site-packages:/home/rokey/p3/cobot_ws/install/parking_robot_interfaces/local/lib/python3.10/dist-packages:/home/rokey/p3/cobot_ws/build/parkbot_aruco:/home/rokey/p3/cobot_ws/install/parkbot_aruco/lib/python3.10/site-packages:/opt/ros/humble/lib/python3.10/site-packages:/opt/ros/humble/local/lib/python3.10/dist-packages', 'LC_NUMERIC': 'ko_KR.UTF-8', 'LC_PAPER': 'ko_KR.UTF-8', 'COLCON': '1', 'VTE_VERSION': '6800', 'CMAKE_PREFIX_PATH': '/home/rokey/p3/cobot_ws/install/parking_robot_interfaces'}, 'shell': False}
[0.401062] (-) TimerEvent: {}
[0.427632] (parkbot_aruco) StdoutLine: {'line': b'running develop\n'}
[0.461840] (parkbot_motion) Command: {'cmd': ['/usr/bin/python3', '-W', 'ignore:setup.py install is deprecated', '-W', 'ignore:easy_install command is deprecated', 'setup.py', 'develop', '--uninstall', '--editable', '--build-directory', '/home/rokey/p3/cobot_ws/build/parkbot_motion/build'], 'cwd': '/home/rokey/p3/cobot_ws/build/parkbot_motion', 'env': {'GJS_DEBUG_TOPICS': 'JS ERROR;JS LOG', 'LESSOPEN': '| /usr/bin/lesspipe %s', 'LANGUAGE': 'ko:en', 'USER': 'rokey', 'LC_TIME': 'ko_KR.UTF-8', 'XDG_SESSION_TYPE': 'x11', 'SHLVL': '1', 'LD_LIBRARY_PATH': '/home/rokey/p3/cobot_ws/install/parking_robot_interfaces/lib:/opt/ros/humble/opt/rviz_ogre_vendor/lib:/opt/ros/humble/lib/x86_64-linux-gnu:/opt/ros/humble/lib', 'HOME': '/home/rokey', 'DESKTOP_SESSION': 'ubuntu', 'NVM_BIN': '/home/rokey/.nvm/versions/node/v24.18.0/bin', 'NVM_INC': '/home/rokey/.nvm/versions/node/v24.18.0/include/node', 'GIO_LAUNCHED_DESKTOP_FILE': '/usr/share/applications/terminator.desktop', 'ROS_PYTHON_VERSION': '3', 'GNOME_SHELL_SESSION_MODE': 'ubuntu', 'GTK_MODULES': 'gail:atk-bridge', 'LC_MONETARY': 'ko_KR.UTF-8', 'MANAGERPID': '2176', 'SYSTEMD_EXEC_PID': '2531', 'DBUS_SESSION_BUS_ADDRESS': 'unix:path=/run/user/1000/bus', 'COLORTERM': 'truecolor', 'TERMINATOR_DBUS_NAME': 'net.tenshu.Terminator23558193cd9818af7fe4d2c2f5bd9d00f', 'GIO_LAUNCHED_DESKTOP_FILE_PID': '6581', 'NVM_DIR': '/home/rokey/.nvm', 'COLCON_PREFIX_PATH': '/home/rokey/p3/cobot_ws/install', 'ROS_DISTRO': 'humble', 'GTK_IM_MODULE': 'ibus', 'LOGNAME': 'rokey', 'JOURNAL_STREAM': '8:25857', '_': '/usr/bin/colcon', 'ROS_VERSION': '2', 'XDG_SESSION_CLASS': 'user', 'USERNAME': 'rokey', 'TERM': 'xterm-256color', 'GNOME_DESKTOP_SESSION_ID': 'this-is-deprecated', 'ROS_LOCALHOST_ONLY': '0', 'WINDOWPATH': '2', 'PATH': '/home/rokey/.nvm/versions/node/v24.18.0/bin:/opt/ros/humble/bin:/home/rokey/.local/bin:/usr/local/sbin:/usr/local/bin:/usr/sbin:/usr/bin:/sbin:/bin:/usr/games:/usr/local/games:/snap/bin:/snap/bin', 'SESSION_MANAGER': 'local/IsaacSim09:@/tmp/.ICE-unix/2507,unix/IsaacSim09:/tmp/.ICE-unix/2507', 'FASTRTPS_DEFAULT_PROFILES_FILE': '/home/rokey/.ros/fastdds_wired.xml', 'INVOCATION_ID': 'bf491cbed05e49b3ae06854c70296156', 'PAPERSIZE': 'a4', 'XDG_MENU_PREFIX': 'gnome-', 'LC_ADDRESS': 'ko_KR.UTF-8', 'XDG_RUNTIME_DIR': '/run/user/1000', 'DISPLAY': ':1', 'TERMINATOR_DBUS_PATH': '/net/tenshu/Terminator2', 'LANG': 'ko_KR.UTF-8', 'XDG_CURRENT_DESKTOP': 'ubuntu:GNOME', 'IBUS_DISABLE_SNOOPER': '1', 'LC_TELEPHONE': 'ko_KR.UTF-8', 'RMW_IMPLEMENTATION': 'rmw_fastrtps_cpp', 'XMODIFIERS': '@im=ibus', 'XDG_SESSION_DESKTOP': 'ubuntu', 'XAUTHORITY': '/run/user/1000/gdm/Xauthority', 'LS_COLORS': 'rs=0:di=01;34:ln=01;36:mh=00:pi=40;33:so=01;35:do=01;35:bd=40;33;01:cd=40;33;01:or=40;31;01:mi=00:su=37;41:sg=30;43:ca=30;41:tw=30;42:ow=34;42:st=37;44:ex=01;32:*.tar=01;31:*.tgz=01;31:*.arc=01;31:*.arj=01;31:*.taz=01;31:*.lha=01;31:*.lz4=01;31:*.lzh=01;31:*.lzma=01;31:*.tlz=01;31:*.txz=01;31:*.tzo=01;31:*.t7z=01;31:*.zip=01;31:*.z=01;31:*.dz=01;31:*.gz=01;31:*.lrz=01;31:*.lz=01;31:*.lzo=01;31:*.xz=01;31:*.zst=01;31:*.tzst=01;31:*.bz2=01;31:*.bz=01;31:*.tbz=01;31:*.tbz2=01;31:*.tz=01;31:*.deb=01;31:*.rpm=01;31:*.jar=01;31:*.war=01;31:*.ear=01;31:*.sar=01;31:*.rar=01;31:*.alz=01;31:*.ace=01;31:*.zoo=01;31:*.cpio=01;31:*.7z=01;31:*.rz=01;31:*.cab=01;31:*.wim=01;31:*.swm=01;31:*.dwm=01;31:*.esd=01;31:*.jpg=01;35:*.jpeg=01;35:*.mjpg=01;35:*.mjpeg=01;35:*.gif=01;35:*.bmp=01;35:*.pbm=01;35:*.pgm=01;35:*.ppm=01;35:*.tga=01;35:*.xbm=01;35:*.xpm=01;35:*.tif=01;35:*.tiff=01;35:*.png=01;35:*.svg=01;35:*.svgz=01;35:*.mng=01;35:*.pcx=01;35:*.mov=01;35:*.mpg=01;35:*.mpeg=01;35:*.m2v=01;35:*.mkv=01;35:*.webm=01;35:*.webp=01;35:*.ogm=01;35:*.mp4=01;35:*.m4v=01;35:*.mp4v=01;35:*.vob=01;35:*.qt=01;35:*.nuv=01;35:*.wmv=01;35:*.asf=01;35:*.rm=01;35:*.rmvb=01;35:*.flc=01;35:*.avi=01;35:*.fli=01;35:*.flv=01;35:*.gl=01;35:*.dl=01;35:*.xcf=01;35:*.xwd=01;35:*.yuv=01;35:*.cgm=01;35:*.emf=01;35:*.ogv=01;35:*.ogx=01;35:*.aac=00;36:*.au=00;36:*.flac=00;36:*.m4a=00;36:*.mid=00;36:*.midi=00;36:*.mka=00;36:*.mp3=00;36:*.mpc=00;36:*.ogg=00;36:*.ra=00;36:*.wav=00;36:*.oga=00;36:*.opus=00;36:*.spx=00;36:*.xspf=00;36:', 'SSH_AGENT_LAUNCHER': 'gnome-keyring', 'SSH_AUTH_SOCK': '/run/user/1000/keyring/ssh', 'ROS_DOMAIN_ID': '126', 'AMENT_PREFIX_PATH': '/home/rokey/p3/cobot_ws/install/parking_robot_system:/home/rokey/p3/cobot_ws/install/parkbot_motion:/home/rokey/p3/cobot_ws/install/parking_robot_interfaces:/home/rokey/p3/cobot_ws/install/parkbot_aruco:/opt/ros/humble', 'SHELL': '/bin/bash', 'LC_NAME': 'ko_KR.UTF-8', 'TERMINATOR_UUID': 'urn:uuid:2c331d05-32be-4747-bf0e-946a17a76549', 'QT_ACCESSIBILITY': '1', 'GDMSESSION': 'ubuntu', 'LESSCLOSE': '/usr/bin/lesspipe %s %s', 'LC_MEASUREMENT': 'ko_KR.UTF-8', 'GPG_AGENT_INFO': '/run/user/1000/gnupg/S.gpg-agent:0:1', 'GJS_DEBUG_OUTPUT': 'stderr', 'LC_IDENTIFICATION': 'ko_KR.UTF-8', 'QT_IM_MODULE': 'ibus', 'PWD': '/home/rokey/p3/cobot_ws/build/parkbot_motion', 'LC_ALL': 'en_US.UTF-8', 'XDG_CONFIG_DIRS': '/etc/xdg/xdg-ubuntu:/etc/xdg', 'NVM_CD_FLAGS': '', 'XDG_DATA_DIRS': '/usr/share/ubuntu:/usr/share/gnome:/home/rokey/.local/share/flatpak/exports/share:/var/lib/flatpak/exports/share:/usr/local/share/:/usr/share/:/var/lib/snapd/desktop', 'PYTHONPATH': '/home/rokey/p3/cobot_ws/build/parkbot_motion/prefix_override:/usr/lib/python3/dist-packages/colcon_core/task/python/colcon_distutils_commands:/home/rokey/p3/cobot_ws/install/parkbot_motion/lib/python3.10/site-packages:/home/rokey/p3/cobot_ws/build/parking_robot_system:/home/rokey/p3/cobot_ws/install/parking_robot_system/lib/python3.10/site-packages:/home/rokey/p3/cobot_ws/build/parkbot_motion:/home/rokey/p3/cobot_ws/install/parkbot_motion/lib/python3.10/site-packages:/home/rokey/p3/cobot_ws/install/parking_robot_interfaces/local/lib/python3.10/dist-packages:/home/rokey/p3/cobot_ws/build/parkbot_aruco:/home/rokey/p3/cobot_ws/install/parkbot_aruco/lib/python3.10/site-packages:/opt/ros/humble/lib/python3.10/site-packages:/opt/ros/humble/local/lib/python3.10/dist-packages', 'LC_NUMERIC': 'ko_KR.UTF-8', 'LC_PAPER': 'ko_KR.UTF-8', 'COLCON': '1', 'VTE_VERSION': '6800', 'CMAKE_PREFIX_PATH': '/home/rokey/p3/cobot_ws/install/parking_robot_interfaces'}, 'shell': False}
[0.481235] (parkbot_aruco) StdoutLine: {'line': b'Removing /home/rokey/p3/cobot_ws/install/parkbot_aruco/lib/python3.10/site-packages/parkbot-aruco.egg-link (link to .)\n'}
[0.493925] (parkbot_aruco) CommandEnded: {'returncode': 0}
[0.494907] (parkbot_aruco) Command: {'cmd': ['/usr/bin/python3', '-W', 'ignore:setup.py install is deprecated', '-W', 'ignore:easy_install command is deprecated', 'setup.py', 'egg_info', '--egg-base', '../../build/parkbot_aruco', 'build', '--build-base', '/home/rokey/p3/cobot_ws/build/parkbot_aruco/build', 'install', '--record', '/home/rokey/p3/cobot_ws/build/parkbot_aruco/install.log', '--install-scripts', '$base/lib/parkbot_aruco', '--single-version-externally-managed', 'install_data', '--force'], 'cwd': '/home/rokey/p3/cobot_ws/src/parkbot_aruco', 'env': {'GJS_DEBUG_TOPICS': 'JS ERROR;JS LOG', 'LESSOPEN': '| /usr/bin/lesspipe %s', 'LANGUAGE': 'ko:en', 'USER': 'rokey', 'LC_TIME': 'ko_KR.UTF-8', 'XDG_SESSION_TYPE': 'x11', 'SHLVL': '1', 'LD_LIBRARY_PATH': '/home/rokey/p3/cobot_ws/install/parking_robot_interfaces/lib:/opt/ros/humble/opt/rviz_ogre_vendor/lib:/opt/ros/humble/lib/x86_64-linux-gnu:/opt/ros/humble/lib', 'HOME': '/home/rokey', 'DESKTOP_SESSION': 'ubuntu', 'NVM_BIN': '/home/rokey/.nvm/versions/node/v24.18.0/bin', 'NVM_INC': '/home/rokey/.nvm/versions/node/v24.18.0/include/node', 'GIO_LAUNCHED_DESKTOP_FILE': '/usr/share/applications/terminator.desktop', 'ROS_PYTHON_VERSION': '3', 'GNOME_SHELL_SESSION_MODE': 'ubuntu', 'GTK_MODULES': 'gail:atk-bridge', 'LC_MONETARY': 'ko_KR.UTF-8', 'MANAGERPID': '2176', 'SYSTEMD_EXEC_PID': '2531', 'DBUS_SESSION_BUS_ADDRESS': 'unix:path=/run/user/1000/bus', 'COLORTERM': 'truecolor', 'TERMINATOR_DBUS_NAME': 'net.tenshu.Terminator23558193cd9818af7fe4d2c2f5bd9d00f', 'GIO_LAUNCHED_DESKTOP_FILE_PID': '6581', 'NVM_DIR': '/home/rokey/.nvm', 'COLCON_PREFIX_PATH': '/home/rokey/p3/cobot_ws/install', 'ROS_DISTRO': 'humble', 'GTK_IM_MODULE': 'ibus', 'LOGNAME': 'rokey', 'JOURNAL_STREAM': '8:25857', '_': '/usr/bin/colcon', 'ROS_VERSION': '2', 'XDG_SESSION_CLASS': 'user', 'USERNAME': 'rokey', 'TERM': 'xterm-256color', 'GNOME_DESKTOP_SESSION_ID': 'this-is-deprecated', 'ROS_LOCALHOST_ONLY': '0', 'WINDOWPATH': '2', 'PATH': '/home/rokey/.nvm/versions/node/v24.18.0/bin:/opt/ros/humble/bin:/home/rokey/.local/bin:/usr/local/sbin:/usr/local/bin:/usr/sbin:/usr/bin:/sbin:/bin:/usr/games:/usr/local/games:/snap/bin:/snap/bin', 'SESSION_MANAGER': 'local/IsaacSim09:@/tmp/.ICE-unix/2507,unix/IsaacSim09:/tmp/.ICE-unix/2507', 'FASTRTPS_DEFAULT_PROFILES_FILE': '/home/rokey/.ros/fastdds_wired.xml', 'INVOCATION_ID': 'bf491cbed05e49b3ae06854c70296156', 'PAPERSIZE': 'a4', 'XDG_MENU_PREFIX': 'gnome-', 'LC_ADDRESS': 'ko_KR.UTF-8', 'XDG_RUNTIME_DIR': '/run/user/1000', 'DISPLAY': ':1', 'TERMINATOR_DBUS_PATH': '/net/tenshu/Terminator2', 'LANG': 'ko_KR.UTF-8', 'XDG_CURRENT_DESKTOP': 'ubuntu:GNOME', 'IBUS_DISABLE_SNOOPER': '1', 'LC_TELEPHONE': 'ko_KR.UTF-8', 'RMW_IMPLEMENTATION': 'rmw_fastrtps_cpp', 'XMODIFIERS': '@im=ibus', 'XDG_SESSION_DESKTOP': 'ubuntu', 'XAUTHORITY': '/run/user/1000/gdm/Xauthority', 'LS_COLORS': 'rs=0:di=01;34:ln=01;36:mh=00:pi=40;33:so=01;35:do=01;35:bd=40;33;01:cd=40;33;01:or=40;31;01:mi=00:su=37;41:sg=30;43:ca=30;41:tw=30;42:ow=34;42:st=37;44:ex=01;32:*.tar=01;31:*.tgz=01;31:*.arc=01;31:*.arj=01;31:*.taz=01;31:*.lha=01;31:*.lz4=01;31:*.lzh=01;31:*.lzma=01;31:*.tlz=01;31:*.txz=01;31:*.tzo=01;31:*.t7z=01;31:*.zip=01;31:*.z=01;31:*.dz=01;31:*.gz=01;31:*.lrz=01;31:*.lz=01;31:*.lzo=01;31:*.xz=01;31:*.zst=01;31:*.tzst=01;31:*.bz2=01;31:*.bz=01;31:*.tbz=01;31:*.tbz2=01;31:*.tz=01;31:*.deb=01;31:*.rpm=01;31:*.jar=01;31:*.war=01;31:*.ear=01;31:*.sar=01;31:*.rar=01;31:*.alz=01;31:*.ace=01;31:*.zoo=01;31:*.cpio=01;31:*.7z=01;31:*.rz=01;31:*.cab=01;31:*.wim=01;31:*.swm=01;31:*.dwm=01;31:*.esd=01;31:*.jpg=01;35:*.jpeg=01;35:*.mjpg=01;35:*.mjpeg=01;35:*.gif=01;35:*.bmp=01;35:*.pbm=01;35:*.pgm=01;35:*.ppm=01;35:*.tga=01;35:*.xbm=01;35:*.xpm=01;35:*.tif=01;35:*.tiff=01;35:*.png=01;35:*.svg=01;35:*.svgz=01;35:*.mng=01;35:*.pcx=01;35:*.mov=01;35:*.mpg=01;35:*.mpeg=01;35:*.m2v=01;35:*.mkv=01;35:*.webm=01;35:*.webp=01;35:*.ogm=01;35:*.mp4=01;35:*.m4v=01;35:*.mp4v=01;35:*.vob=01;35:*.qt=01;35:*.nuv=01;35:*.wmv=01;35:*.asf=01;35:*.rm=01;35:*.rmvb=01;35:*.flc=01;35:*.avi=01;35:*.fli=01;35:*.flv=01;35:*.gl=01;35:*.dl=01;35:*.xcf=01;35:*.xwd=01;35:*.yuv=01;35:*.cgm=01;35:*.emf=01;35:*.ogv=01;35:*.ogx=01;35:*.aac=00;36:*.au=00;36:*.flac=00;36:*.m4a=00;36:*.mid=00;36:*.midi=00;36:*.mka=00;36:*.mp3=00;36:*.mpc=00;36:*.ogg=00;36:*.ra=00;36:*.wav=00;36:*.oga=00;36:*.opus=00;36:*.spx=00;36:*.xspf=00;36:', 'SSH_AGENT_LAUNCHER': 'gnome-keyring', 'SSH_AUTH_SOCK': '/run/user/1000/keyring/ssh', 'ROS_DOMAIN_ID': '126', 'AMENT_PREFIX_PATH': '/home/rokey/p3/cobot_ws/install/parking_robot_system:/home/rokey/p3/cobot_ws/install/parkbot_motion:/home/rokey/p3/cobot_ws/install/parking_robot_interfaces:/home/rokey/p3/cobot_ws/install/parkbot_aruco:/opt/ros/humble', 'SHELL': '/bin/bash', 'LC_NAME': 'ko_KR.UTF-8', 'TERMINATOR_UUID': 'urn:uuid:2c331d05-32be-4747-bf0e-946a17a76549', 'QT_ACCESSIBILITY': '1', 'GDMSESSION': 'ubuntu', 'LESSCLOSE': '/usr/bin/lesspipe %s %s', 'LC_MEASUREMENT': 'ko_KR.UTF-8', 'GPG_AGENT_INFO': '/run/user/1000/gnupg/S.gpg-agent:0:1', 'GJS_DEBUG_OUTPUT': 'stderr', 'LC_IDENTIFICATION': 'ko_KR.UTF-8', 'QT_IM_MODULE': 'ibus', 'PWD': '/home/rokey/p3/cobot_ws/build/parkbot_aruco', 'LC_ALL': 'en_US.UTF-8', 'XDG_CONFIG_DIRS': '/etc/xdg/xdg-ubuntu:/etc/xdg', 'NVM_CD_FLAGS': '', 'XDG_DATA_DIRS': '/usr/share/ubuntu:/usr/share/gnome:/home/rokey/.local/share/flatpak/exports/share:/var/lib/flatpak/exports/share:/usr/local/share/:/usr/share/:/var/lib/snapd/desktop', 'PYTHONPATH': '/home/rokey/p3/cobot_ws/build/parkbot_aruco/prefix_override:/usr/lib/python3/dist-packages/colcon_core/task/python/colcon_distutils_commands:/home/rokey/p3/cobot_ws/install/parkbot_aruco/lib/python3.10/site-packages:/home/rokey/p3/cobot_ws/build/parking_robot_system:/home/rokey/p3/cobot_ws/install/parking_robot_system/lib/python3.10/site-packages:/home/rokey/p3/cobot_ws/build/parkbot_motion:/home/rokey/p3/cobot_ws/install/parkbot_motion/lib/python3.10/site-packages:/home/rokey/p3/cobot_ws/install/parking_robot_interfaces/local/lib/python3.10/dist-packages:/home/rokey/p3/cobot_ws/build/parkbot_aruco:/home/rokey/p3/cobot_ws/install/parkbot_aruco/lib/python3.10/site-packages:/opt/ros/humble/lib/python3.10/site-packages:/opt/ros/humble/local/lib/python3.10/dist-packages', 'LC_NUMERIC': 'ko_KR.UTF-8', 'LC_PAPER': 'ko_KR.UTF-8', 'COLCON': '1', 'VTE_VERSION': '6800', 'CMAKE_PREFIX_PATH': '/home/rokey/p3/cobot_ws/install/parking_robot_interfaces'}, 'shell': False}
[0.501124] (-) TimerEvent: {}
[0.562261] (parkbot_motion) StdoutLine: {'line': b'running develop\n'}
[0.584807] (parkbot_aruco) StdoutLine: {'line': b'running egg_info\n'}
[0.584954] (parkbot_aruco) StdoutLine: {'line': b'writing ../../build/parkbot_aruco/parkbot_aruco.egg-info/PKG-INFO\n'}
[0.585030] (parkbot_aruco) StdoutLine: {'line': b'writing dependency_links to ../../build/parkbot_aruco/parkbot_aruco.egg-info/dependency_links.txt\n'}
[0.585073] (parkbot_aruco) StdoutLine: {'line': b'writing entry points to ../../build/parkbot_aruco/parkbot_aruco.egg-info/entry_points.txt\n'}
[0.585323] (parkbot_aruco) StdoutLine: {'line': b'writing requirements to ../../build/parkbot_aruco/parkbot_aruco.egg-info/requires.txt\n'}
[0.585399] (parkbot_aruco) StdoutLine: {'line': b'writing top-level names to ../../build/parkbot_aruco/parkbot_aruco.egg-info/top_level.txt\n'}
[0.585934] (parkbot_aruco) StdoutLine: {'line': b"reading manifest file '../../build/parkbot_aruco/parkbot_aruco.egg-info/SOURCES.txt'\n"}
[0.586043] (parkbot_aruco) StdoutLine: {'line': b"writing manifest file '../../build/parkbot_aruco/parkbot_aruco.egg-info/SOURCES.txt'\n"}
[0.586120] (parkbot_aruco) StdoutLine: {'line': b'running build\n'}
[0.586173] (parkbot_aruco) StdoutLine: {'line': b'running build_py\n'}
[0.586234] (parkbot_aruco) StdoutLine: {'line': b'copying parkbot_aruco/marker_localizer_node.py -> /home/rokey/p3/cobot_ws/build/parkbot_aruco/build/lib/parkbot_aruco\n'}
[0.586281] (parkbot_aruco) StdoutLine: {'line': b'copying parkbot_aruco/marker_localizer.py -> /home/rokey/p3/cobot_ws/build/parkbot_aruco/build/lib/parkbot_aruco\n'}
[0.586385] (parkbot_aruco) StdoutLine: {'line': b'running install\n'}
[0.586516] (parkbot_aruco) StdoutLine: {'line': b'running install_lib\n'}
[0.587145] (parkbot_aruco) StdoutLine: {'line': b'creating /home/rokey/p3/cobot_ws/install/parkbot_aruco/lib/python3.10/site-packages/parkbot_aruco\n'}
[0.587200] (parkbot_aruco) StdoutLine: {'line': b'copying /home/rokey/p3/cobot_ws/build/parkbot_aruco/build/lib/parkbot_aruco/aruco_detector.py -> /home/rokey/p3/cobot_ws/install/parkbot_aruco/lib/python3.10/site-packages/parkbot_aruco\n'}
[0.587320] (parkbot_aruco) StdoutLine: {'line': b'copying /home/rokey/p3/cobot_ws/build/parkbot_aruco/build/lib/parkbot_aruco/marker_localizer_node.py -> /home/rokey/p3/cobot_ws/install/parkbot_aruco/lib/python3.10/site-packages/parkbot_aruco\n'}
[0.587349] (parkbot_aruco) StdoutLine: {'line': b'copying /home/rokey/p3/cobot_ws/build/parkbot_aruco/build/lib/parkbot_aruco/site_map_v4.py -> /home/rokey/p3/cobot_ws/install/parkbot_aruco/lib/python3.10/site-packages/parkbot_aruco\n'}
[0.587369] (parkbot_aruco) StdoutLine: {'line': b'copying /home/rokey/p3/cobot_ws/build/parkbot_aruco/build/lib/parkbot_aruco/marker_localizer.py -> /home/rokey/p3/cobot_ws/install/parkbot_aruco/lib/python3.10/site-packages/parkbot_aruco\n'}
[0.587389] (parkbot_aruco) StdoutLine: {'line': b'copying /home/rokey/p3/cobot_ws/build/parkbot_aruco/build/lib/parkbot_aruco/aruco_pose.py -> /home/rokey/p3/cobot_ws/install/parkbot_aruco/lib/python3.10/site-packages/parkbot_aruco\n'}
[0.587479] (parkbot_aruco) StdoutLine: {'line': b'copying /home/rokey/p3/cobot_ws/build/parkbot_aruco/build/lib/parkbot_aruco/__init__.py -> /home/rokey/p3/cobot_ws/install/parkbot_aruco/lib/python3.10/site-packages/parkbot_aruco\n'}
[0.587525] (parkbot_aruco) StdoutLine: {'line': b'copying /home/rokey/p3/cobot_ws/build/parkbot_aruco/build/lib/parkbot_aruco/pose_estimator.py -> /home/rokey/p3/cobot_ws/install/parkbot_aruco/lib/python3.10/site-packages/parkbot_aruco\n'}
[0.587595] (parkbot_aruco) StdoutLine: {'line': b'byte-compiling /home/rokey/p3/cobot_ws/install/parkbot_aruco/lib/python3.10/site-packages/parkbot_aruco/aruco_detector.py to aruco_detector.cpython-310.pyc\n'}
[0.588529] (parkbot_aruco) StdoutLine: {'line': b'byte-compiling /home/rokey/p3/cobot_ws/install/parkbot_aruco/lib/python3.10/site-packages/parkbot_aruco/marker_localizer_node.py to marker_localizer_node.cpython-310.pyc\n'}
[0.589824] (parkbot_aruco) StdoutLine: {'line': b'byte-compiling /home/rokey/p3/cobot_ws/install/parkbot_aruco/lib/python3.10/site-packages/parkbot_aruco/site_map_v4.py to site_map_v4.cpython-310.pyc\n'}
[0.590103] (parkbot_aruco) StdoutLine: {'line': b'byte-compiling /home/rokey/p3/cobot_ws/install/parkbot_aruco/lib/python3.10/site-packages/parkbot_aruco/marker_localizer.py to marker_localizer.cpython-310.pyc\n'}
[0.590767] (parkbot_aruco) StdoutLine: {'line': b'byte-compiling /home/rokey/p3/cobot_ws/install/parkbot_aruco/lib/python3.10/site-packages/parkbot_aruco/aruco_pose.py to aruco_pose.cpython-310.pyc\n'}
[0.591232] (parkbot_aruco) StdoutLine: {'line': b'byte-compiling /home/rokey/p3/cobot_ws/install/parkbot_aruco/lib/python3.10/site-packages/parkbot_aruco/__init__.py to __init__.cpython-310.pyc\n'}
[0.591291] (parkbot_aruco) StdoutLine: {'line': b'byte-compiling /home/rokey/p3/cobot_ws/install/parkbot_aruco/lib/python3.10/site-packages/parkbot_aruco/pose_estimator.py to pose_estimator.cpython-310.pyc\n'}
[0.591453] (parkbot_aruco) StdoutLine: {'line': b'running install_data\n'}
[0.591521] (parkbot_aruco) StdoutLine: {'line': b'copying resource/parkbot_aruco -> /home/rokey/p3/cobot_ws/install/parkbot_aruco/share/ament_index/resource_index/packages\n'}
[0.591595] (parkbot_aruco) StdoutLine: {'line': b'copying package.xml -> /home/rokey/p3/cobot_ws/install/parkbot_aruco/share/parkbot_aruco\n'}
[0.591659] (parkbot_aruco) StdoutLine: {'line': b'copying data/marker_map.json -> /home/rokey/p3/cobot_ws/install/parkbot_aruco/share/parkbot_aruco/data\n'}
[0.591702] (parkbot_aruco) StdoutLine: {'line': b'copying data/marker_map_v4.json -> /home/rokey/p3/cobot_ws/install/parkbot_aruco/share/parkbot_aruco/data\n'}
[0.591737] (parkbot_aruco) StdoutLine: {'line': b'running install_egg_info\n'}
[0.592429] (parkbot_aruco) StdoutLine: {'line': b'Copying ../../build/parkbot_aruco/parkbot_aruco.egg-info to /home/rokey/p3/cobot_ws/install/parkbot_aruco/lib/python3.10/site-packages/parkbot_aruco-0.1.0-py3.10.egg-info\n'}
[0.592697] (parkbot_aruco) StdoutLine: {'line': b'running install_scripts\n'}
[0.601195] (-) TimerEvent: {}
[0.601848] (parkbot_aruco) StdoutLine: {'line': b'Installing aruco_detector script to /home/rokey/p3/cobot_ws/install/parkbot_aruco/lib/parkbot_aruco\n'}
[0.601893] (parkbot_aruco) StdoutLine: {'line': b'Installing marker_localizer_node script to /home/rokey/p3/cobot_ws/install/parkbot_aruco/lib/parkbot_aruco\n'}
[0.601968] (parkbot_aruco) StdoutLine: {'line': b"writing list of installed files to '/home/rokey/p3/cobot_ws/build/parkbot_aruco/install.log'\n"}
[0.612706] (parkbot_aruco) CommandEnded: {'returncode': 0}
[0.615370] (parkbot_aruco) JobEnded: {'identifier': 'parkbot_aruco', 'rc': 0}
[0.615612] (parkbot_motion) StdoutLine: {'line': b'Removing /home/rokey/p3/cobot_ws/install/parkbot_motion/lib/python3.10/site-packages/parkbot-motion.egg-link (link to .)\n'}
[0.626276] (parkbot_motion) CommandEnded: {'returncode': 0}
[0.627302] (parkbot_motion) Command: {'cmd': ['/usr/bin/python3', '-W', 'ignore:setup.py install is deprecated', '-W', 'ignore:easy_install command is deprecated', 'setup.py', 'egg_info', '--egg-base', '../../build/parkbot_motion', 'build', '--build-base', '/home/rokey/p3/cobot_ws/build/parkbot_motion/build', 'install', '--record', '/home/rokey/p3/cobot_ws/build/parkbot_motion/install.log', '--install-scripts', '$base/lib/parkbot_motion', '--single-version-externally-managed', 'install_data', '--force'], 'cwd': '/home/rokey/p3/cobot_ws/src/parkbot_motion', 'env': {'GJS_DEBUG_TOPICS': 'JS ERROR;JS LOG', 'LESSOPEN': '| /usr/bin/lesspipe %s', 'LANGUAGE': 'ko:en', 'USER': 'rokey', 'LC_TIME': 'ko_KR.UTF-8', 'XDG_SESSION_TYPE': 'x11', 'SHLVL': '1', 'LD_LIBRARY_PATH': '/home/rokey/p3/cobot_ws/install/parking_robot_interfaces/lib:/opt/ros/humble/opt/rviz_ogre_vendor/lib:/opt/ros/humble/lib/x86_64-linux-gnu:/opt/ros/humble/lib', 'HOME': '/home/rokey', 'DESKTOP_SESSION': 'ubuntu', 'NVM_BIN': '/home/rokey/.nvm/versions/node/v24.18.0/bin', 'NVM_INC': '/home/rokey/.nvm/versions/node/v24.18.0/include/node', 'GIO_LAUNCHED_DESKTOP_FILE': '/usr/share/applications/terminator.desktop', 'ROS_PYTHON_VERSION': '3', 'GNOME_SHELL_SESSION_MODE': 'ubuntu', 'GTK_MODULES': 'gail:atk-bridge', 'LC_MONETARY': 'ko_KR.UTF-8', 'MANAGERPID': '2176', 'SYSTEMD_EXEC_PID': '2531', 'DBUS_SESSION_BUS_ADDRESS': 'unix:path=/run/user/1000/bus', 'COLORTERM': 'truecolor', 'TERMINATOR_DBUS_NAME': 'net.tenshu.Terminator23558193cd9818af7fe4d2c2f5bd9d00f', 'GIO_LAUNCHED_DESKTOP_FILE_PID': '6581', 'NVM_DIR': '/home/rokey/.nvm', 'COLCON_PREFIX_PATH': '/home/rokey/p3/cobot_ws/install', 'ROS_DISTRO': 'humble', 'GTK_IM_MODULE': 'ibus', 'LOGNAME': 'rokey', 'JOURNAL_STREAM': '8:25857', '_': '/usr/bin/colcon', 'ROS_VERSION': '2', 'XDG_SESSION_CLASS': 'user', 'USERNAME': 'rokey', 'TERM': 'xterm-256color', 'GNOME_DESKTOP_SESSION_ID': 'this-is-deprecated', 'ROS_LOCALHOST_ONLY': '0', 'WINDOWPATH': '2', 'PATH': '/home/rokey/.nvm/versions/node/v24.18.0/bin:/opt/ros/humble/bin:/home/rokey/.local/bin:/usr/local/sbin:/usr/local/bin:/usr/sbin:/usr/bin:/sbin:/bin:/usr/games:/usr/local/games:/snap/bin:/snap/bin', 'SESSION_MANAGER': 'local/IsaacSim09:@/tmp/.ICE-unix/2507,unix/IsaacSim09:/tmp/.ICE-unix/2507', 'FASTRTPS_DEFAULT_PROFILES_FILE': '/home/rokey/.ros/fastdds_wired.xml', 'INVOCATION_ID': 'bf491cbed05e49b3ae06854c70296156', 'PAPERSIZE': 'a4', 'XDG_MENU_PREFIX': 'gnome-', 'LC_ADDRESS': 'ko_KR.UTF-8', 'XDG_RUNTIME_DIR': '/run/user/1000', 'DISPLAY': ':1', 'TERMINATOR_DBUS_PATH': '/net/tenshu/Terminator2', 'LANG': 'ko_KR.UTF-8', 'XDG_CURRENT_DESKTOP': 'ubuntu:GNOME', 'IBUS_DISABLE_SNOOPER': '1', 'LC_TELEPHONE': 'ko_KR.UTF-8', 'RMW_IMPLEMENTATION': 'rmw_fastrtps_cpp', 'XMODIFIERS': '@im=ibus', 'XDG_SESSION_DESKTOP': 'ubuntu', 'XAUTHORITY': '/run/user/1000/gdm/Xauthority', 'LS_COLORS': 'rs=0:di=01;34:ln=01;36:mh=00:pi=40;33:so=01;35:do=01;35:bd=40;33;01:cd=40;33;01:or=40;31;01:mi=00:su=37;41:sg=30;43:ca=30;41:tw=30;42:ow=34;42:st=37;44:ex=01;32:*.tar=01;31:*.tgz=01;31:*.arc=01;31:*.arj=01;31:*.taz=01;31:*.lha=01;31:*.lz4=01;31:*.lzh=01;31:*.lzma=01;31:*.tlz=01;31:*.txz=01;31:*.tzo=01;31:*.t7z=01;31:*.zip=01;31:*.z=01;31:*.dz=01;31:*.gz=01;31:*.lrz=01;31:*.lz=01;31:*.lzo=01;31:*.xz=01;31:*.zst=01;31:*.tzst=01;31:*.bz2=01;31:*.bz=01;31:*.tbz=01;31:*.tbz2=01;31:*.tz=01;31:*.deb=01;31:*.rpm=01;31:*.jar=01;31:*.war=01;31:*.ear=01;31:*.sar=01;31:*.rar=01;31:*.alz=01;31:*.ace=01;31:*.zoo=01;31:*.cpio=01;31:*.7z=01;31:*.rz=01;31:*.cab=01;31:*.wim=01;31:*.swm=01;31:*.dwm=01;31:*.esd=01;31:*.jpg=01;35:*.jpeg=01;35:*.mjpg=01;35:*.mjpeg=01;35:*.gif=01;35:*.bmp=01;35:*.pbm=01;35:*.pgm=01;35:*.ppm=01;35:*.tga=01;35:*.xbm=01;35:*.xpm=01;35:*.tif=01;35:*.tiff=01;35:*.png=01;35:*.svg=01;35:*.svgz=01;35:*.mng=01;35:*.pcx=01;35:*.mov=01;35:*.mpg=01;35:*.mpeg=01;35:*.m2v=01;35:*.mkv=01;35:*.webm=01;35:*.webp=01;35:*.ogm=01;35:*.mp4=01;35:*.m4v=01;35:*.mp4v=01;35:*.vob=01;35:*.qt=01;35:*.nuv=01;35:*.wmv=01;35:*.asf=01;35:*.rm=01;35:*.rmvb=01;35:*.flc=01;35:*.avi=01;35:*.fli=01;35:*.flv=01;35:*.gl=01;35:*.dl=01;35:*.xcf=01;35:*.xwd=01;35:*.yuv=01;35:*.cgm=01;35:*.emf=01;35:*.ogv=01;35:*.ogx=01;35:*.aac=00;36:*.au=00;36:*.flac=00;36:*.m4a=00;36:*.mid=00;36:*.midi=00;36:*.mka=00;36:*.mp3=00;36:*.mpc=00;36:*.ogg=00;36:*.ra=00;36:*.wav=00;36:*.oga=00;36:*.opus=00;36:*.spx=00;36:*.xspf=00;36:', 'SSH_AGENT_LAUNCHER': 'gnome-keyring', 'SSH_AUTH_SOCK': '/run/user/1000/keyring/ssh', 'ROS_DOMAIN_ID': '126', 'AMENT_PREFIX_PATH': '/home/rokey/p3/cobot_ws/install/parking_robot_system:/home/rokey/p3/cobot_ws/install/parkbot_motion:/home/rokey/p3/cobot_ws/install/parking_robot_interfaces:/home/rokey/p3/cobot_ws/install/parkbot_aruco:/opt/ros/humble', 'SHELL': '/bin/bash', 'LC_NAME': 'ko_KR.UTF-8', 'TERMINATOR_UUID': 'urn:uuid:2c331d05-32be-4747-bf0e-946a17a76549', 'QT_ACCESSIBILITY': '1', 'GDMSESSION': 'ubuntu', 'LESSCLOSE': '/usr/bin/lesspipe %s %s', 'LC_MEASUREMENT': 'ko_KR.UTF-8', 'GPG_AGENT_INFO': '/run/user/1000/gnupg/S.gpg-agent:0:1', 'GJS_DEBUG_OUTPUT': 'stderr', 'LC_IDENTIFICATION': 'ko_KR.UTF-8', 'QT_IM_MODULE': 'ibus', 'PWD': '/home/rokey/p3/cobot_ws/build/parkbot_motion', 'LC_ALL': 'en_US.UTF-8', 'XDG_CONFIG_DIRS': '/etc/xdg/xdg-ubuntu:/etc/xdg', 'NVM_CD_FLAGS': '', 'XDG_DATA_DIRS': '/usr/share/ubuntu:/usr/share/gnome:/home/rokey/.local/share/flatpak/exports/share:/var/lib/flatpak/exports/share:/usr/local/share/:/usr/share/:/var/lib/snapd/desktop', 'PYTHONPATH': '/home/rokey/p3/cobot_ws/build/parkbot_motion/prefix_override:/usr/lib/python3/dist-packages/colcon_core/task/python/colcon_distutils_commands:/home/rokey/p3/cobot_ws/install/parkbot_motion/lib/python3.10/site-packages:/home/rokey/p3/cobot_ws/build/parking_robot_system:/home/rokey/p3/cobot_ws/install/parking_robot_system/lib/python3.10/site-packages:/home/rokey/p3/cobot_ws/build/parkbot_motion:/home/rokey/p3/cobot_ws/install/parkbot_motion/lib/python3.10/site-packages:/home/rokey/p3/cobot_ws/install/parking_robot_interfaces/local/lib/python3.10/dist-packages:/home/rokey/p3/cobot_ws/build/parkbot_aruco:/home/rokey/p3/cobot_ws/install/parkbot_aruco/lib/python3.10/site-packages:/opt/ros/humble/lib/python3.10/site-packages:/opt/ros/humble/local/lib/python3.10/dist-packages', 'LC_NUMERIC': 'ko_KR.UTF-8', 'LC_PAPER': 'ko_KR.UTF-8', 'COLCON': '1', 'VTE_VERSION': '6800', 'CMAKE_PREFIX_PATH': '/home/rokey/p3/cobot_ws/install/parking_robot_interfaces'}, 'shell': False}
[0.701281] (-) TimerEvent: {}
[0.715012] (parkbot_motion) StdoutLine: {'line': b'running egg_info\n'}
[0.715675] (parkbot_motion) StdoutLine: {'line': b'writing ../../build/parkbot_motion/parkbot_motion.egg-info/PKG-INFO\n'}
[0.715737] (parkbot_motion) StdoutLine: {'line': b'writing dependency_links to ../../build/parkbot_motion/parkbot_motion.egg-info/dependency_links.txt\n'}
[0.715763] (parkbot_motion) StdoutLine: {'line': b'writing entry points to ../../build/parkbot_motion/parkbot_motion.egg-info/entry_points.txt\n'}
[0.715785] (parkbot_motion) StdoutLine: {'line': b'writing requirements to ../../build/parkbot_motion/parkbot_motion.egg-info/requires.txt\n'}
[0.715804] (parkbot_motion) StdoutLine: {'line': b'writing top-level names to ../../build/parkbot_motion/parkbot_motion.egg-info/top_level.txt\n'}
[0.715889] (parkbot_motion) StdoutLine: {'line': b"reading manifest file '../../build/parkbot_motion/parkbot_motion.egg-info/SOURCES.txt'\n"}
[0.716247] (parkbot_motion) StdoutLine: {'line': b"writing manifest file '../../build/parkbot_motion/parkbot_motion.egg-info/SOURCES.txt'\n"}
[0.716313] (parkbot_motion) StdoutLine: {'line': b'running build\n'}
[0.716355] (parkbot_motion) StdoutLine: {'line': b'running build_py\n'}
[0.716480] (parkbot_motion) StdoutLine: {'line': b'copying parkbot_motion/pickup_orchestrator_node.py -> /home/rokey/p3/cobot_ws/build/parkbot_motion/build/lib/parkbot_motion\n'}
[0.716550] (parkbot_motion) StdoutLine: {'line': b'copying parkbot_motion/ingress_node.py -> /home/rokey/p3/cobot_ws/build/parkbot_motion/build/lib/parkbot_motion\n'}
[0.716609] (parkbot_motion) StdoutLine: {'line': b'copying parkbot_motion/pickup_choreography.py -> /home/rokey/p3/cobot_ws/build/parkbot_motion/build/lib/parkbot_motion\n'}
[0.716716] (parkbot_motion) StdoutLine: {'line': b'copying parkbot_motion/ingress_control.py -> /home/rokey/p3/cobot_ws/build/parkbot_motion/build/lib/parkbot_motion\n'}
[0.717142] (parkbot_motion) StdoutLine: {'line': b'running install\n'}
[0.717188] (parkbot_motion) StdoutLine: {'line': b'running install_lib\n'}
[0.717656] (parkbot_motion) StdoutLine: {'line': b'creating /home/rokey/p3/cobot_ws/install/parkbot_motion/lib/python3.10/site-packages/parkbot_motion\n'}
[0.717739] (parkbot_motion) StdoutLine: {'line': b'copying /home/rokey/p3/cobot_ws/build/parkbot_motion/build/lib/parkbot_motion/pose_controller_node.py -> /home/rokey/p3/cobot_ws/install/parkbot_motion/lib/python3.10/site-packages/parkbot_motion\n'}
[0.717818] (parkbot_motion) StdoutLine: {'line': b'copying /home/rokey/p3/cobot_ws/build/parkbot_motion/build/lib/parkbot_motion/pickup_orchestrator_node.py -> /home/rokey/p3/cobot_ws/install/parkbot_motion/lib/python3.10/site-packages/parkbot_motion\n'}
[0.717843] (parkbot_motion) StdoutLine: {'line': b'copying /home/rokey/p3/cobot_ws/build/parkbot_motion/build/lib/parkbot_motion/mecanum_kinematics.py -> /home/rokey/p3/cobot_ws/install/parkbot_motion/lib/python3.10/site-packages/parkbot_motion\n'}
[0.717964] (parkbot_motion) StdoutLine: {'line': b'copying /home/rokey/p3/cobot_ws/build/parkbot_motion/build/lib/parkbot_motion/ingress_node.py -> /home/rokey/p3/cobot_ws/install/parkbot_motion/lib/python3.10/site-packages/parkbot_motion\n'}
[0.718060] (parkbot_motion) StdoutLine: {'line': b'copying /home/rokey/p3/cobot_ws/build/parkbot_motion/build/lib/parkbot_motion/carry_action_server.py -> /home/rokey/p3/cobot_ws/install/parkbot_motion/lib/python3.10/site-packages/parkbot_motion\n'}
[0.718136] (parkbot_motion) StdoutLine: {'line': b'copying /home/rokey/p3/cobot_ws/build/parkbot_motion/build/lib/parkbot_motion/pickup_choreography.py -> /home/rokey/p3/cobot_ws/install/parkbot_motion/lib/python3.10/site-packages/parkbot_motion\n'}
[0.718160] (parkbot_motion) StdoutLine: {'line': b'copying /home/rokey/p3/cobot_ws/build/parkbot_motion/build/lib/parkbot_motion/lift_action_server.py -> /home/rokey/p3/cobot_ws/install/parkbot_motion/lib/python3.10/site-packages/parkbot_motion\n'}
[0.718182] (parkbot_motion) StdoutLine: {'line': b'copying /home/rokey/p3/cobot_ws/build/parkbot_motion/build/lib/parkbot_motion/axle_detector_node.py -> /home/rokey/p3/cobot_ws/install/parkbot_motion/lib/python3.10/site-packages/parkbot_motion\n'}
[0.718201] (parkbot_motion) StdoutLine: {'line': b'copying /home/rokey/p3/cobot_ws/build/parkbot_motion/build/lib/parkbot_motion/axle_center.py -> /home/rokey/p3/cobot_ws/install/parkbot_motion/lib/python3.10/site-packages/parkbot_motion\n'}
[0.718220] (parkbot_motion) StdoutLine: {'line': b'copying /home/rokey/p3/cobot_ws/build/parkbot_motion/build/lib/parkbot_motion/__init__.py -> /home/rokey/p3/cobot_ws/install/parkbot_motion/lib/python3.10/site-packages/parkbot_motion\n'}
[0.718239] (parkbot_motion) StdoutLine: {'line': b'copying /home/rokey/p3/cobot_ws/build/parkbot_motion/build/lib/parkbot_motion/mission_control.py -> /home/rokey/p3/cobot_ws/install/parkbot_motion/lib/python3.10/site-packages/parkbot_motion\n'}
[0.718257] (parkbot_motion) StdoutLine: {'line': b'copying /home/rokey/p3/cobot_ws/build/parkbot_motion/build/lib/parkbot_motion/pose_controller.py -> /home/rokey/p3/cobot_ws/install/parkbot_motion/lib/python3.10/site-packages/parkbot_motion\n'}
[0.718381] (parkbot_motion) StdoutLine: {'line': b'copying /home/rokey/p3/cobot_ws/build/parkbot_motion/build/lib/parkbot_motion/formation.py -> /home/rokey/p3/cobot_ws/install/parkbot_motion/lib/python3.10/site-packages/parkbot_motion\n'}
[0.718425] (parkbot_motion) StdoutLine: {'line': b'copying /home/rokey/p3/cobot_ws/build/parkbot_motion/build/lib/parkbot_motion/wheel_odometry.py -> /home/rokey/p3/cobot_ws/install/parkbot_motion/lib/python3.10/site-packages/parkbot_motion\n'}
[0.718465] (parkbot_motion) StdoutLine: {'line': b'copying /home/rokey/p3/cobot_ws/build/parkbot_motion/build/lib/parkbot_motion/depth_stop_detector.py -> /home/rokey/p3/cobot_ws/install/parkbot_motion/lib/python3.10/site-packages/parkbot_motion\n'}
[0.718510] (parkbot_motion) StdoutLine: {'line': b'copying /home/rokey/p3/cobot_ws/build/parkbot_motion/build/lib/parkbot_motion/ingress_control.py -> /home/rokey/p3/cobot_ws/install/parkbot_motion/lib/python3.10/site-packages/parkbot_motion\n'}
[0.718550] (parkbot_motion) StdoutLine: {'line': b'byte-compiling /home/rokey/p3/cobot_ws/install/parkbot_motion/lib/python3.10/site-packages/parkbot_motion/pose_controller_node.py to pose_controller_node.cpython-310.pyc\n'}
[0.719693] (parkbot_motion) StdoutLine: {'line': b'byte-compiling /home/rokey/p3/cobot_ws/install/parkbot_motion/lib/python3.10/site-packages/parkbot_motion/pickup_orchestrator_node.py to pickup_orchestrator_node.cpython-310.pyc\n'}
[0.722081] (parkbot_motion) StdoutLine: {'line': b'byte-compiling /home/rokey/p3/cobot_ws/install/parkbot_motion/lib/python3.10/site-packages/parkbot_motion/mecanum_kinematics.py to mecanum_kinematics.cpython-310.pyc\n'}
[0.722425] (parkbot_motion) StdoutLine: {'line': b'byte-compiling /home/rokey/p3/cobot_ws/install/parkbot_motion/lib/python3.10/site-packages/parkbot_motion/ingress_node.py to ingress_node.cpython-310.pyc\n'}
[0.723386] (parkbot_motion) StdoutLine: {'line': b'byte-compiling /home/rokey/p3/cobot_ws/install/parkbot_motion/lib/python3.10/site-packages/parkbot_motion/carry_action_server.py to carry_action_server.cpython-310.pyc\n'}
[0.724247] (parkbot_motion) StdoutLine: {'line': b'byte-compiling /home/rokey/p3/cobot_ws/install/parkbot_motion/lib/python3.10/site-packages/parkbot_motion/pickup_choreography.py to pickup_choreography.cpython-310.pyc\n'}
[0.724560] (parkbot_motion) StdoutLine: {'line': b'byte-compiling /home/rokey/p3/cobot_ws/install/parkbot_motion/lib/python3.10/site-packages/parkbot_motion/lift_action_server.py to lift_action_server.cpython-310.pyc\n'}
[0.724945] (parkbot_motion) StdoutLine: {'line': b'byte-compiling /home/rokey/p3/cobot_ws/install/parkbot_motion/lib/python3.10/site-packages/parkbot_motion/axle_detector_node.py to axle_detector_node.cpython-310.pyc\n'}
[0.725616] (parkbot_motion) StdoutLine: {'line': b'byte-compiling /home/rokey/p3/cobot_ws/install/parkbot_motion/lib/python3.10/site-packages/parkbot_motion/axle_center.py to axle_center.cpython-310.pyc\n'}
[0.725790] (parkbot_motion) StdoutLine: {'line': b'byte-compiling /home/rokey/p3/cobot_ws/install/parkbot_motion/lib/python3.10/site-packages/parkbot_motion/__init__.py to __init__.cpython-310.pyc\n'}
[0.725875] (parkbot_motion) StdoutLine: {'line': b'byte-compiling /home/rokey/p3/cobot_ws/install/parkbot_motion/lib/python3.10/site-packages/parkbot_motion/mission_control.py to mission_control.cpython-310.pyc\n'}
[0.726135] (parkbot_motion) StdoutLine: {'line': b'byte-compiling /home/rokey/p3/cobot_ws/install/parkbot_motion/lib/python3.10/site-packages/parkbot_motion/pose_controller.py to pose_controller.cpython-310.pyc\n'}
[0.726551] (parkbot_motion) StdoutLine: {'line': b'byte-compiling /home/rokey/p3/cobot_ws/install/parkbot_motion/lib/python3.10/site-packages/parkbot_motion/formation.py to formation.cpython-310.pyc\n'}
[0.726885] (parkbot_motion) StdoutLine: {'line': b'byte-compiling /home/rokey/p3/cobot_ws/install/parkbot_motion/lib/python3.10/site-packages/parkbot_motion/wheel_odometry.py to wheel_odometry.cpython-310.pyc\n'}
[0.727048] (parkbot_motion) StdoutLine: {'line': b'byte-compiling /home/rokey/p3/cobot_ws/install/parkbot_motion/lib/python3.10/site-packages/parkbot_motion/depth_stop_detector.py to depth_stop_detector.cpython-310.pyc\n'}
[0.727280] (parkbot_motion) StdoutLine: {'line': b'byte-compiling /home/rokey/p3/cobot_ws/install/parkbot_motion/lib/python3.10/site-packages/parkbot_motion/ingress_control.py to ingress_control.cpython-310.pyc\n'}
[0.727653] (parkbot_motion) StdoutLine: {'line': b'running install_data\n'}
[0.727693] (parkbot_motion) StdoutLine: {'line': b'copying resource/parkbot_motion -> /home/rokey/p3/cobot_ws/install/parkbot_motion/share/ament_index/resource_index/packages\n'}
[0.727750] (parkbot_motion) StdoutLine: {'line': b'copying package.xml -> /home/rokey/p3/cobot_ws/install/parkbot_motion/share/parkbot_motion\n'}
[0.727826] (parkbot_motion) StdoutLine: {'line': b'copying launch/nodes.launch.py -> /home/rokey/p3/cobot_ws/install/parkbot_motion/share/parkbot_motion/launch\n'}
[0.727866] (parkbot_motion) StdoutLine: {'line': b'running install_egg_info\n'}
[0.728578] (parkbot_motion) StdoutLine: {'line': b'Copying ../../build/parkbot_motion/parkbot_motion.egg-info to /home/rokey/p3/cobot_ws/install/parkbot_motion/lib/python3.10/site-packages/parkbot_motion-0.1.0-py3.10.egg-info\n'}
[0.728850] (parkbot_motion) StdoutLine: {'line': b'running install_scripts\n'}
[0.737700] (parkbot_motion) StdoutLine: {'line': b'Installing axle_detector_node script to /home/rokey/p3/cobot_ws/install/parkbot_motion/lib/parkbot_motion\n'}
[0.737761] (parkbot_motion) StdoutLine: {'line': b'Installing carry_action_server script to /home/rokey/p3/cobot_ws/install/parkbot_motion/lib/parkbot_motion\n'}
[0.737789] (parkbot_motion) StdoutLine: {'line': b'Installing ingress_node script to /home/rokey/p3/cobot_ws/install/parkbot_motion/lib/parkbot_motion\n'}
[0.737809] (parkbot_motion) StdoutLine: {'line': b'Installing lift_action_server script to /home/rokey/p3/cobot_ws/install/parkbot_motion/lib/parkbot_motion\n'}
[0.737830] (parkbot_motion) StdoutLine: {'line': b'Installing pickup_orchestrator_node script to /home/rokey/p3/cobot_ws/install/parkbot_motion/lib/parkbot_motion\n'}
[0.737850] (parkbot_motion) StdoutLine: {'line': b'Installing pose_controller_node script to /home/rokey/p3/cobot_ws/install/parkbot_motion/lib/parkbot_motion\n'}
[0.737963] (parkbot_motion) StdoutLine: {'line': b"writing list of installed files to '/home/rokey/p3/cobot_ws/build/parkbot_motion/install.log'\n"}
[0.748610] (parkbot_motion) CommandEnded: {'returncode': 0}
[0.751380] (parkbot_motion) JobEnded: {'identifier': 'parkbot_motion', 'rc': 0}
[0.751551] (-) EventReactorShutdown: {}
