[0.000000] (-) TimerEvent: {}
[0.000123] (-) JobUnselected: {'identifier': 'M0609'}
[0.000144] (-) JobUnselected: {'identifier': 'parkbot_aruco'}
[0.000222] (-) JobUnselected: {'identifier': 'parking_control'}
[0.000237] (parking_robot_interfaces) JobQueued: {'identifier': 'parking_robot_interfaces', 'dependencies': OrderedDict()}
[0.000247] (parking_robot_system) JobQueued: {'identifier': 'parking_robot_system', 'dependencies': OrderedDict([('parking_robot_interfaces', '/home/rokey/p3/cobot_ws/install/parking_robot_interfaces')])}
[0.000261] (parking_robot_interfaces) JobStarted: {'identifier': 'parking_robot_interfaces'}
[0.099815] (-) TimerEvent: {}
[0.200003] (-) TimerEvent: {}
[0.300216] (-) TimerEvent: {}
[0.400488] (-) TimerEvent: {}
[0.500717] (-) TimerEvent: {}
[0.601007] (-) TimerEvent: {}
[0.701250] (-) TimerEvent: {}
[0.801489] (-) TimerEvent: {}
[0.901775] (-) TimerEvent: {}
[1.002029] (-) TimerEvent: {}
[1.102266] (-) TimerEvent: {}
[1.202555] (-) TimerEvent: {}
[1.302789] (-) TimerEvent: {}
[1.403029] (-) TimerEvent: {}
[1.503126] (-) TimerEvent: {}
[1.603218] (-) TimerEvent: {}
[1.703330] (-) TimerEvent: {}
[1.803442] (-) TimerEvent: {}
[1.903555] (-) TimerEvent: {}
[2.003668] (-) TimerEvent: {}
[2.103965] (-) TimerEvent: {}
[2.204165] (-) TimerEvent: {}
[2.304273] (-) TimerEvent: {}
[2.404399] (-) TimerEvent: {}
[2.504524] (-) TimerEvent: {}
[2.604626] (-) TimerEvent: {}
[2.704737] (-) TimerEvent: {}
[2.804855] (-) TimerEvent: {}
[2.905060] (-) TimerEvent: {}
[3.005211] (-) TimerEvent: {}
[3.105329] (-) TimerEvent: {}
[3.205471] (-) TimerEvent: {}
[3.305611] (-) TimerEvent: {}
[3.405733] (-) TimerEvent: {}
[3.505877] (-) TimerEvent: {}
[3.606181] (-) TimerEvent: {}
[3.706383] (-) TimerEvent: {}
[3.806515] (-) TimerEvent: {}
[3.906641] (-) TimerEvent: {}
[4.006795] (-) TimerEvent: {}
[4.107037] (-) TimerEvent: {}
[4.207358] (-) TimerEvent: {}
[4.307623] (-) TimerEvent: {}
[4.407942] (-) TimerEvent: {}
[4.508292] (-) TimerEvent: {}
[4.608580] (-) TimerEvent: {}
[4.708865] (-) TimerEvent: {}
[4.809148] (-) TimerEvent: {}
[4.909443] (-) TimerEvent: {}
[5.009756] (-) TimerEvent: {}
[5.110093] (-) TimerEvent: {}
[5.210431] (-) TimerEvent: {}
[5.310555] (-) TimerEvent: {}
[5.410673] (-) TimerEvent: {}
[5.510785] (-) TimerEvent: {}
[5.610971] (-) TimerEvent: {}
[5.711221] (-) TimerEvent: {}
[5.811417] (-) TimerEvent: {}
[5.911746] (-) TimerEvent: {}
[6.011898] (-) TimerEvent: {}
[6.112152] (-) TimerEvent: {}
[6.212347] (-) TimerEvent: {}
[6.312478] (-) TimerEvent: {}
[6.412622] (-) TimerEvent: {}
[6.512750] (-) TimerEvent: {}
[6.612963] (-) TimerEvent: {}
[6.713182] (-) TimerEvent: {}
[6.813400] (-) TimerEvent: {}
[6.913517] (-) TimerEvent: {}
[7.013645] (-) TimerEvent: {}
[7.113840] (-) TimerEvent: {}
[7.214066] (-) TimerEvent: {}
[7.314284] (-) TimerEvent: {}
[7.414460] (-) TimerEvent: {}
[7.514599] (-) TimerEvent: {}
[7.614705] (-) TimerEvent: {}
[7.714815] (-) TimerEvent: {}
[7.815078] (-) TimerEvent: {}
[7.915340] (-) TimerEvent: {}
[8.015472] (-) TimerEvent: {}
[8.115590] (-) TimerEvent: {}
[8.215695] (-) TimerEvent: {}
[8.315979] (-) TimerEvent: {}
[8.416289] (-) TimerEvent: {}
[8.516432] (-) TimerEvent: {}
[8.616554] (-) TimerEvent: {}
[8.716681] (-) TimerEvent: {}
[8.816984] (-) TimerEvent: {}
[8.917274] (-) TimerEvent: {}
[9.017583] (-) TimerEvent: {}
[9.117891] (-) TimerEvent: {}
[9.218212] (-) TimerEvent: {}
[9.318366] (-) TimerEvent: {}
[9.418585] (-) TimerEvent: {}
[9.518720] (-) TimerEvent: {}
[9.618930] (-) TimerEvent: {}
[9.719173] (-) TimerEvent: {}
[9.819408] (-) TimerEvent: {}
[9.919638] (-) TimerEvent: {}
[10.019871] (-) TimerEvent: {}
[10.120061] (-) TimerEvent: {}
[10.220302] (-) TimerEvent: {}
[10.320439] (-) TimerEvent: {}
[10.420652] (-) TimerEvent: {}
[10.520858] (-) TimerEvent: {}
[10.621065] (-) TimerEvent: {}
[10.722513] (-) TimerEvent: {}
[10.822703] (-) TimerEvent: {}
[10.922981] (-) TimerEvent: {}
[11.023265] (-) TimerEvent: {}
[11.123416] (-) TimerEvent: {}
[11.223552] (-) TimerEvent: {}
[11.323700] (-) TimerEvent: {}
[11.423959] (-) TimerEvent: {}
[11.524234] (-) TimerEvent: {}
[11.624376] (-) TimerEvent: {}
[11.724556] (-) TimerEvent: {}
[11.824726] (-) TimerEvent: {}
[11.925000] (-) TimerEvent: {}
[12.025234] (-) TimerEvent: {}
[12.125390] (-) TimerEvent: {}
[12.225542] (-) TimerEvent: {}
[12.325696] (-) TimerEvent: {}
[12.425874] (-) TimerEvent: {}
[12.526397] (-) TimerEvent: {}
[12.626676] (-) TimerEvent: {}
[12.726843] (-) TimerEvent: {}
[12.826989] (-) TimerEvent: {}
[12.927427] (-) TimerEvent: {}
[13.027562] (-) TimerEvent: {}
[13.127697] (-) TimerEvent: {}
[13.227839] (-) TimerEvent: {}
[13.328107] (-) TimerEvent: {}
[13.428256] (-) TimerEvent: {}
[13.528402] (-) TimerEvent: {}
[13.628544] (-) TimerEvent: {}
[13.728681] (-) TimerEvent: {}
[13.828888] (-) TimerEvent: {}
[13.929106] (-) TimerEvent: {}
[14.029367] (-) TimerEvent: {}
[14.129490] (-) TimerEvent: {}
[14.229592] (-) TimerEvent: {}
[14.329726] (-) TimerEvent: {}
[14.429872] (-) TimerEvent: {}
[14.530038] (-) TimerEvent: {}
[14.630237] (-) TimerEvent: {}
[14.730369] (-) TimerEvent: {}
[14.830497] (-) TimerEvent: {}
[14.930606] (-) TimerEvent: {}
[15.030725] (-) TimerEvent: {}
[15.130991] (-) TimerEvent: {}
[15.231349] (-) TimerEvent: {}
[15.331603] (-) TimerEvent: {}
[15.431731] (-) TimerEvent: {}
[15.531932] (-) TimerEvent: {}
[15.632151] (-) TimerEvent: {}
[15.732346] (-) TimerEvent: {}
[15.832493] (-) TimerEvent: {}
[15.932626] (-) TimerEvent: {}
[16.032750] (-) TimerEvent: {}
[16.133003] (-) TimerEvent: {}
[16.233328] (-) TimerEvent: {}
[16.333583] (-) TimerEvent: {}
[16.433816] (-) TimerEvent: {}
[16.534042] (-) TimerEvent: {}
[16.634240] (-) TimerEvent: {}
[16.734468] (-) TimerEvent: {}
[16.834723] (-) TimerEvent: {}
[16.935005] (-) TimerEvent: {}
[17.035270] (-) TimerEvent: {}
[17.135553] (-) TimerEvent: {}
[17.235735] (-) TimerEvent: {}
[17.335965] (-) TimerEvent: {}
[17.436153] (-) TimerEvent: {}
[17.536398] (-) TimerEvent: {}
[17.636599] (-) TimerEvent: {}
[17.736804] (-) TimerEvent: {}
[17.837044] (-) TimerEvent: {}
[17.937319] (-) TimerEvent: {}
[18.037554] (-) TimerEvent: {}
[18.137768] (-) TimerEvent: {}
[18.237998] (-) TimerEvent: {}
[18.338262] (-) TimerEvent: {}
[18.438509] (-) TimerEvent: {}
[18.538712] (-) TimerEvent: {}
[18.638953] (-) TimerEvent: {}
[18.739180] (-) TimerEvent: {}
[18.839434] (-) TimerEvent: {}
[18.939690] (-) TimerEvent: {}
[19.039994] (-) TimerEvent: {}
[19.140234] (-) TimerEvent: {}
[19.240468] (-) TimerEvent: {}
[19.340729] (-) TimerEvent: {}
[19.441003] (-) TimerEvent: {}
[19.541282] (-) TimerEvent: {}
[19.641569] (-) TimerEvent: {}
[19.741868] (-) TimerEvent: {}
[19.842162] (-) TimerEvent: {}
[19.942375] (-) TimerEvent: {}
[20.042650] (-) TimerEvent: {}
[20.142918] (-) TimerEvent: {}
[20.243222] (-) TimerEvent: {}
[20.343466] (-) TimerEvent: {}
[20.443686] (-) TimerEvent: {}
[20.543907] (-) TimerEvent: {}
[20.644113] (-) TimerEvent: {}
[20.744383] (-) TimerEvent: {}
[20.844602] (-) TimerEvent: {}
[20.944860] (-) TimerEvent: {}
[21.045094] (-) TimerEvent: {}
[21.145304] (-) TimerEvent: {}
[21.245534] (-) TimerEvent: {}
[21.345736] (-) TimerEvent: {}
[21.445942] (-) TimerEvent: {}
[21.546126] (-) TimerEvent: {}
[21.646401] (-) TimerEvent: {}
[21.746709] (-) TimerEvent: {}
[21.846919] (-) TimerEvent: {}
[21.947158] (-) TimerEvent: {}
[22.047377] (-) TimerEvent: {}
[22.147504] (-) TimerEvent: {}
[22.247609] (-) TimerEvent: {}
[22.347719] (-) TimerEvent: {}
[22.447918] (-) TimerEvent: {}
[22.548115] (-) TimerEvent: {}
[22.648348] (-) TimerEvent: {}
[22.748667] (-) TimerEvent: {}
[22.848794] (-) TimerEvent: {}
[22.948998] (-) TimerEvent: {}
[23.049224] (-) TimerEvent: {}
[23.149528] (-) TimerEvent: {}
[23.249809] (-) TimerEvent: {}
[23.350046] (-) TimerEvent: {}
[23.450307] (-) TimerEvent: {}
[23.550559] (-) TimerEvent: {}
[23.650672] (-) TimerEvent: {}
[23.750787] (-) TimerEvent: {}
[23.850899] (-) TimerEvent: {}
[23.951008] (-) TimerEvent: {}
[24.051134] (-) TimerEvent: {}
[24.151352] (-) TimerEvent: {}
[24.251641] (-) TimerEvent: {}
[24.351772] (-) TimerEvent: {}
[24.452022] (-) TimerEvent: {}
[24.552258] (-) TimerEvent: {}
[24.652525] (-) TimerEvent: {}
[24.752698] (-) TimerEvent: {}
[24.852833] (-) TimerEvent: {}
[24.953050] (-) TimerEvent: {}
[25.053197] (-) TimerEvent: {}
[25.153320] (-) TimerEvent: {}
[25.253453] (-) TimerEvent: {}
[25.353578] (-) TimerEvent: {}
[25.453685] (-) TimerEvent: {}
[25.553795] (-) TimerEvent: {}
[25.653904] (-) TimerEvent: {}
[25.754017] (-) TimerEvent: {}
[25.854128] (-) TimerEvent: {}
[25.954223] (-) TimerEvent: {}
[26.054331] (-) TimerEvent: {}
[26.154444] (-) TimerEvent: {}
[26.254569] (-) TimerEvent: {}
[26.354699] (-) TimerEvent: {}
[26.454826] (-) TimerEvent: {}
[26.554937] (-) TimerEvent: {}
[26.655037] (-) TimerEvent: {}
[26.755145] (-) TimerEvent: {}
[26.855211] (-) TimerEvent: {}
[26.955323] (-) TimerEvent: {}
[27.055443] (-) TimerEvent: {}
[27.155555] (-) TimerEvent: {}
[27.255672] (-) TimerEvent: {}
[27.355793] (-) TimerEvent: {}
[27.455906] (-) TimerEvent: {}
[27.556012] (-) TimerEvent: {}
[27.656139] (-) TimerEvent: {}
[27.756344] (-) TimerEvent: {}
[27.856486] (-) TimerEvent: {}
[27.956619] (-) TimerEvent: {}
[28.056743] (-) TimerEvent: {}
[28.156966] (-) TimerEvent: {}
[28.257473] (-) TimerEvent: {}
[28.357645] (-) TimerEvent: {}
[28.457797] (-) TimerEvent: {}
[28.557928] (-) TimerEvent: {}
[28.658159] (-) TimerEvent: {}
[28.758373] (-) TimerEvent: {}
[28.858529] (-) TimerEvent: {}
[28.958696] (-) TimerEvent: {}
[29.058968] (-) TimerEvent: {}
[29.159223] (-) TimerEvent: {}
[29.259379] (-) TimerEvent: {}
[29.359512] (-) TimerEvent: {}
[29.459641] (-) TimerEvent: {}
[29.559840] (-) TimerEvent: {}
[29.660124] (-) TimerEvent: {}
[29.760482] (-) TimerEvent: {}
[29.860585] (-) TimerEvent: {}
[29.960702] (-) TimerEvent: {}
[30.060836] (-) TimerEvent: {}
[30.160945] (-) TimerEvent: {}
[30.261050] (-) TimerEvent: {}
[30.361286] (-) TimerEvent: {}
[30.461434] (-) TimerEvent: {}
[30.561565] (-) TimerEvent: {}
[30.661687] (-) TimerEvent: {}
[30.761810] (-) TimerEvent: {}
[30.861929] (-) TimerEvent: {}
[30.962055] (-) TimerEvent: {}
[31.062473] (-) TimerEvent: {}
[31.162605] (-) TimerEvent: {}
[31.262717] (-) TimerEvent: {}
[31.362910] (-) TimerEvent: {}
[31.463104] (-) TimerEvent: {}
[31.563319] (-) TimerEvent: {}
[31.663472] (-) TimerEvent: {}
[31.763623] (-) TimerEvent: {}
[31.863743] (-) TimerEvent: {}
[31.963938] (-) TimerEvent: {}
[32.064210] (-) TimerEvent: {}
[32.164383] (-) TimerEvent: {}
[32.264490] (-) TimerEvent: {}
[32.364606] (-) TimerEvent: {}
[32.464742] (-) TimerEvent: {}
[32.564963] (-) TimerEvent: {}
[32.665203] (-) TimerEvent: {}
[32.765380] (-) TimerEvent: {}
[32.865496] (-) TimerEvent: {}
[32.965610] (-) TimerEvent: {}
[33.065742] (-) TimerEvent: {}
[33.165859] (-) TimerEvent: {}
[33.265964] (-) TimerEvent: {}
[33.366065] (-) TimerEvent: {}
[33.466342] (-) TimerEvent: {}
[33.566592] (-) TimerEvent: {}
[33.666823] (-) TimerEvent: {}
[33.767044] (-) TimerEvent: {}
[33.867294] (-) TimerEvent: {}
[33.967579] (-) TimerEvent: {}
[34.067837] (-) TimerEvent: {}
[34.168068] (-) TimerEvent: {}
[34.268405] (-) TimerEvent: {}
[34.368724] (-) TimerEvent: {}
[34.469005] (-) TimerEvent: {}
[34.569253] (-) TimerEvent: {}
[34.669383] (-) TimerEvent: {}
[34.769559] (-) TimerEvent: {}
[34.869698] (-) TimerEvent: {}
[34.969834] (-) TimerEvent: {}
[35.069967] (-) TimerEvent: {}
[35.170083] (-) TimerEvent: {}
[35.270294] (-) TimerEvent: {}
[35.370527] (-) TimerEvent: {}
[35.470823] (-) TimerEvent: {}
[35.571105] (-) TimerEvent: {}
[35.671352] (-) TimerEvent: {}
[35.771500] (-) TimerEvent: {}
[35.871697] (-) TimerEvent: {}
[35.971838] (-) TimerEvent: {}
[36.072113] (-) TimerEvent: {}
[36.172291] (-) TimerEvent: {}
[36.272422] (-) TimerEvent: {}
[36.372536] (-) TimerEvent: {}
[36.472745] (-) TimerEvent: {}
[36.572954] (-) TimerEvent: {}
[36.673212] (-) TimerEvent: {}
[36.773483] (-) TimerEvent: {}
[36.873642] (-) TimerEvent: {}
[36.973783] (-) TimerEvent: {}
[37.074007] (-) TimerEvent: {}
[37.174267] (-) TimerEvent: {}
[37.274405] (-) TimerEvent: {}
[37.374518] (-) TimerEvent: {}
[37.474635] (-) TimerEvent: {}
[37.574760] (-) TimerEvent: {}
[37.675020] (-) TimerEvent: {}
[37.775315] (-) TimerEvent: {}
[37.875451] (-) TimerEvent: {}
[37.975571] (-) TimerEvent: {}
[38.075793] (-) TimerEvent: {}
[38.176053] (-) TimerEvent: {}
[38.276251] (-) TimerEvent: {}
[38.376385] (-) TimerEvent: {}
[38.476514] (-) TimerEvent: {}
[38.576689] (-) TimerEvent: {}
[38.676863] (-) TimerEvent: {}
[38.777020] (-) TimerEvent: {}
[38.877157] (-) TimerEvent: {}
[38.977299] (-) TimerEvent: {}
[39.077444] (-) TimerEvent: {}
[39.177585] (-) TimerEvent: {}
[39.277718] (-) TimerEvent: {}
[39.377845] (-) TimerEvent: {}
[39.478025] (-) TimerEvent: {}
[39.578177] (-) TimerEvent: {}
[39.678318] (-) TimerEvent: {}
[39.778447] (-) TimerEvent: {}
[39.878584] (-) TimerEvent: {}
[39.978725] (-) TimerEvent: {}
[40.078977] (-) TimerEvent: {}
[40.179088] (-) TimerEvent: {}
[40.279277] (-) TimerEvent: {}
[40.379393] (-) TimerEvent: {}
[40.479504] (-) TimerEvent: {}
[40.579626] (-) TimerEvent: {}
[40.679771] (-) TimerEvent: {}
[40.779903] (-) TimerEvent: {}
[40.880100] (-) TimerEvent: {}
[40.980397] (-) TimerEvent: {}
[41.080570] (-) TimerEvent: {}
[41.180718] (-) TimerEvent: {}
[41.280970] (-) TimerEvent: {}
[41.382237] (-) TimerEvent: {}
[41.482397] (-) TimerEvent: {}
[41.582540] (-) TimerEvent: {}
[41.682667] (-) TimerEvent: {}
[41.782868] (-) TimerEvent: {}
[41.883106] (-) TimerEvent: {}
[41.983366] (-) TimerEvent: {}
[42.083664] (-) TimerEvent: {}
[42.183894] (-) TimerEvent: {}
[42.284199] (-) TimerEvent: {}
[42.384359] (-) TimerEvent: {}
[42.484481] (-) TimerEvent: {}
[42.584590] (-) TimerEvent: {}
[42.684716] (-) TimerEvent: {}
[42.784839] (-) TimerEvent: {}
[42.885085] (-) TimerEvent: {}
[42.985391] (-) TimerEvent: {}
[43.085690] (-) TimerEvent: {}
[43.185988] (-) TimerEvent: {}
[43.286284] (-) TimerEvent: {}
[43.386443] (-) TimerEvent: {}
[43.486562] (-) TimerEvent: {}
[43.586663] (-) TimerEvent: {}
[43.686791] (-) TimerEvent: {}
[43.786926] (-) TimerEvent: {}
[43.887153] (-) TimerEvent: {}
[43.987472] (-) TimerEvent: {}
[44.087638] (-) TimerEvent: {}
[44.187889] (-) TimerEvent: {}
[44.288122] (-) TimerEvent: {}
[44.388364] (-) TimerEvent: {}
[44.488615] (-) TimerEvent: {}
[44.588843] (-) TimerEvent: {}
[44.689181] (-) TimerEvent: {}
[44.789374] (-) TimerEvent: {}
[44.889551] (-) TimerEvent: {}
[44.989837] (-) TimerEvent: {}
[45.090100] (-) TimerEvent: {}
[45.190406] (-) TimerEvent: {}
[45.290672] (-) TimerEvent: {}
[45.390951] (-) TimerEvent: {}
[45.491233] (-) TimerEvent: {}
[45.591470] (-) TimerEvent: {}
[45.691786] (-) TimerEvent: {}
[45.792105] (-) TimerEvent: {}
[45.892343] (-) TimerEvent: {}
[45.992595] (-) TimerEvent: {}
[46.092912] (-) TimerEvent: {}
[46.193183] (-) TimerEvent: {}
[46.293644] (-) TimerEvent: {}
[46.393887] (-) TimerEvent: {}
[46.494115] (-) TimerEvent: {}
[46.594299] (-) TimerEvent: {}
[46.694464] (-) TimerEvent: {}
[46.794601] (-) TimerEvent: {}
[46.894736] (-) TimerEvent: {}
[46.994992] (-) TimerEvent: {}
[47.095241] (-) TimerEvent: {}
[47.195406] (-) TimerEvent: {}
[47.295534] (-) TimerEvent: {}
[47.395724] (-) TimerEvent: {}
[47.495941] (-) TimerEvent: {}
[47.596173] (-) TimerEvent: {}
[47.696383] (-) TimerEvent: {}
[47.796658] (-) TimerEvent: {}
[47.896808] (-) TimerEvent: {}
[47.997075] (-) TimerEvent: {}
[48.097404] (-) TimerEvent: {}
[48.197528] (-) TimerEvent: {}
[48.297767] (-) TimerEvent: {}
[48.398002] (-) TimerEvent: {}
[48.498304] (-) TimerEvent: {}
[48.598546] (-) TimerEvent: {}
[48.698849] (-) TimerEvent: {}
[48.799149] (-) TimerEvent: {}
[48.899425] (-) TimerEvent: {}
[48.999699] (-) TimerEvent: {}
[49.099964] (-) TimerEvent: {}
[49.200253] (-) TimerEvent: {}
[49.300401] (-) TimerEvent: {}
[49.400632] (-) TimerEvent: {}
[49.500914] (-) TimerEvent: {}
[49.601184] (-) TimerEvent: {}
[49.701473] (-) TimerEvent: {}
[49.801775] (-) TimerEvent: {}
[49.902018] (-) TimerEvent: {}
[50.002266] (-) TimerEvent: {}
[50.102480] (-) TimerEvent: {}
[50.202741] (-) TimerEvent: {}
[50.302925] (-) TimerEvent: {}
[50.403200] (-) TimerEvent: {}
[50.503537] (-) TimerEvent: {}
[50.603727] (-) TimerEvent: {}
[50.703961] (-) TimerEvent: {}
[50.804136] (-) TimerEvent: {}
[50.904243] (-) TimerEvent: {}
[51.004499] (-) TimerEvent: {}
[51.104787] (-) TimerEvent: {}
[51.204989] (-) TimerEvent: {}
[51.305207] (-) TimerEvent: {}
[51.405452] (-) TimerEvent: {}
[51.505665] (-) TimerEvent: {}
[51.605987] (-) TimerEvent: {}
[51.706221] (-) TimerEvent: {}
[51.806448] (-) TimerEvent: {}
[51.906670] (-) TimerEvent: {}
[52.006964] (-) TimerEvent: {}
[52.107225] (-) TimerEvent: {}
[52.207491] (-) TimerEvent: {}
[52.307753] (-) TimerEvent: {}
[52.407998] (-) TimerEvent: {}
[52.508239] (-) TimerEvent: {}
[52.608516] (-) TimerEvent: {}
[52.708813] (-) TimerEvent: {}
[52.809061] (-) TimerEvent: {}
[52.909290] (-) TimerEvent: {}
[53.009476] (-) TimerEvent: {}
[53.109751] (-) TimerEvent: {}
[53.210049] (-) TimerEvent: {}
[53.310261] (-) TimerEvent: {}
[53.410378] (-) TimerEvent: {}
[53.510583] (-) TimerEvent: {}
[53.610863] (-) TimerEvent: {}
[53.711092] (-) TimerEvent: {}
[53.811329] (-) TimerEvent: {}
[53.911620] (-) TimerEvent: {}
[54.011860] (-) TimerEvent: {}
[54.112056] (-) TimerEvent: {}
[54.212256] (-) TimerEvent: {}
[54.312378] (-) TimerEvent: {}
[54.412484] (-) TimerEvent: {}
[54.512614] (-) TimerEvent: {}
[54.612744] (-) TimerEvent: {}
[54.713008] (-) TimerEvent: {}
[54.813257] (-) TimerEvent: {}
[54.913389] (-) TimerEvent: {}
[55.013530] (-) TimerEvent: {}
[55.113644] (-) TimerEvent: {}
[55.213750] (-) TimerEvent: {}
[55.313955] (-) TimerEvent: {}
[55.414219] (-) TimerEvent: {}
[55.514438] (-) TimerEvent: {}
[55.614574] (-) TimerEvent: {}
[55.714703] (-) TimerEvent: {}
[55.814944] (-) TimerEvent: {}
[55.915251] (-) TimerEvent: {}
[56.015550] (-) TimerEvent: {}
[56.115841] (-) TimerEvent: {}
[56.215951] (-) TimerEvent: {}
[56.316166] (-) TimerEvent: {}
[56.416362] (-) TimerEvent: {}
[56.516626] (-) TimerEvent: {}
[56.616886] (-) TimerEvent: {}
[56.717226] (-) TimerEvent: {}
[56.817468] (-) TimerEvent: {}
[56.917711] (-) TimerEvent: {}
[57.017953] (-) TimerEvent: {}
[57.118228] (-) TimerEvent: {}
[57.218461] (-) TimerEvent: {}
[57.318674] (-) TimerEvent: {}
[57.418966] (-) TimerEvent: {}
[57.519267] (-) TimerEvent: {}
[57.619507] (-) TimerEvent: {}
[57.719760] (-) TimerEvent: {}
[57.819997] (-) TimerEvent: {}
[57.920175] (-) TimerEvent: {}
[58.020301] (-) TimerEvent: {}
[58.120414] (-) TimerEvent: {}
[58.220524] (-) TimerEvent: {}
[58.320638] (-) TimerEvent: {}
[58.420751] (-) TimerEvent: {}
[58.520873] (-) TimerEvent: {}
[58.621135] (-) TimerEvent: {}
[58.721343] (-) TimerEvent: {}
[58.822422] (-) TimerEvent: {}
[58.922654] (-) TimerEvent: {}
[59.022793] (-) TimerEvent: {}
[59.122989] (-) TimerEvent: {}
[59.223250] (-) TimerEvent: {}
[59.323378] (-) TimerEvent: {}
[59.423556] (-) TimerEvent: {}
[59.523711] (-) TimerEvent: {}
[59.623948] (-) TimerEvent: {}
[59.724139] (-) TimerEvent: {}
[59.824415] (-) TimerEvent: {}
[59.924642] (-) TimerEvent: {}
[60.024864] (-) TimerEvent: {}
[60.124988] (-) TimerEvent: {}
[60.225107] (-) TimerEvent: {}
[60.325337] (-) TimerEvent: {}
[60.425610] (-) TimerEvent: {}
[60.525896] (-) TimerEvent: {}
[60.626139] (-) TimerEvent: {}
[60.726435] (-) TimerEvent: {}
[60.826604] (-) TimerEvent: {}
[60.926795] (-) TimerEvent: {}
[61.026917] (-) TimerEvent: {}
[61.127033] (-) TimerEvent: {}
[61.227147] (-) TimerEvent: {}
[61.327349] (-) TimerEvent: {}
[61.427461] (-) TimerEvent: {}
[61.527567] (-) TimerEvent: {}
[61.627680] (-) TimerEvent: {}
[61.727835] (-) TimerEvent: {}
[61.828084] (-) TimerEvent: {}
[61.928352] (-) TimerEvent: {}
[62.028508] (-) TimerEvent: {}
[62.128765] (-) TimerEvent: {}
[62.229077] (-) TimerEvent: {}
[62.329377] (-) TimerEvent: {}
[62.429510] (-) TimerEvent: {}
[62.529767] (-) TimerEvent: {}
[62.630028] (-) TimerEvent: {}
[62.730343] (-) TimerEvent: {}
[62.830604] (-) TimerEvent: {}
[62.930758] (-) TimerEvent: {}
[63.031058] (-) TimerEvent: {}
[63.131309] (-) TimerEvent: {}
[63.231592] (-) TimerEvent: {}
[63.331897] (-) TimerEvent: {}
[63.432085] (-) TimerEvent: {}
[63.532376] (-) TimerEvent: {}
[63.632621] (-) TimerEvent: {}
[63.732758] (-) TimerEvent: {}
[63.833009] (-) TimerEvent: {}
[63.933304] (-) TimerEvent: {}
[64.033550] (-) TimerEvent: {}
[64.133683] (-) TimerEvent: {}
[64.233785] (-) TimerEvent: {}
[64.333888] (-) TimerEvent: {}
[64.434140] (-) TimerEvent: {}
[64.534288] (-) TimerEvent: {}
[64.634429] (-) TimerEvent: {}
[64.734555] (-) TimerEvent: {}
[64.834676] (-) TimerEvent: {}
[64.934862] (-) TimerEvent: {}
[65.035125] (-) TimerEvent: {}
[65.135318] (-) TimerEvent: {}
[65.235429] (-) TimerEvent: {}
[65.335528] (-) TimerEvent: {}
[65.435636] (-) TimerEvent: {}
[65.535744] (-) TimerEvent: {}
[65.635991] (-) TimerEvent: {}
[65.736183] (-) TimerEvent: {}
[65.836324] (-) TimerEvent: {}
[65.936449] (-) TimerEvent: {}
[66.036679] (-) TimerEvent: {}
[66.136921] (-) TimerEvent: {}
[66.237132] (-) TimerEvent: {}
[66.337344] (-) TimerEvent: {}
[66.437470] (-) TimerEvent: {}
[66.537658] (-) TimerEvent: {}
[66.637878] (-) TimerEvent: {}
[66.738110] (-) TimerEvent: {}
[66.838338] (-) TimerEvent: {}
[66.938461] (-) TimerEvent: {}
[67.038623] (-) TimerEvent: {}
[67.138911] (-) TimerEvent: {}
[67.239141] (-) TimerEvent: {}
[67.339389] (-) TimerEvent: {}
[67.439606] (-) TimerEvent: {}
[67.539838] (-) TimerEvent: {}
[67.640091] (-) TimerEvent: {}
[67.740327] (-) TimerEvent: {}
[67.840465] (-) TimerEvent: {}
[67.940581] (-) TimerEvent: {}
[68.040704] (-) TimerEvent: {}
[68.141006] (-) TimerEvent: {}
[68.241243] (-) TimerEvent: {}
[68.341400] (-) TimerEvent: {}
[68.441518] (-) TimerEvent: {}
[68.541625] (-) TimerEvent: {}
[68.641738] (-) TimerEvent: {}
[68.741889] (-) TimerEvent: {}
[68.842016] (-) TimerEvent: {}
[68.942135] (-) TimerEvent: {}
[69.042227] (-) TimerEvent: {}
[69.142361] (-) TimerEvent: {}
[69.242485] (-) TimerEvent: {}
[69.342600] (-) TimerEvent: {}
[69.442712] (-) TimerEvent: {}
[69.542826] (-) TimerEvent: {}
[69.642959] (-) TimerEvent: {}
[69.743081] (-) TimerEvent: {}
[69.843184] (-) TimerEvent: {}
[69.943314] (-) TimerEvent: {}
[70.043463] (-) TimerEvent: {}
[70.143583] (-) TimerEvent: {}
[70.243712] (-) TimerEvent: {}
[70.343922] (-) TimerEvent: {}
[70.444099] (-) TimerEvent: {}
[70.544354] (-) TimerEvent: {}
[70.644491] (-) TimerEvent: {}
[70.744610] (-) TimerEvent: {}
[70.844728] (-) TimerEvent: {}
[70.944861] (-) TimerEvent: {}
[71.045002] (-) TimerEvent: {}
[71.145199] (-) TimerEvent: {}
[71.245363] (-) TimerEvent: {}
[71.345491] (-) TimerEvent: {}
[71.445604] (-) TimerEvent: {}
[71.545711] (-) TimerEvent: {}
[71.645935] (-) TimerEvent: {}
[71.746255] (-) TimerEvent: {}
[71.846379] (-) TimerEvent: {}
[71.946519] (-) TimerEvent: {}
[72.046656] (-) TimerEvent: {}
[72.146780] (-) TimerEvent: {}
[72.246991] (-) TimerEvent: {}
[72.347253] (-) TimerEvent: {}
[72.447495] (-) TimerEvent: {}
[72.547796] (-) TimerEvent: {}
[72.648080] (-) TimerEvent: {}
[72.748428] (-) TimerEvent: {}
[72.848663] (-) TimerEvent: {}
[72.948790] (-) TimerEvent: {}
[73.049036] (-) TimerEvent: {}
[73.149306] (-) TimerEvent: {}
[73.249576] (-) TimerEvent: {}
[73.349819] (-) TimerEvent: {}
[73.450108] (-) TimerEvent: {}
[73.550353] (-) TimerEvent: {}
[73.650570] (-) TimerEvent: {}
[73.750791] (-) TimerEvent: {}
[73.851041] (-) TimerEvent: {}
[73.951312] (-) TimerEvent: {}
[74.051590] (-) TimerEvent: {}
[74.151839] (-) TimerEvent: {}
[74.252079] (-) TimerEvent: {}
[74.352334] (-) TimerEvent: {}
[74.452678] (-) TimerEvent: {}
[74.552960] (-) TimerEvent: {}
[74.653249] (-) TimerEvent: {}
[74.753495] (-) TimerEvent: {}
[74.853729] (-) TimerEvent: {}
[74.953945] (-) TimerEvent: {}
[75.054148] (-) TimerEvent: {}
[75.154356] (-) TimerEvent: {}
[75.254487] (-) TimerEvent: {}
[75.354687] (-) TimerEvent: {}
[75.454941] (-) TimerEvent: {}
[75.555245] (-) TimerEvent: {}
[75.655501] (-) TimerEvent: {}
[75.755658] (-) TimerEvent: {}
[75.855844] (-) TimerEvent: {}
[75.956132] (-) TimerEvent: {}
[76.056408] (-) TimerEvent: {}
[76.156685] (-) TimerEvent: {}
[76.256986] (-) TimerEvent: {}
[76.357201] (-) TimerEvent: {}
[76.457484] (-) TimerEvent: {}
[76.557718] (-) TimerEvent: {}
[76.657998] (-) TimerEvent: {}
[76.758261] (-) TimerEvent: {}
[76.858571] (-) TimerEvent: {}
[76.958847] (-) TimerEvent: {}
[77.059171] (-) TimerEvent: {}
[77.159327] (-) TimerEvent: {}
[77.259461] (-) TimerEvent: {}
[77.359560] (-) TimerEvent: {}
[77.459683] (-) TimerEvent: {}
[77.559935] (-) TimerEvent: {}
[77.660211] (-) TimerEvent: {}
[77.760349] (-) TimerEvent: {}
[77.860486] (-) TimerEvent: {}
[77.960784] (-) TimerEvent: {}
[78.061046] (-) TimerEvent: {}
[78.161266] (-) TimerEvent: {}
[78.261532] (-) TimerEvent: {}
[78.361832] (-) TimerEvent: {}
[78.462146] (-) TimerEvent: {}
[78.562466] (-) TimerEvent: {}
[78.662767] (-) TimerEvent: {}
[78.763106] (-) TimerEvent: {}
[78.863368] (-) TimerEvent: {}
[78.963610] (-) TimerEvent: {}
[79.063909] (-) TimerEvent: {}
[79.164248] (-) TimerEvent: {}
[79.264370] (-) TimerEvent: {}
[79.364621] (-) TimerEvent: {}
[79.464884] (-) TimerEvent: {}
[79.565081] (-) TimerEvent: {}
[79.665333] (-) TimerEvent: {}
[79.765649] (-) TimerEvent: {}
[79.865947] (-) TimerEvent: {}
[79.966236] (-) TimerEvent: {}
[80.066513] (-) TimerEvent: {}
[80.166805] (-) TimerEvent: {}
[80.267090] (-) TimerEvent: {}
[80.367357] (-) TimerEvent: {}
[80.467673] (-) TimerEvent: {}
[80.567897] (-) TimerEvent: {}
[80.668140] (-) TimerEvent: {}
[80.768400] (-) TimerEvent: {}
[80.868677] (-) TimerEvent: {}
[80.968976] (-) TimerEvent: {}
[81.069279] (-) TimerEvent: {}
[81.169545] (-) TimerEvent: {}
[81.269739] (-) TimerEvent: {}
[81.369953] (-) TimerEvent: {}
[81.470166] (-) TimerEvent: {}
[81.570468] (-) TimerEvent: {}
[81.670622] (-) TimerEvent: {}
[81.770867] (-) TimerEvent: {}
[81.871104] (-) TimerEvent: {}
[81.971357] (-) TimerEvent: {}
[82.071587] (-) TimerEvent: {}
[82.171878] (-) TimerEvent: {}
[82.272156] (-) TimerEvent: {}
[82.372422] (-) TimerEvent: {}
[82.472648] (-) TimerEvent: {}
[82.572922] (-) TimerEvent: {}
[82.673184] (-) TimerEvent: {}
[82.773516] (-) TimerEvent: {}
[82.873794] (-) TimerEvent: {}
[82.974004] (-) TimerEvent: {}
[83.074232] (-) TimerEvent: {}
[83.174382] (-) TimerEvent: {}
[83.274487] (-) TimerEvent: {}
[83.374592] (-) TimerEvent: {}
[83.474700] (-) TimerEvent: {}
[83.574811] (-) TimerEvent: {}
[83.674929] (-) TimerEvent: {}
[83.775175] (-) TimerEvent: {}
[83.875345] (-) TimerEvent: {}
[83.975516] (-) TimerEvent: {}
[84.075643] (-) TimerEvent: {}
[84.175779] (-) TimerEvent: {}
[84.275937] (-) TimerEvent: {}
[84.376082] (-) TimerEvent: {}
[84.476225] (-) TimerEvent: {}
[84.576364] (-) TimerEvent: {}
[84.676556] (-) TimerEvent: {}
[84.776799] (-) TimerEvent: {}
[84.877038] (-) TimerEvent: {}
[84.977347] (-) TimerEvent: {}
[85.077714] (-) TimerEvent: {}
[85.178009] (-) TimerEvent: {}
[85.278338] (-) TimerEvent: {}
[85.378536] (-) TimerEvent: {}
[85.478808] (-) TimerEvent: {}
[85.579107] (-) TimerEvent: {}
[85.679443] (-) TimerEvent: {}
[85.779725] (-) TimerEvent: {}
[85.880021] (-) TimerEvent: {}
[85.980264] (-) TimerEvent: {}
[86.080457] (-) TimerEvent: {}
[86.180645] (-) TimerEvent: {}
[86.281000] (-) TimerEvent: {}
[86.381328] (-) TimerEvent: {}
[86.481582] (-) TimerEvent: {}
[86.581898] (-) TimerEvent: {}
[86.682239] (-) TimerEvent: {}
[86.782553] (-) TimerEvent: {}
[86.882834] (-) TimerEvent: {}
[86.983074] (-) TimerEvent: {}
[87.083326] (-) TimerEvent: {}
[87.183649] (-) TimerEvent: {}
[87.283915] (-) TimerEvent: {}
[87.384150] (-) TimerEvent: {}
[87.484364] (-) TimerEvent: {}
[87.584513] (-) TimerEvent: {}
[87.684633] (-) TimerEvent: {}
[87.784903] (-) TimerEvent: {}
[87.885160] (-) TimerEvent: {}
[87.985478] (-) TimerEvent: {}
[88.085790] (-) TimerEvent: {}
[88.186082] (-) TimerEvent: {}
[88.286375] (-) TimerEvent: {}
[88.386667] (-) TimerEvent: {}
[88.486921] (-) TimerEvent: {}
[88.587238] (-) TimerEvent: {}
[88.687474] (-) TimerEvent: {}
[88.787694] (-) TimerEvent: {}
[88.888017] (-) TimerEvent: {}
[88.988252] (-) TimerEvent: {}
[89.088542] (-) TimerEvent: {}
[89.188839] (-) TimerEvent: {}
[89.289128] (-) TimerEvent: {}
[89.389418] (-) TimerEvent: {}
[89.489689] (-) TimerEvent: {}
[89.589981] (-) TimerEvent: {}
[89.690254] (-) TimerEvent: {}
[89.790520] (-) TimerEvent: {}
[89.890792] (-) TimerEvent: {}
[89.991080] (-) TimerEvent: {}
[90.091315] (-) TimerEvent: {}
[90.191511] (-) TimerEvent: {}
[90.291620] (-) TimerEvent: {}
[90.391737] (-) TimerEvent: {}
[90.491947] (-) TimerEvent: {}
[90.592157] (-) TimerEvent: {}
[90.692313] (-) TimerEvent: {}
[90.792446] (-) TimerEvent: {}
[90.892574] (-) TimerEvent: {}
[90.992705] (-) TimerEvent: {}
[91.096541] (-) TimerEvent: {}
[91.196792] (-) TimerEvent: {}
[91.297024] (-) TimerEvent: {}
[91.397225] (-) TimerEvent: {}
[91.497351] (-) TimerEvent: {}
[91.597572] (-) TimerEvent: {}
[91.697708] (-) TimerEvent: {}
[91.797863] (-) TimerEvent: {}
[91.897998] (-) TimerEvent: {}
[91.998263] (-) TimerEvent: {}
[92.098427] (-) TimerEvent: {}
[92.198660] (-) TimerEvent: {}
[92.298917] (-) TimerEvent: {}
[92.399204] (-) TimerEvent: {}
[92.499385] (-) TimerEvent: {}
[92.599550] (-) TimerEvent: {}
[92.699676] (-) TimerEvent: {}
[92.799813] (-) TimerEvent: {}
[92.900086] (-) TimerEvent: {}
[93.000381] (-) TimerEvent: {}
[93.100668] (-) TimerEvent: {}
[93.200813] (-) TimerEvent: {}
[93.301099] (-) TimerEvent: {}
[93.401387] (-) TimerEvent: {}
[93.501696] (-) TimerEvent: {}
[93.601978] (-) TimerEvent: {}
[93.702111] (-) TimerEvent: {}
[93.802380] (-) TimerEvent: {}
[93.902701] (-) TimerEvent: {}
[94.003005] (-) TimerEvent: {}
[94.103323] (-) TimerEvent: {}
[94.203542] (-) TimerEvent: {}
[94.303783] (-) TimerEvent: {}
[94.403940] (-) TimerEvent: {}
[94.504230] (-) TimerEvent: {}
[94.604486] (-) TimerEvent: {}
[94.704685] (-) TimerEvent: {}
[94.804963] (-) TimerEvent: {}
[94.905183] (-) TimerEvent: {}
[95.005480] (-) TimerEvent: {}
[95.105733] (-) TimerEvent: {}
[95.205979] (-) TimerEvent: {}
[95.306197] (-) TimerEvent: {}
[95.406360] (-) TimerEvent: {}
[95.506618] (-) TimerEvent: {}
[95.606807] (-) TimerEvent: {}
[95.707079] (-) TimerEvent: {}
[95.807215] (-) TimerEvent: {}
[95.907327] (-) TimerEvent: {}
[96.007516] (-) TimerEvent: {}
[96.107641] (-) TimerEvent: {}
[96.207747] (-) TimerEvent: {}
[96.307847] (-) TimerEvent: {}
[96.407969] (-) TimerEvent: {}
[96.508264] (-) TimerEvent: {}
[96.608374] (-) TimerEvent: {}
[96.708503] (-) TimerEvent: {}
[96.808636] (-) TimerEvent: {}
[96.908759] (-) TimerEvent: {}
[97.008877] (-) TimerEvent: {}
[97.108993] (-) TimerEvent: {}
[97.209163] (-) TimerEvent: {}
[97.309270] (-) TimerEvent: {}
[97.409395] (-) TimerEvent: {}
[97.509529] (-) TimerEvent: {}
[97.609648] (-) TimerEvent: {}
[97.709772] (-) TimerEvent: {}
[97.810056] (-) TimerEvent: {}
[97.910183] (-) TimerEvent: {}
[98.010296] (-) TimerEvent: {}
[98.110410] (-) TimerEvent: {}
[98.210539] (-) TimerEvent: {}
[98.310702] (-) TimerEvent: {}
[98.410826] (-) TimerEvent: {}
[98.511034] (-) TimerEvent: {}
[98.611298] (-) TimerEvent: {}
[98.711445] (-) TimerEvent: {}
[98.811567] (-) TimerEvent: {}
[98.911675] (-) TimerEvent: {}
[99.011804] (-) TimerEvent: {}
[99.111940] (-) TimerEvent: {}
[99.212153] (-) TimerEvent: {}
[99.312345] (-) TimerEvent: {}
[99.412483] (-) TimerEvent: {}
[99.512636] (-) TimerEvent: {}
[99.612792] (-) TimerEvent: {}
[99.712954] (-) TimerEvent: {}
[99.813272] (-) TimerEvent: {}
[99.913429] (-) TimerEvent: {}
[100.013565] (-) TimerEvent: {}
[100.113693] (-) TimerEvent: {}
[100.213832] (-) TimerEvent: {}
[100.313959] (-) TimerEvent: {}
[100.414072] (-) TimerEvent: {}
[100.514310] (-) TimerEvent: {}
[100.614467] (-) TimerEvent: {}
[100.714600] (-) TimerEvent: {}
[100.815219] (-) TimerEvent: {}
[100.915381] (-) TimerEvent: {}
[101.015539] (-) TimerEvent: {}
[101.115683] (-) TimerEvent: {}
[101.215808] (-) TimerEvent: {}
[101.316042] (-) TimerEvent: {}
[101.416375] (-) TimerEvent: {}
[101.516512] (-) TimerEvent: {}
[101.616739] (-) TimerEvent: {}
[101.716992] (-) TimerEvent: {}
[101.817239] (-) TimerEvent: {}
[101.917549] (-) TimerEvent: {}
[102.017807] (-) TimerEvent: {}
[102.118151] (-) TimerEvent: {}
[102.218305] (-) TimerEvent: {}
[102.318452] (-) TimerEvent: {}
[102.418587] (-) TimerEvent: {}
[102.518730] (-) TimerEvent: {}
[102.618974] (-) TimerEvent: {}
[102.719133] (-) TimerEvent: {}
[102.819375] (-) TimerEvent: {}
[102.919515] (-) TimerEvent: {}
[103.019642] (-) TimerEvent: {}
[103.119935] (-) TimerEvent: {}
[103.220257] (-) TimerEvent: {}
[103.320497] (-) TimerEvent: {}
[103.420615] (-) TimerEvent: {}
[103.520879] (-) TimerEvent: {}
[103.621011] (-) TimerEvent: {}
[103.721253] (-) TimerEvent: {}
[103.821547] (-) TimerEvent: {}
[103.921788] (-) TimerEvent: {}
[104.022095] (-) TimerEvent: {}
[104.122419] (-) TimerEvent: {}
[104.222743] (-) TimerEvent: {}
[104.323011] (-) TimerEvent: {}
[104.423234] (-) TimerEvent: {}
[104.523501] (-) TimerEvent: {}
[104.623655] (-) TimerEvent: {}
[104.723779] (-) TimerEvent: {}
[104.823923] (-) TimerEvent: {}
[104.924095] (-) TimerEvent: {}
[105.024538] (-) TimerEvent: {}
[105.124773] (-) TimerEvent: {}
[105.224967] (-) TimerEvent: {}
[105.327385] (-) TimerEvent: {}
[105.427588] (-) TimerEvent: {}
[105.527796] (-) TimerEvent: {}
[105.628026] (-) TimerEvent: {}
[105.728230] (-) TimerEvent: {}
[105.828479] (-) TimerEvent: {}
[105.928715] (-) TimerEvent: {}
[106.029001] (-) TimerEvent: {}
[106.129233] (-) TimerEvent: {}
[106.229402] (-) TimerEvent: {}
[106.329589] (-) TimerEvent: {}
[106.429854] (-) TimerEvent: {}
[106.530112] (-) TimerEvent: {}
[106.630343] (-) TimerEvent: {}
[106.730607] (-) TimerEvent: {}
[106.830733] (-) TimerEvent: {}
[106.930982] (-) TimerEvent: {}
[107.031266] (-) TimerEvent: {}
[107.131574] (-) TimerEvent: {}
[107.231793] (-) TimerEvent: {}
[107.331918] (-) TimerEvent: {}
[107.432224] (-) TimerEvent: {}
[107.532522] (-) TimerEvent: {}
[107.632759] (-) TimerEvent: {}
[107.733021] (-) TimerEvent: {}
[107.833261] (-) TimerEvent: {}
[107.933547] (-) TimerEvent: {}
[108.033841] (-) TimerEvent: {}
[108.134106] (-) TimerEvent: {}
[108.234398] (-) TimerEvent: {}
[108.334624] (-) TimerEvent: {}
[108.434820] (-) TimerEvent: {}
[108.535104] (-) TimerEvent: {}
[108.635399] (-) TimerEvent: {}
[108.735686] (-) TimerEvent: {}
[108.835948] (-) TimerEvent: {}
[108.936257] (-) TimerEvent: {}
[109.036530] (-) TimerEvent: {}
[109.136805] (-) TimerEvent: {}
[109.237053] (-) TimerEvent: {}
[109.337308] (-) TimerEvent: {}
[109.437446] (-) TimerEvent: {}
[109.537684] (-) TimerEvent: {}
[109.637959] (-) TimerEvent: {}
[109.738220] (-) TimerEvent: {}
[109.838486] (-) TimerEvent: {}
[109.938693] (-) TimerEvent: {}
[110.038944] (-) TimerEvent: {}
[110.139249] (-) TimerEvent: {}
[110.239503] (-) TimerEvent: {}
[110.339782] (-) TimerEvent: {}
[110.440021] (-) TimerEvent: {}
[110.540289] (-) TimerEvent: {}
[110.640425] (-) TimerEvent: {}
[110.740669] (-) TimerEvent: {}
[110.840892] (-) TimerEvent: {}
[110.941205] (-) TimerEvent: {}
[111.041330] (-) TimerEvent: {}
[111.141606] (-) TimerEvent: {}
[111.241878] (-) TimerEvent: {}
[111.342050] (-) TimerEvent: {}
[111.442393] (-) TimerEvent: {}
[111.542635] (-) TimerEvent: {}
[111.642857] (-) TimerEvent: {}
[111.743125] (-) TimerEvent: {}
[111.843369] (-) TimerEvent: {}
[111.943614] (-) TimerEvent: {}
[112.043838] (-) TimerEvent: {}
[112.144120] (-) TimerEvent: {}
[112.244375] (-) TimerEvent: {}
[112.344488] (-) TimerEvent: {}
[112.444596] (-) TimerEvent: {}
[112.544810] (-) TimerEvent: {}
[112.645019] (-) TimerEvent: {}
[112.745212] (-) TimerEvent: {}
[112.845486] (-) TimerEvent: {}
[112.945709] (-) TimerEvent: {}
[113.045957] (-) TimerEvent: {}
[113.146209] (-) TimerEvent: {}
[113.246383] (-) TimerEvent: {}
[113.346646] (-) TimerEvent: {}
[113.446768] (-) TimerEvent: {}
[113.546877] (-) TimerEvent: {}
[113.646981] (-) TimerEvent: {}
[113.747090] (-) TimerEvent: {}
[113.847304] (-) TimerEvent: {}
[113.947446] (-) TimerEvent: {}
[114.047565] (-) TimerEvent: {}
[114.147687] (-) TimerEvent: {}
[114.247807] (-) TimerEvent: {}
[114.348027] (-) TimerEvent: {}
[114.448268] (-) TimerEvent: {}
[114.548426] (-) TimerEvent: {}
[114.648675] (-) TimerEvent: {}
[114.748969] (-) TimerEvent: {}
[114.849239] (-) TimerEvent: {}
[114.949492] (-) TimerEvent: {}
[115.049714] (-) TimerEvent: {}
[115.149955] (-) TimerEvent: {}
[115.250251] (-) TimerEvent: {}
[115.350532] (-) TimerEvent: {}
[115.450813] (-) TimerEvent: {}
[115.551090] (-) TimerEvent: {}
[115.651389] (-) TimerEvent: {}
[115.751665] (-) TimerEvent: {}
[115.851916] (-) TimerEvent: {}
[115.952237] (-) TimerEvent: {}
[116.052457] (-) TimerEvent: {}
[116.152694] (-) TimerEvent: {}
[116.252972] (-) TimerEvent: {}
[116.353226] (-) TimerEvent: {}
[116.453450] (-) TimerEvent: {}
[116.553707] (-) TimerEvent: {}
[116.653983] (-) TimerEvent: {}
[116.754258] (-) TimerEvent: {}
[116.854493] (-) TimerEvent: {}
[116.954779] (-) TimerEvent: {}
[117.055084] (-) TimerEvent: {}
[117.155379] (-) TimerEvent: {}
[117.255658] (-) TimerEvent: {}
[117.355781] (-) TimerEvent: {}
[117.456069] (-) TimerEvent: {}
[117.556214] (-) TimerEvent: {}
[117.656311] (-) TimerEvent: {}
[117.756594] (-) TimerEvent: {}
[117.856911] (-) TimerEvent: {}
[117.957174] (-) TimerEvent: {}
[118.057316] (-) TimerEvent: {}
[118.157621] (-) TimerEvent: {}
[118.257731] (-) TimerEvent: {}
[118.357849] (-) TimerEvent: {}
[118.457965] (-) TimerEvent: {}
[118.558180] (-) TimerEvent: {}
[118.658288] (-) TimerEvent: {}
[118.758430] (-) TimerEvent: {}
[118.858561] (-) TimerEvent: {}
[118.958675] (-) TimerEvent: {}
[119.058867] (-) TimerEvent: {}
[119.159067] (-) TimerEvent: {}
[119.259270] (-) TimerEvent: {}
[119.359423] (-) TimerEvent: {}
[119.459559] (-) TimerEvent: {}
[119.559671] (-) TimerEvent: {}
[119.659791] (-) TimerEvent: {}
[119.759907] (-) TimerEvent: {}
[119.860046] (-) TimerEvent: {}
[119.960155] (-) TimerEvent: {}
[120.060657] (-) TimerEvent: {}
[120.160764] (-) TimerEvent: {}
[120.260879] (-) TimerEvent: {}
[120.361002] (-) TimerEvent: {}
[120.461144] (-) TimerEvent: {}
[120.561306] (-) TimerEvent: {}
[120.661428] (-) TimerEvent: {}
[120.761557] (-) TimerEvent: {}
[120.861690] (-) TimerEvent: {}
[120.961816] (-) TimerEvent: {}
[121.061925] (-) TimerEvent: {}
[121.162049] (-) TimerEvent: {}
[121.262207] (-) TimerEvent: {}
[121.364539] (-) TimerEvent: {}
[121.464811] (-) TimerEvent: {}
[121.565026] (-) TimerEvent: {}
[121.665268] (-) TimerEvent: {}
[121.765524] (-) TimerEvent: {}
[121.865833] (-) TimerEvent: {}
[121.966136] (-) TimerEvent: {}
[122.066440] (-) TimerEvent: {}
[122.166556] (-) TimerEvent: {}
[122.266673] (-) TimerEvent: {}
[122.366786] (-) TimerEvent: {}
[122.466917] (-) TimerEvent: {}
[122.567226] (-) TimerEvent: {}
[122.667339] (-) TimerEvent: {}
[122.767622] (-) TimerEvent: {}
[122.867931] (-) TimerEvent: {}
[122.968123] (-) TimerEvent: {}
[123.068355] (-) TimerEvent: {}
[123.168616] (-) TimerEvent: {}
[123.268885] (-) TimerEvent: {}
[123.369120] (-) TimerEvent: {}
[123.469369] (-) TimerEvent: {}
[123.569504] (-) TimerEvent: {}
[123.669628] (-) TimerEvent: {}
[123.769754] (-) TimerEvent: {}
[123.869881] (-) TimerEvent: {}
[123.970116] (-) TimerEvent: {}
[124.070365] (-) TimerEvent: {}
[124.170500] (-) TimerEvent: {}
[124.270626] (-) TimerEvent: {}
[124.370744] (-) TimerEvent: {}
[124.470852] (-) TimerEvent: {}
[124.571095] (-) TimerEvent: {}
[124.671342] (-) TimerEvent: {}
[124.771586] (-) TimerEvent: {}
[124.871703] (-) TimerEvent: {}
[124.971882] (-) TimerEvent: {}
[125.072155] (-) TimerEvent: {}
[125.172395] (-) TimerEvent: {}
[125.272643] (-) TimerEvent: {}
[125.372956] (-) TimerEvent: {}
[125.473073] (-) TimerEvent: {}
[125.573319] (-) TimerEvent: {}
[125.673456] (-) TimerEvent: {}
[125.773581] (-) TimerEvent: {}
[125.873696] (-) TimerEvent: {}
[125.973812] (-) TimerEvent: {}
[126.073939] (-) TimerEvent: {}
[126.174046] (-) TimerEvent: {}
[126.274153] (-) TimerEvent: {}
[126.374233] (-) TimerEvent: {}
[126.474342] (-) TimerEvent: {}
[126.574458] (-) TimerEvent: {}
[126.675542] (-) TimerEvent: {}
[126.775671] (-) TimerEvent: {}
[126.875799] (-) TimerEvent: {}
[126.975937] (-) TimerEvent: {}
[127.076066] (-) TimerEvent: {}
[127.176198] (-) TimerEvent: {}
[127.276343] (-) TimerEvent: {}
[127.376472] (-) TimerEvent: {}
[127.476616] (-) TimerEvent: {}
[127.576768] (-) TimerEvent: {}
[127.677410] (-) TimerEvent: {}
[127.777578] (-) TimerEvent: {}
[127.877705] (-) TimerEvent: {}
[127.980224] (-) TimerEvent: {}
[128.080352] (-) TimerEvent: {}
[128.180483] (-) TimerEvent: {}
[128.280607] (-) TimerEvent: {}
[128.380737] (-) TimerEvent: {}
[128.480857] (-) TimerEvent: {}
[128.581135] (-) TimerEvent: {}
[128.681383] (-) TimerEvent: {}
[128.781521] (-) TimerEvent: {}
[128.881663] (-) TimerEvent: {}
[128.981788] (-) TimerEvent: {}
[129.081906] (-) TimerEvent: {}
[129.182022] (-) TimerEvent: {}
[129.282243] (-) TimerEvent: {}
[129.382369] (-) TimerEvent: {}
[129.482508] (-) TimerEvent: {}
[129.582757] (-) TimerEvent: {}
[129.682883] (-) TimerEvent: {}
[129.783004] (-) TimerEvent: {}
[129.883133] (-) TimerEvent: {}
[129.983349] (-) TimerEvent: {}
[130.083590] (-) TimerEvent: {}
[130.183841] (-) TimerEvent: {}
[130.284132] (-) TimerEvent: {}
[130.384356] (-) TimerEvent: {}
[130.484563] (-) TimerEvent: {}
[130.584760] (-) TimerEvent: {}
[130.685017] (-) TimerEvent: {}
[130.785247] (-) TimerEvent: {}
[130.885394] (-) TimerEvent: {}
[130.985529] (-) TimerEvent: {}
[131.085746] (-) TimerEvent: {}
[131.185951] (-) TimerEvent: {}
[131.286177] (-) TimerEvent: {}
[131.386399] (-) TimerEvent: {}
[131.486696] (-) TimerEvent: {}
[131.586954] (-) TimerEvent: {}
[131.687225] (-) TimerEvent: {}
[131.787355] (-) TimerEvent: {}
[131.887484] (-) TimerEvent: {}
[131.987690] (-) TimerEvent: {}
[132.088011] (-) TimerEvent: {}
[132.188250] (-) TimerEvent: {}
[132.288516] (-) TimerEvent: {}
[132.388673] (-) TimerEvent: {}
[132.488820] (-) TimerEvent: {}
[132.588988] (-) TimerEvent: {}
[132.689110] (-) TimerEvent: {}
[132.789440] (-) TimerEvent: {}
[132.889600] (-) TimerEvent: {}
[132.989750] (-) TimerEvent: {}
[133.089970] (-) TimerEvent: {}
[133.190157] (-) TimerEvent: {}
[133.290285] (-) TimerEvent: {}
[133.390469] (-) TimerEvent: {}
[133.490625] (-) TimerEvent: {}
[133.590747] (-) TimerEvent: {}
[133.690962] (-) TimerEvent: {}
[133.791114] (-) TimerEvent: {}
[133.891250] (-) TimerEvent: {}
[133.991379] (-) TimerEvent: {}
[134.091527] (-) TimerEvent: {}
[134.191651] (-) TimerEvent: {}
[134.291788] (-) TimerEvent: {}
[134.391927] (-) TimerEvent: {}
[134.492066] (-) TimerEvent: {}
[134.592234] (-) TimerEvent: {}
[134.692379] (-) TimerEvent: {}
[134.792539] (-) TimerEvent: {}
[134.892685] (-) TimerEvent: {}
[134.992831] (-) TimerEvent: {}
[135.093000] (-) TimerEvent: {}
[135.193166] (-) TimerEvent: {}
[135.293288] (-) TimerEvent: {}
[135.393422] (-) TimerEvent: {}
[135.493561] (-) TimerEvent: {}
[135.593703] (-) TimerEvent: {}
[135.693846] (-) TimerEvent: {}
[135.793997] (-) TimerEvent: {}
[135.894134] (-) TimerEvent: {}
[135.994275] (-) TimerEvent: {}
[136.094416] (-) TimerEvent: {}
[136.194680] (-) TimerEvent: {}
[136.294940] (-) TimerEvent: {}
[136.395220] (-) TimerEvent: {}
[136.495424] (-) TimerEvent: {}
[136.595698] (-) TimerEvent: {}
[136.695978] (-) TimerEvent: {}
[136.796246] (-) TimerEvent: {}
[136.896509] (-) TimerEvent: {}
[136.996735] (-) TimerEvent: {}
[137.096865] (-) TimerEvent: {}
[137.197101] (-) TimerEvent: {}
[137.297329] (-) TimerEvent: {}
[137.397553] (-) TimerEvent: {}
[137.497818] (-) TimerEvent: {}
[137.598099] (-) TimerEvent: {}
[137.698404] (-) TimerEvent: {}
[137.798648] (-) TimerEvent: {}
[137.898796] (-) TimerEvent: {}
[137.999039] (-) TimerEvent: {}
[138.099394] (-) TimerEvent: {}
[138.199543] (-) TimerEvent: {}
[138.299709] (-) TimerEvent: {}
[138.399850] (-) TimerEvent: {}
[138.500089] (-) TimerEvent: {}
[138.600310] (-) TimerEvent: {}
[138.700448] (-) TimerEvent: {}
[138.800570] (-) TimerEvent: {}
[138.900692] (-) TimerEvent: {}
[139.000872] (-) TimerEvent: {}
[139.100983] (-) TimerEvent: {}
[139.201178] (-) TimerEvent: {}
[139.301301] (-) TimerEvent: {}
[139.401455] (-) TimerEvent: {}
[139.501605] (-) TimerEvent: {}
[139.601740] (-) TimerEvent: {}
[139.702046] (-) TimerEvent: {}
[139.802362] (-) TimerEvent: {}
[139.902571] (-) TimerEvent: {}
[140.002813] (-) TimerEvent: {}
[140.103041] (-) TimerEvent: {}
[140.203296] (-) TimerEvent: {}
[140.303531] (-) TimerEvent: {}
[140.403687] (-) TimerEvent: {}
[140.503958] (-) TimerEvent: {}
[140.604219] (-) TimerEvent: {}
[140.704459] (-) TimerEvent: {}
[140.804724] (-) TimerEvent: {}
[140.904967] (-) TimerEvent: {}
[141.005185] (-) TimerEvent: {}
[141.105459] (-) TimerEvent: {}
[141.205805] (-) TimerEvent: {}
[141.305944] (-) TimerEvent: {}
[141.406090] (-) TimerEvent: {}
[141.506229] (-) TimerEvent: {}
[141.606381] (-) TimerEvent: {}
[141.706534] (-) TimerEvent: {}
[141.806667] (-) TimerEvent: {}
[141.906792] (-) TimerEvent: {}
[142.006902] (-) TimerEvent: {}
[142.107009] (-) TimerEvent: {}
[142.207120] (-) TimerEvent: {}
[142.307247] (-) TimerEvent: {}
[142.407504] (-) TimerEvent: {}
[142.507683] (-) TimerEvent: {}
[142.607845] (-) TimerEvent: {}
[142.707990] (-) TimerEvent: {}
[142.808215] (-) TimerEvent: {}
[142.908355] (-) TimerEvent: {}
[143.008471] (-) TimerEvent: {}
[143.108598] (-) TimerEvent: {}
[143.208718] (-) TimerEvent: {}
[143.308832] (-) TimerEvent: {}
[143.408946] (-) TimerEvent: {}
[143.509096] (-) TimerEvent: {}
[143.609252] (-) TimerEvent: {}
[143.709424] (-) TimerEvent: {}
[143.809568] (-) TimerEvent: {}
[143.909723] (-) TimerEvent: {}
[144.009887] (-) TimerEvent: {}
[144.110053] (-) TimerEvent: {}
[144.210227] (-) TimerEvent: {}
[144.310368] (-) TimerEvent: {}
[144.410493] (-) TimerEvent: {}
[144.510638] (-) TimerEvent: {}
[144.610803] (-) TimerEvent: {}
[144.711128] (-) TimerEvent: {}
[144.811281] (-) TimerEvent: {}
[144.911443] (-) TimerEvent: {}
[145.011571] (-) TimerEvent: {}
[145.111710] (-) TimerEvent: {}
[145.211977] (-) TimerEvent: {}
[145.312256] (-) TimerEvent: {}
[145.412421] (-) TimerEvent: {}
[145.512598] (-) TimerEvent: {}
[145.612774] (-) TimerEvent: {}
[145.713016] (-) TimerEvent: {}
[145.813295] (-) TimerEvent: {}
[145.913570] (-) TimerEvent: {}
[146.013809] (-) TimerEvent: {}
[146.114116] (-) TimerEvent: {}
[146.214325] (-) TimerEvent: {}
[146.314576] (-) TimerEvent: {}
[146.414710] (-) TimerEvent: {}
[146.514979] (-) TimerEvent: {}
[146.615259] (-) TimerEvent: {}
[146.715421] (-) TimerEvent: {}
[146.815740] (-) TimerEvent: {}
[146.915871] (-) TimerEvent: {}
[147.016007] (-) TimerEvent: {}
[147.116160] (-) TimerEvent: {}
[147.216439] (-) TimerEvent: {}
[147.316555] (-) TimerEvent: {}
[147.416859] (-) TimerEvent: {}
[147.517153] (-) TimerEvent: {}
[147.617367] (-) TimerEvent: {}
[147.717641] (-) TimerEvent: {}
[147.817878] (-) TimerEvent: {}
[147.917996] (-) TimerEvent: {}
[148.018224] (-) TimerEvent: {}
[148.118358] (-) TimerEvent: {}
[148.218492] (-) TimerEvent: {}
[148.318600] (-) TimerEvent: {}
[148.418707] (-) TimerEvent: {}
[148.518824] (-) TimerEvent: {}
[148.619110] (-) TimerEvent: {}
[148.719385] (-) TimerEvent: {}
[148.819526] (-) TimerEvent: {}
[148.919648] (-) TimerEvent: {}
[149.019779] (-) TimerEvent: {}
[149.119903] (-) TimerEvent: {}
[149.220169] (-) TimerEvent: {}
[149.320397] (-) TimerEvent: {}
[149.420528] (-) TimerEvent: {}
[149.520648] (-) TimerEvent: {}
[149.620759] (-) TimerEvent: {}
[149.721027] (-) TimerEvent: {}
[149.821330] (-) TimerEvent: {}
[149.921496] (-) TimerEvent: {}
[150.021647] (-) TimerEvent: {}
[150.121780] (-) TimerEvent: {}
[150.222061] (-) TimerEvent: {}
[150.322309] (-) TimerEvent: {}
[150.422456] (-) TimerEvent: {}
[150.522584] (-) TimerEvent: {}
[150.622709] (-) TimerEvent: {}
[150.722893] (-) TimerEvent: {}
[150.823063] (-) TimerEvent: {}
[150.923326] (-) TimerEvent: {}
[151.023474] (-) TimerEvent: {}
[151.123601] (-) TimerEvent: {}
[151.223728] (-) TimerEvent: {}
[151.323864] (-) TimerEvent: {}
[151.423993] (-) TimerEvent: {}
[151.524149] (-) TimerEvent: {}
[151.624330] (-) TimerEvent: {}
[151.724479] (-) TimerEvent: {}
[151.828372] (-) TimerEvent: {}
[151.928645] (-) TimerEvent: {}
[152.028972] (-) TimerEvent: {}
[152.129301] (-) TimerEvent: {}
[152.229450] (-) TimerEvent: {}
[152.329577] (-) TimerEvent: {}
[152.429689] (-) TimerEvent: {}
[152.529807] (-) TimerEvent: {}
[152.629906] (-) TimerEvent: {}
[152.730057] (-) TimerEvent: {}
[152.830173] (-) TimerEvent: {}
[152.930381] (-) TimerEvent: {}
[153.030627] (-) TimerEvent: {}
[153.130839] (-) TimerEvent: {}
[153.230958] (-) TimerEvent: {}
[153.331084] (-) TimerEvent: {}
[153.431226] (-) TimerEvent: {}
[153.531377] (-) TimerEvent: {}
[153.631501] (-) TimerEvent: {}
[153.731644] (-) TimerEvent: {}
[153.831921] (-) TimerEvent: {}
[153.932060] (-) TimerEvent: {}
[154.032322] (-) TimerEvent: {}
[154.132477] (-) TimerEvent: {}
[154.232602] (-) TimerEvent: {}
[154.332740] (-) TimerEvent: {}
[154.432947] (-) TimerEvent: {}
[154.533225] (-) TimerEvent: {}
[154.633394] (-) TimerEvent: {}
[154.733529] (-) TimerEvent: {}
[154.833715] (-) TimerEvent: {}
[154.933853] (-) TimerEvent: {}
[155.034178] (-) TimerEvent: {}
[155.134455] (-) TimerEvent: {}
[155.234573] (-) TimerEvent: {}
[155.334710] (-) TimerEvent: {}
[155.434919] (-) TimerEvent: {}
[155.535210] (-) TimerEvent: {}
[155.635391] (-) TimerEvent: {}
[155.735514] (-) TimerEvent: {}
[155.835640] (-) TimerEvent: {}
[155.935772] (-) TimerEvent: {}
[156.035927] (-) TimerEvent: {}
[156.136257] (-) TimerEvent: {}
[156.236389] (-) TimerEvent: {}
[156.336493] (-) TimerEvent: {}
[156.436601] (-) TimerEvent: {}
[156.536724] (-) TimerEvent: {}
[156.636855] (-) TimerEvent: {}
[156.736990] (-) TimerEvent: {}
[156.837115] (-) TimerEvent: {}
[156.937233] (-) TimerEvent: {}
[157.037348] (-) TimerEvent: {}
[157.137588] (-) TimerEvent: {}
[157.237714] (-) TimerEvent: {}
[157.337843] (-) TimerEvent: {}
[157.437971] (-) TimerEvent: {}
[157.538086] (-) TimerEvent: {}
[157.638200] (-) TimerEvent: {}
[157.738320] (-) TimerEvent: {}
[157.838443] (-) TimerEvent: {}
[157.938659] (-) TimerEvent: {}
[158.038790] (-) TimerEvent: {}
[158.138917] (-) TimerEvent: {}
[158.239055] (-) TimerEvent: {}
[158.339178] (-) TimerEvent: {}
[158.439298] (-) TimerEvent: {}
[158.539410] (-) TimerEvent: {}
[158.639513] (-) TimerEvent: {}
[158.739629] (-) TimerEvent: {}
[158.839739] (-) TimerEvent: {}
[158.939854] (-) TimerEvent: {}
[159.039972] (-) TimerEvent: {}
[159.140118] (-) TimerEvent: {}
[159.240359] (-) TimerEvent: {}
[159.340493] (-) TimerEvent: {}
[159.440606] (-) TimerEvent: {}
[159.540733] (-) TimerEvent: {}
[159.640859] (-) TimerEvent: {}
[159.741084] (-) TimerEvent: {}
[159.841310] (-) TimerEvent: {}
[159.941587] (-) TimerEvent: {}
[160.041902] (-) TimerEvent: {}
[160.142210] (-) TimerEvent: {}
[160.242476] (-) TimerEvent: {}
[160.342707] (-) TimerEvent: {}
[160.442953] (-) TimerEvent: {}
[160.543233] (-) TimerEvent: {}
[160.643374] (-) TimerEvent: {}
[160.743521] (-) TimerEvent: {}
[160.843673] (-) TimerEvent: {}
[160.943948] (-) TimerEvent: {}
[161.044263] (-) TimerEvent: {}
[161.144410] (-) TimerEvent: {}
[161.244550] (-) TimerEvent: {}
[161.344719] (-) TimerEvent: {}
[161.444882] (-) TimerEvent: {}
[161.545163] (-) TimerEvent: {}
[161.645389] (-) TimerEvent: {}
[161.745536] (-) TimerEvent: {}
[161.845802] (-) TimerEvent: {}
[161.946136] (-) TimerEvent: {}
[162.046310] (-) TimerEvent: {}
[162.146433] (-) TimerEvent: {}
[162.246556] (-) TimerEvent: {}
[162.346705] (-) TimerEvent: {}
[162.446842] (-) TimerEvent: {}
[162.546958] (-) TimerEvent: {}
[162.647087] (-) TimerEvent: {}
[162.747227] (-) TimerEvent: {}
[162.847344] (-) TimerEvent: {}
[162.947459] (-) TimerEvent: {}
[163.047574] (-) TimerEvent: {}
[163.147862] (-) TimerEvent: {}
[163.248102] (-) TimerEvent: {}
[163.348690] (-) TimerEvent: {}
[163.448886] (-) TimerEvent: {}
[163.549093] (-) TimerEvent: {}
[163.649347] (-) TimerEvent: {}
[163.749658] (-) TimerEvent: {}
[163.849855] (-) TimerEvent: {}
[163.950139] (-) TimerEvent: {}
[164.050460] (-) TimerEvent: {}
[164.150582] (-) TimerEvent: {}
[164.250717] (-) TimerEvent: {}
[164.350973] (-) TimerEvent: {}
[164.451264] (-) TimerEvent: {}
[164.551530] (-) TimerEvent: {}
[164.651819] (-) TimerEvent: {}
[164.752080] (-) TimerEvent: {}
[164.852345] (-) TimerEvent: {}
[164.952588] (-) TimerEvent: {}
[165.052834] (-) TimerEvent: {}
[165.153135] (-) TimerEvent: {}
[165.253443] (-) TimerEvent: {}
[165.353710] (-) TimerEvent: {}
[165.454017] (-) TimerEvent: {}
[165.554270] (-) TimerEvent: {}
[165.654438] (-) TimerEvent: {}
[165.754679] (-) TimerEvent: {}
[165.854895] (-) TimerEvent: {}
[165.955171] (-) TimerEvent: {}
[166.055371] (-) TimerEvent: {}
[166.155577] (-) TimerEvent: {}
[166.255799] (-) TimerEvent: {}
[166.356033] (-) TimerEvent: {}
[166.456290] (-) TimerEvent: {}
[166.556561] (-) TimerEvent: {}
[166.656850] (-) TimerEvent: {}
[166.757125] (-) TimerEvent: {}
[166.857371] (-) TimerEvent: {}
[166.957579] (-) TimerEvent: {}
[167.057844] (-) TimerEvent: {}
[167.158076] (-) TimerEvent: {}
[167.258351] (-) TimerEvent: {}
[167.358515] (-) TimerEvent: {}
[167.458671] (-) TimerEvent: {}
[167.558951] (-) TimerEvent: {}
[167.659184] (-) TimerEvent: {}
[167.759394] (-) TimerEvent: {}
[167.859596] (-) TimerEvent: {}
[167.959816] (-) TimerEvent: {}
[168.060043] (-) TimerEvent: {}
[168.160266] (-) TimerEvent: {}
[168.260510] (-) TimerEvent: {}
[168.360829] (-) TimerEvent: {}
[168.461074] (-) TimerEvent: {}
[168.561319] (-) TimerEvent: {}
[168.661621] (-) TimerEvent: {}
[168.761927] (-) TimerEvent: {}
[168.862232] (-) TimerEvent: {}
[168.962566] (-) TimerEvent: {}
[169.062800] (-) TimerEvent: {}
[169.163098] (-) TimerEvent: {}
[169.263355] (-) TimerEvent: {}
[169.363660] (-) TimerEvent: {}
[169.463930] (-) TimerEvent: {}
[169.564177] (-) TimerEvent: {}
[169.664462] (-) TimerEvent: {}
[169.764831] (-) TimerEvent: {}
[169.865107] (-) TimerEvent: {}
[169.965406] (-) TimerEvent: {}
[170.065696] (-) TimerEvent: {}
[170.165979] (-) TimerEvent: {}
[170.266308] (-) TimerEvent: {}
[170.366544] (-) TimerEvent: {}
[170.466814] (-) TimerEvent: {}
[170.567064] (-) TimerEvent: {}
[170.667332] (-) TimerEvent: {}
[170.767604] (-) TimerEvent: {}
[170.867896] (-) TimerEvent: {}
[170.968133] (-) TimerEvent: {}
[171.068334] (-) TimerEvent: {}
[171.168476] (-) TimerEvent: {}
[171.268598] (-) TimerEvent: {}
[171.368710] (-) TimerEvent: {}
[171.468848] (-) TimerEvent: {}
[171.569124] (-) TimerEvent: {}
[171.669320] (-) TimerEvent: {}
[171.769493] (-) TimerEvent: {}
[171.869624] (-) TimerEvent: {}
[171.969757] (-) TimerEvent: {}
[172.069901] (-) TimerEvent: {}
[172.170019] (-) TimerEvent: {}
[172.270273] (-) TimerEvent: {}
[172.370423] (-) TimerEvent: {}
[172.470549] (-) TimerEvent: {}
[172.570664] (-) TimerEvent: {}
[172.670884] (-) TimerEvent: {}
[172.771023] (-) TimerEvent: {}
[172.871157] (-) TimerEvent: {}
[172.971332] (-) TimerEvent: {}
[173.071495] (-) TimerEvent: {}
[173.171775] (-) TimerEvent: {}
[173.271904] (-) TimerEvent: {}
[173.372103] (-) TimerEvent: {}
[173.472214] (-) TimerEvent: {}
[173.572390] (-) TimerEvent: {}
[173.672580] (-) TimerEvent: {}
[173.772714] (-) TimerEvent: {}
[173.872887] (-) TimerEvent: {}
[173.973155] (-) TimerEvent: {}
[174.073385] (-) TimerEvent: {}
[174.173553] (-) TimerEvent: {}
[174.273680] (-) TimerEvent: {}
[174.373800] (-) TimerEvent: {}
[174.473937] (-) TimerEvent: {}
[174.574078] (-) TimerEvent: {}
[174.674321] (-) TimerEvent: {}
[174.774461] (-) TimerEvent: {}
[174.874584] (-) TimerEvent: {}
[174.974743] (-) TimerEvent: {}
[175.074974] (-) TimerEvent: {}
[175.175233] (-) TimerEvent: {}
[175.275366] (-) TimerEvent: {}
[175.375495] (-) TimerEvent: {}
[175.475598] (-) TimerEvent: {}
[175.575744] (-) TimerEvent: {}
[175.675925] (-) TimerEvent: {}
[175.776096] (-) TimerEvent: {}
[175.876244] (-) TimerEvent: {}
[175.976421] (-) TimerEvent: {}
[176.076592] (-) TimerEvent: {}
[176.176763] (-) TimerEvent: {}
[176.277032] (-) TimerEvent: {}
[176.377341] (-) TimerEvent: {}
[176.477496] (-) TimerEvent: {}
[176.577658] (-) TimerEvent: {}
[176.677814] (-) TimerEvent: {}
[176.778066] (-) TimerEvent: {}
[176.878306] (-) TimerEvent: {}
[176.978577] (-) TimerEvent: {}
[177.078804] (-) TimerEvent: {}
[177.180230] (-) TimerEvent: {}
[177.280367] (-) TimerEvent: {}
[177.380544] (-) TimerEvent: {}
[177.480723] (-) TimerEvent: {}
[177.580899] (-) TimerEvent: {}
[177.681216] (-) TimerEvent: {}
[177.781402] (-) TimerEvent: {}
[177.881685] (-) TimerEvent: {}
[177.981848] (-) TimerEvent: {}
[178.081990] (-) TimerEvent: {}
[178.182115] (-) TimerEvent: {}
[178.282252] (-) TimerEvent: {}
[178.382372] (-) TimerEvent: {}
[178.482489] (-) TimerEvent: {}
[178.582621] (-) TimerEvent: {}
[178.682911] (-) TimerEvent: {}
[178.783135] (-) TimerEvent: {}
[178.883345] (-) TimerEvent: {}
[178.983487] (-) TimerEvent: {}
[179.083629] (-) TimerEvent: {}
[179.183775] (-) TimerEvent: {}
[179.284029] (-) TimerEvent: {}
[179.384257] (-) TimerEvent: {}
[179.484387] (-) TimerEvent: {}
[179.584524] (-) TimerEvent: {}
[179.684668] (-) TimerEvent: {}
[179.784815] (-) TimerEvent: {}
[179.885086] (-) TimerEvent: {}
[179.985401] (-) TimerEvent: {}
[180.085639] (-) TimerEvent: {}
[180.185777] (-) TimerEvent: {}
[180.285975] (-) TimerEvent: {}
[180.386235] (-) TimerEvent: {}
[180.486395] (-) TimerEvent: {}
[180.586517] (-) TimerEvent: {}
[180.686655] (-) TimerEvent: {}
[180.786799] (-) TimerEvent: {}
[180.887077] (-) TimerEvent: {}
[180.987263] (-) TimerEvent: {}
[181.087412] (-) TimerEvent: {}
[181.187570] (-) TimerEvent: {}
[181.287721] (-) TimerEvent: {}
[181.387869] (-) TimerEvent: {}
[181.487993] (-) TimerEvent: {}
[181.588106] (-) TimerEvent: {}
[181.688347] (-) TimerEvent: {}
[181.788488] (-) TimerEvent: {}
[181.888605] (-) TimerEvent: {}
[181.988733] (-) TimerEvent: {}
[182.089110] (-) TimerEvent: {}
[182.189353] (-) TimerEvent: {}
[182.289480] (-) TimerEvent: {}
[182.389602] (-) TimerEvent: {}
[182.489729] (-) TimerEvent: {}
[182.589846] (-) TimerEvent: {}
[182.689992] (-) TimerEvent: {}
[182.790138] (-) TimerEvent: {}
[182.890281] (-) TimerEvent: {}
[182.990394] (-) TimerEvent: {}
[183.090510] (-) TimerEvent: {}
[183.190829] (-) TimerEvent: {}
[183.291115] (-) TimerEvent: {}
[183.391345] (-) TimerEvent: {}
[183.491481] (-) TimerEvent: {}
[183.591630] (-) TimerEvent: {}
[183.691879] (-) TimerEvent: {}
[183.792214] (-) TimerEvent: {}
[183.895229] (-) TimerEvent: {}
[183.995374] (-) TimerEvent: {}
[184.095516] (-) TimerEvent: {}
[184.195773] (-) TimerEvent: {}
[184.296038] (-) TimerEvent: {}
[184.396279] (-) TimerEvent: {}
[184.496559] (-) TimerEvent: {}
[184.596792] (-) TimerEvent: {}
[184.697095] (-) TimerEvent: {}
[184.797402] (-) TimerEvent: {}
[184.897699] (-) TimerEvent: {}
[184.997979] (-) TimerEvent: {}
[185.098215] (-) TimerEvent: {}
[185.198477] (-) TimerEvent: {}
[185.298722] (-) TimerEvent: {}
[185.399012] (-) TimerEvent: {}
[185.499272] (-) TimerEvent: {}
[185.600504] (-) TimerEvent: {}
[185.700669] (-) TimerEvent: {}
[185.800855] (-) TimerEvent: {}
[185.901136] (-) TimerEvent: {}
[186.001370] (-) TimerEvent: {}
[186.101522] (-) TimerEvent: {}
[186.201681] (-) TimerEvent: {}
[186.301842] (-) TimerEvent: {}
[186.402237] (-) TimerEvent: {}
[186.502397] (-) TimerEvent: {}
[186.602560] (-) TimerEvent: {}
[186.702732] (-) TimerEvent: {}
[186.802896] (-) TimerEvent: {}
[186.903139] (-) TimerEvent: {}
[187.003345] (-) TimerEvent: {}
[187.103502] (-) TimerEvent: {}
[187.203660] (-) TimerEvent: {}
[187.303949] (-) TimerEvent: {}
[187.404207] (-) TimerEvent: {}
[187.504418] (-) TimerEvent: {}
[187.604585] (-) TimerEvent: {}
[187.704749] (-) TimerEvent: {}
[187.804901] (-) TimerEvent: {}
[187.905144] (-) TimerEvent: {}
[188.005295] (-) TimerEvent: {}
[188.105451] (-) TimerEvent: {}
[188.205625] (-) TimerEvent: {}
[188.305780] (-) TimerEvent: {}
[188.406240] (-) TimerEvent: {}
[188.506369] (-) TimerEvent: {}
[188.606542] (-) TimerEvent: {}
[188.706726] (-) TimerEvent: {}
[188.806909] (-) TimerEvent: {}
[188.907101] (-) TimerEvent: {}
[189.007344] (-) TimerEvent: {}
[189.107666] (-) TimerEvent: {}
[189.207912] (-) TimerEvent: {}
[189.308152] (-) TimerEvent: {}
[189.408414] (-) TimerEvent: {}
[189.508672] (-) TimerEvent: {}
[189.608971] (-) TimerEvent: {}
[189.709287] (-) TimerEvent: {}
[189.809579] (-) TimerEvent: {}
[189.909743] (-) TimerEvent: {}
[190.009985] (-) TimerEvent: {}
[190.110269] (-) TimerEvent: {}
[190.210528] (-) TimerEvent: {}
[190.310780] (-) TimerEvent: {}
[190.411020] (-) TimerEvent: {}
[190.511285] (-) TimerEvent: {}
[190.611458] (-) TimerEvent: {}
[190.711641] (-) TimerEvent: {}
[190.811936] (-) TimerEvent: {}
[190.912218] (-) TimerEvent: {}
[191.012353] (-) TimerEvent: {}
[191.112460] (-) TimerEvent: {}
[191.212547] (-) TimerEvent: {}
[191.312655] (-) TimerEvent: {}
[191.412778] (-) TimerEvent: {}
[191.512865] (-) TimerEvent: {}
[191.612957] (-) TimerEvent: {}
[191.713056] (-) TimerEvent: {}
[191.813126] (-) TimerEvent: {}
[191.913319] (-) TimerEvent: {}
[192.013535] (-) TimerEvent: {}
[192.113753] (-) TimerEvent: {}
[192.213964] (-) TimerEvent: {}
[192.314180] (-) TimerEvent: {}
[192.414450] (-) TimerEvent: {}
[192.514685] (-) TimerEvent: {}
[192.614910] (-) TimerEvent: {}
[192.715113] (-) TimerEvent: {}
[192.815452] (-) TimerEvent: {}
[192.915662] (-) TimerEvent: {}
[193.015797] (-) TimerEvent: {}
[193.115938] (-) TimerEvent: {}
[193.216130] (-) TimerEvent: {}
[193.316306] (-) TimerEvent: {}
[193.416513] (-) TimerEvent: {}
[193.516730] (-) TimerEvent: {}
[193.616965] (-) TimerEvent: {}
[193.717244] (-) TimerEvent: {}
[193.817540] (-) TimerEvent: {}
[193.917754] (-) TimerEvent: {}
[194.018007] (-) TimerEvent: {}
[194.118224] (-) TimerEvent: {}
[194.218400] (-) TimerEvent: {}
[194.318588] (-) TimerEvent: {}
[194.418806] (-) TimerEvent: {}
[194.519055] (-) TimerEvent: {}
[194.619309] (-) TimerEvent: {}
[194.719600] (-) TimerEvent: {}
[194.819869] (-) TimerEvent: {}
[194.920148] (-) TimerEvent: {}
[195.020421] (-) TimerEvent: {}
[195.120748] (-) TimerEvent: {}
[195.220965] (-) TimerEvent: {}
[195.321146] (-) TimerEvent: {}
[195.421312] (-) TimerEvent: {}
[195.521437] (-) TimerEvent: {}
[195.621572] (-) TimerEvent: {}
[195.721718] (-) TimerEvent: {}
[195.821850] (-) TimerEvent: {}
[195.922153] (-) TimerEvent: {}
[196.022312] (-) TimerEvent: {}
[196.122512] (-) TimerEvent: {}
[196.222721] (-) TimerEvent: {}
[196.322936] (-) TimerEvent: {}
[196.423151] (-) TimerEvent: {}
[196.523436] (-) TimerEvent: {}
[196.623661] (-) TimerEvent: {}
[196.723903] (-) TimerEvent: {}
[196.824145] (-) TimerEvent: {}
[196.924376] (-) TimerEvent: {}
[197.024601] (-) TimerEvent: {}
[197.124740] (-) TimerEvent: {}
[197.224994] (-) TimerEvent: {}
[197.325385] (-) TimerEvent: {}
[197.425528] (-) TimerEvent: {}
[197.525648] (-) TimerEvent: {}
[197.625877] (-) TimerEvent: {}
[197.726131] (-) TimerEvent: {}
[197.826251] (-) TimerEvent: {}
[197.926490] (-) TimerEvent: {}
[198.026700] (-) TimerEvent: {}
[198.126915] (-) TimerEvent: {}
[198.227136] (-) TimerEvent: {}
[198.327379] (-) TimerEvent: {}
[198.427512] (-) TimerEvent: {}
[198.527644] (-) TimerEvent: {}
[198.627912] (-) TimerEvent: {}
[198.728120] (-) TimerEvent: {}
[198.828352] (-) TimerEvent: {}
[198.928483] (-) TimerEvent: {}
[199.028611] (-) TimerEvent: {}
[199.128728] (-) TimerEvent: {}
[199.228843] (-) TimerEvent: {}
[199.329022] (-) TimerEvent: {}
[199.429239] (-) TimerEvent: {}
[199.529348] (-) TimerEvent: {}
[199.629484] (-) TimerEvent: {}
[199.729704] (-) TimerEvent: {}
[199.829912] (-) TimerEvent: {}
[199.930124] (-) TimerEvent: {}
[200.030311] (-) TimerEvent: {}
[200.130513] (-) TimerEvent: {}
[200.230727] (-) TimerEvent: {}
[200.332219] (-) TimerEvent: {}
[200.432426] (-) TimerEvent: {}
[200.532635] (-) TimerEvent: {}
[200.632870] (-) TimerEvent: {}
[200.733112] (-) TimerEvent: {}
[200.833293] (-) TimerEvent: {}
[200.933543] (-) TimerEvent: {}
[201.033675] (-) TimerEvent: {}
[201.133885] (-) TimerEvent: {}
[201.234117] (-) TimerEvent: {}
[201.334362] (-) TimerEvent: {}
[201.434500] (-) TimerEvent: {}
[201.534698] (-) TimerEvent: {}
[201.634956] (-) TimerEvent: {}
[201.735231] (-) TimerEvent: {}
[201.835503] (-) TimerEvent: {}
[201.935634] (-) TimerEvent: {}
[202.035758] (-) TimerEvent: {}
[202.135975] (-) TimerEvent: {}
[202.236256] (-) TimerEvent: {}
[202.336408] (-) TimerEvent: {}
[202.436603] (-) TimerEvent: {}
[202.536713] (-) TimerEvent: {}
[202.636873] (-) TimerEvent: {}
[202.737011] (-) TimerEvent: {}
[202.837276] (-) TimerEvent: {}
[202.937427] (-) TimerEvent: {}
[203.037544] (-) TimerEvent: {}
[203.137800] (-) TimerEvent: {}
[203.237976] (-) TimerEvent: {}
[203.338221] (-) TimerEvent: {}
[203.438373] (-) TimerEvent: {}
[203.538514] (-) TimerEvent: {}
[203.638625] (-) TimerEvent: {}
[203.738768] (-) TimerEvent: {}
[203.838991] (-) TimerEvent: {}
[203.939152] (-) TimerEvent: {}
[204.039332] (-) TimerEvent: {}
[204.139474] (-) TimerEvent: {}
[204.239603] (-) TimerEvent: {}
[204.339720] (-) TimerEvent: {}
[204.439824] (-) TimerEvent: {}
[204.539875] (-) TimerEvent: {}
[204.639940] (-) TimerEvent: {}
[204.740001] (-) TimerEvent: {}
[204.840058] (-) TimerEvent: {}
[204.940140] (-) TimerEvent: {}
[205.040219] (-) TimerEvent: {}
[205.140397] (-) TimerEvent: {}
[205.240558] (-) TimerEvent: {}
[205.340737] (-) TimerEvent: {}
[205.440956] (-) TimerEvent: {}
[205.541176] (-) TimerEvent: {}
[205.641329] (-) TimerEvent: {}
[205.741478] (-) TimerEvent: {}
[205.841620] (-) TimerEvent: {}
[205.941763] (-) TimerEvent: {}
[206.041892] (-) TimerEvent: {}
[206.142015] (-) TimerEvent: {}
[206.242171] (-) TimerEvent: {}
[206.342311] (-) TimerEvent: {}
[206.442438] (-) TimerEvent: {}
[206.542576] (-) TimerEvent: {}
[206.642697] (-) TimerEvent: {}
[206.742825] (-) TimerEvent: {}
[206.843040] (-) TimerEvent: {}
[206.943271] (-) TimerEvent: {}
[207.043398] (-) TimerEvent: {}
[207.143510] (-) TimerEvent: {}
[207.243638] (-) TimerEvent: {}
[207.343855] (-) TimerEvent: {}
[207.444089] (-) TimerEvent: {}
[207.544278] (-) TimerEvent: {}
[207.644414] (-) TimerEvent: {}
[207.744549] (-) TimerEvent: {}
[207.844681] (-) TimerEvent: {}
[207.944870] (-) TimerEvent: {}
[208.045056] (-) TimerEvent: {}
[208.145269] (-) TimerEvent: {}
[208.245465] (-) TimerEvent: {}
[208.345615] (-) TimerEvent: {}
[208.445767] (-) TimerEvent: {}
[208.545935] (-) TimerEvent: {}
[208.646115] (-) TimerEvent: {}
[208.746355] (-) TimerEvent: {}
[208.846491] (-) TimerEvent: {}
[208.946689] (-) TimerEvent: {}
[209.046866] (-) TimerEvent: {}
[209.146997] (-) TimerEvent: {}
[209.247260] (-) TimerEvent: {}
[209.347503] (-) TimerEvent: {}
[209.447730] (-) TimerEvent: {}
[209.548000] (-) TimerEvent: {}
[209.648236] (-) TimerEvent: {}
[209.748506] (-) TimerEvent: {}
[209.848732] (-) TimerEvent: {}
[209.948962] (-) TimerEvent: {}
[210.049207] (-) TimerEvent: {}
[210.149418] (-) TimerEvent: {}
[210.249691] (-) TimerEvent: {}
[210.349897] (-) TimerEvent: {}
[210.450178] (-) TimerEvent: {}
[210.550414] (-) TimerEvent: {}
[210.650677] (-) TimerEvent: {}
[210.750904] (-) TimerEvent: {}
[210.851121] (-) TimerEvent: {}
[210.951325] (-) TimerEvent: {}
[211.051530] (-) TimerEvent: {}
[211.151728] (-) TimerEvent: {}
[211.251995] (-) TimerEvent: {}
[211.352246] (-) TimerEvent: {}
[211.452438] (-) TimerEvent: {}
[211.552676] (-) TimerEvent: {}
[211.652949] (-) TimerEvent: {}
[211.753100] (-) TimerEvent: {}
[211.853216] (-) TimerEvent: {}
[211.953350] (-) TimerEvent: {}
[212.053533] (-) TimerEvent: {}
[212.153650] (-) TimerEvent: {}
[212.253779] (-) TimerEvent: {}
[212.353900] (-) TimerEvent: {}
[212.454026] (-) TimerEvent: {}
[212.554156] (-) TimerEvent: {}
[212.654329] (-) TimerEvent: {}
[212.754504] (-) TimerEvent: {}
[212.854653] (-) TimerEvent: {}
[212.954771] (-) TimerEvent: {}
[213.055020] (-) TimerEvent: {}
[213.155193] (-) TimerEvent: {}
[213.255310] (-) TimerEvent: {}
[213.355455] (-) TimerEvent: {}
[213.455606] (-) TimerEvent: {}
[213.556422] (-) TimerEvent: {}
[213.656724] (-) TimerEvent: {}
[213.756969] (-) TimerEvent: {}
[213.857184] (-) TimerEvent: {}
[213.957317] (-) TimerEvent: {}
[214.057448] (-) TimerEvent: {}
[214.157566] (-) TimerEvent: {}
[214.257694] (-) TimerEvent: {}
[214.357888] (-) TimerEvent: {}
[214.458011] (-) TimerEvent: {}
[214.558234] (-) TimerEvent: {}
[214.658520] (-) TimerEvent: {}
[214.758693] (-) TimerEvent: {}
[214.858816] (-) TimerEvent: {}
[214.958979] (-) TimerEvent: {}
[215.059185] (-) TimerEvent: {}
[215.159313] (-) TimerEvent: {}
[215.259550] (-) TimerEvent: {}
[215.359672] (-) TimerEvent: {}
[215.459863] (-) TimerEvent: {}
[215.560097] (-) TimerEvent: {}
[215.660384] (-) TimerEvent: {}
[215.760638] (-) TimerEvent: {}
[215.860872] (-) TimerEvent: {}
[215.961082] (-) TimerEvent: {}
[216.061300] (-) TimerEvent: {}
[216.161539] (-) TimerEvent: {}
[216.261741] (-) TimerEvent: {}
[216.361969] (-) TimerEvent: {}
[216.462246] (-) TimerEvent: {}
[216.562480] (-) TimerEvent: {}
[216.662689] (-) TimerEvent: {}
[216.762955] (-) TimerEvent: {}
[216.863187] (-) TimerEvent: {}
[216.963348] (-) TimerEvent: {}
[217.063559] (-) TimerEvent: {}
[217.163773] (-) TimerEvent: {}
[217.263965] (-) TimerEvent: {}
[217.364224] (-) TimerEvent: {}
[217.464373] (-) TimerEvent: {}
[217.564486] (-) TimerEvent: {}
[217.664670] (-) TimerEvent: {}
[217.764914] (-) TimerEvent: {}
[217.865120] (-) TimerEvent: {}
[217.965351] (-) TimerEvent: {}
[218.065455] (-) TimerEvent: {}
[218.165525] (-) TimerEvent: {}
[218.265633] (-) TimerEvent: {}
[218.365698] (-) TimerEvent: {}
[218.465770] (-) TimerEvent: {}
[218.565879] (-) TimerEvent: {}
[218.665949] (-) TimerEvent: {}
[218.766026] (-) TimerEvent: {}
[218.866234] (-) TimerEvent: {}
[218.966456] (-) TimerEvent: {}
[219.066583] (-) TimerEvent: {}
[219.166788] (-) TimerEvent: {}
[219.267018] (-) TimerEvent: {}
[219.367237] (-) TimerEvent: {}
[219.467451] (-) TimerEvent: {}
[219.567669] (-) TimerEvent: {}
[219.667885] (-) TimerEvent: {}
[219.768103] (-) TimerEvent: {}
[219.868336] (-) TimerEvent: {}
[219.968584] (-) TimerEvent: {}
[220.068795] (-) TimerEvent: {}
[220.168902] (-) TimerEvent: {}
[220.269032] (-) TimerEvent: {}
[220.369344] (-) TimerEvent: {}
[220.469509] (-) TimerEvent: {}
[220.569739] (-) TimerEvent: {}
[220.669883] (-) TimerEvent: {}
[220.770016] (-) TimerEvent: {}
[220.870408] (-) TimerEvent: {}
[220.970564] (-) TimerEvent: {}
[221.070772] (-) TimerEvent: {}
[221.170899] (-) TimerEvent: {}
[221.271127] (-) TimerEvent: {}
[221.371458] (-) TimerEvent: {}
[221.471698] (-) TimerEvent: {}
[221.571987] (-) TimerEvent: {}
[221.672284] (-) TimerEvent: {}
[221.772531] (-) TimerEvent: {}
[221.872769] (-) TimerEvent: {}
[221.973034] (-) TimerEvent: {}
[222.073185] (-) TimerEvent: {}
[222.173375] (-) TimerEvent: {}
[222.273590] (-) TimerEvent: {}
[222.373715] (-) TimerEvent: {}
[222.473903] (-) TimerEvent: {}
[222.574123] (-) TimerEvent: {}
[222.674228] (-) TimerEvent: {}
[222.774482] (-) TimerEvent: {}
[222.874696] (-) TimerEvent: {}
[222.974833] (-) TimerEvent: {}
[223.075054] (-) TimerEvent: {}
[223.175280] (-) TimerEvent: {}
[223.275543] (-) TimerEvent: {}
[223.375800] (-) TimerEvent: {}
[223.476045] (-) TimerEvent: {}
[223.576288] (-) TimerEvent: {}
[223.676460] (-) TimerEvent: {}
[223.776730] (-) TimerEvent: {}
[223.876923] (-) TimerEvent: {}
[223.977154] (-) TimerEvent: {}
[224.077406] (-) TimerEvent: {}
[224.177551] (-) TimerEvent: {}
[224.277674] (-) TimerEvent: {}
[224.377865] (-) TimerEvent: {}
[224.478005] (-) TimerEvent: {}
[224.578184] (-) TimerEvent: {}
[224.678413] (-) TimerEvent: {}
[224.778627] (-) TimerEvent: {}
[224.878870] (-) TimerEvent: {}
[224.979101] (-) TimerEvent: {}
[225.079330] (-) TimerEvent: {}
[225.179531] (-) TimerEvent: {}
[225.279771] (-) TimerEvent: {}
[225.379912] (-) TimerEvent: {}
[225.480107] (-) TimerEvent: {}
[225.580331] (-) TimerEvent: {}
[225.680562] (-) TimerEvent: {}
[225.780793] (-) TimerEvent: {}
[225.881005] (-) TimerEvent: {}
[225.981228] (-) TimerEvent: {}
[226.081357] (-) TimerEvent: {}
[226.181594] (-) TimerEvent: {}
[226.281842] (-) TimerEvent: {}
[226.382051] (-) TimerEvent: {}
[226.482264] (-) TimerEvent: {}
[226.582480] (-) TimerEvent: {}
[226.682701] (-) TimerEvent: {}
[226.782909] (-) TimerEvent: {}
[226.883141] (-) TimerEvent: {}
[226.983348] (-) TimerEvent: {}
[227.083549] (-) TimerEvent: {}
[227.183806] (-) TimerEvent: {}
[227.284003] (-) TimerEvent: {}
[227.384239] (-) TimerEvent: {}
[227.484333] (-) TimerEvent: {}
[227.584393] (-) TimerEvent: {}
[227.684584] (-) TimerEvent: {}
[227.784701] (-) TimerEvent: {}
[227.884860] (-) TimerEvent: {}
[227.985004] (-) TimerEvent: {}
[228.085344] (-) TimerEvent: {}
[228.186313] (-) TimerEvent: {}
[228.286524] (-) TimerEvent: {}
[228.386785] (-) TimerEvent: {}
[228.486924] (-) TimerEvent: {}
[228.587061] (-) TimerEvent: {}
[228.687214] (-) TimerEvent: {}
[228.787376] (-) TimerEvent: {}
[228.887526] (-) TimerEvent: {}
[228.987651] (-) TimerEvent: {}
[229.087784] (-) TimerEvent: {}
[229.187916] (-) TimerEvent: {}
[229.288084] (-) TimerEvent: {}
[229.388242] (-) TimerEvent: {}
[229.488392] (-) TimerEvent: {}
[229.588548] (-) TimerEvent: {}
[229.688706] (-) TimerEvent: {}
[229.788876] (-) TimerEvent: {}
[229.889033] (-) TimerEvent: {}
[229.989165] (-) TimerEvent: {}
[230.089297] (-) TimerEvent: {}
[230.189416] (-) TimerEvent: {}
[230.289639] (-) TimerEvent: {}
[230.389779] (-) TimerEvent: {}
[230.489932] (-) TimerEvent: {}
[230.590057] (-) TimerEvent: {}
[230.690196] (-) TimerEvent: {}
[230.790353] (-) TimerEvent: {}
[230.890508] (-) TimerEvent: {}
[230.990656] (-) TimerEvent: {}
[231.090778] (-) TimerEvent: {}
[231.190908] (-) TimerEvent: {}
[231.291087] (-) TimerEvent: {}
[231.391249] (-) TimerEvent: {}
[231.491404] (-) TimerEvent: {}
[231.591537] (-) TimerEvent: {}
[231.691673] (-) TimerEvent: {}
[231.791821] (-) TimerEvent: {}
[231.891966] (-) TimerEvent: {}
[231.992099] (-) TimerEvent: {}
[232.092225] (-) TimerEvent: {}
[232.192356] (-) TimerEvent: {}
[232.292475] (-) TimerEvent: {}
[232.392613] (-) TimerEvent: {}
[232.492827] (-) TimerEvent: {}
[232.592964] (-) TimerEvent: {}
[232.693199] (-) TimerEvent: {}
[232.793393] (-) TimerEvent: {}
[232.893567] (-) TimerEvent: {}
[232.993754] (-) TimerEvent: {}
[233.093945] (-) TimerEvent: {}
[233.194159] (-) TimerEvent: {}
[233.294314] (-) TimerEvent: {}
[233.394487] (-) TimerEvent: {}
[233.494739] (-) TimerEvent: {}
[233.594910] (-) TimerEvent: {}
[233.695086] (-) TimerEvent: {}
[233.795307] (-) TimerEvent: {}
[233.895503] (-) TimerEvent: {}
[233.995663] (-) TimerEvent: {}
[234.095817] (-) TimerEvent: {}
[234.195958] (-) TimerEvent: {}
[234.296106] (-) TimerEvent: {}
[234.396244] (-) TimerEvent: {}
[234.496411] (-) TimerEvent: {}
[234.596604] (-) TimerEvent: {}
[234.696798] (-) TimerEvent: {}
[234.796969] (-) TimerEvent: {}
[234.897139] (-) TimerEvent: {}
[234.997267] (-) TimerEvent: {}
[235.097421] (-) TimerEvent: {}
[235.197563] (-) TimerEvent: {}
[235.297705] (-) TimerEvent: {}
[235.397827] (-) TimerEvent: {}
[235.497951] (-) TimerEvent: {}
[235.598087] (-) TimerEvent: {}
[235.698224] (-) TimerEvent: {}
[235.798347] (-) TimerEvent: {}
[235.900258] (-) TimerEvent: {}
[236.000442] (-) TimerEvent: {}
[236.100591] (-) TimerEvent: {}
[236.200731] (-) TimerEvent: {}
[236.300848] (-) TimerEvent: {}
[236.401039] (-) TimerEvent: {}
[236.501182] (-) TimerEvent: {}
[236.601317] (-) TimerEvent: {}
[236.701642] (-) TimerEvent: {}
[236.801804] (-) TimerEvent: {}
[236.902023] (-) TimerEvent: {}
[237.002148] (-) TimerEvent: {}
[237.102268] (-) TimerEvent: {}
[237.202357] (-) TimerEvent: {}
[237.302831] (-) TimerEvent: {}
[237.402901] (-) TimerEvent: {}
[237.502978] (-) TimerEvent: {}
[237.604807] (-) TimerEvent: {}
[237.704905] (-) TimerEvent: {}
[237.805040] (-) TimerEvent: {}
[237.905137] (-) TimerEvent: {}
[238.005217] (-) TimerEvent: {}
[238.105426] (-) TimerEvent: {}
[238.205536] (-) TimerEvent: {}
[238.305649] (-) TimerEvent: {}
[238.405755] (-) TimerEvent: {}
[238.505858] (-) TimerEvent: {}
[238.605923] (-) TimerEvent: {}
[238.706050] (-) TimerEvent: {}
[238.806211] (-) TimerEvent: {}
[238.906445] (-) TimerEvent: {}
[239.006564] (-) TimerEvent: {}
[239.106677] (-) TimerEvent: {}
[239.206812] (-) TimerEvent: {}
[239.306978] (-) TimerEvent: {}
[239.407117] (-) TimerEvent: {}
[239.507225] (-) TimerEvent: {}
[239.607345] (-) TimerEvent: {}
[239.708816] (-) TimerEvent: {}
[239.809027] (-) TimerEvent: {}
[239.909305] (-) TimerEvent: {}
[240.009474] (-) TimerEvent: {}
[240.109610] (-) TimerEvent: {}
[240.209745] (-) TimerEvent: {}
[240.309946] (-) TimerEvent: {}
[240.410161] (-) TimerEvent: {}
[240.510321] (-) TimerEvent: {}
[240.610472] (-) TimerEvent: {}
[240.710618] (-) TimerEvent: {}
[240.810781] (-) TimerEvent: {}
[240.910954] (-) TimerEvent: {}
[241.011110] (-) TimerEvent: {}
[241.111488] (-) TimerEvent: {}
[241.211636] (-) TimerEvent: {}
[241.311771] (-) TimerEvent: {}
[241.411921] (-) TimerEvent: {}
[241.512163] (-) TimerEvent: {}
[241.612308] (-) TimerEvent: {}
[241.712451] (-) TimerEvent: {}
[241.812604] (-) TimerEvent: {}
[241.912754] (-) TimerEvent: {}
[242.012916] (-) TimerEvent: {}
[242.113586] (-) TimerEvent: {}
[242.213723] (-) TimerEvent: {}
[242.313850] (-) TimerEvent: {}
[242.413923] (-) TimerEvent: {}
[242.514150] (-) TimerEvent: {}
[242.614296] (-) TimerEvent: {}
[242.714433] (-) TimerEvent: {}
[242.814578] (-) TimerEvent: {}
[242.914745] (-) TimerEvent: {}
[243.014858] (-) TimerEvent: {}
[243.114986] (-) TimerEvent: {}
[243.215107] (-) TimerEvent: {}
[243.315219] (-) TimerEvent: {}
[243.415335] (-) TimerEvent: {}
[243.515462] (-) TimerEvent: {}
[243.615630] (-) TimerEvent: {}
[243.715815] (-) TimerEvent: {}
[243.816010] (-) TimerEvent: {}
[243.916134] (-) TimerEvent: {}
[244.016358] (-) TimerEvent: {}
[244.116531] (-) TimerEvent: {}
[244.216668] (-) TimerEvent: {}
[244.316815] (-) TimerEvent: {}
[244.417050] (-) TimerEvent: {}
[244.517187] (-) TimerEvent: {}
[244.617327] (-) TimerEvent: {}
[244.717506] (-) TimerEvent: {}
[244.817639] (-) TimerEvent: {}
[244.917820] (-) TimerEvent: {}
[245.017980] (-) TimerEvent: {}
[245.118114] (-) TimerEvent: {}
[245.218445] (-) TimerEvent: {}
[245.318573] (-) TimerEvent: {}
[245.418695] (-) TimerEvent: {}
[245.518818] (-) TimerEvent: {}
[245.618987] (-) TimerEvent: {}
[245.719131] (-) TimerEvent: {}
[245.819233] (-) TimerEvent: {}
[245.919417] (-) TimerEvent: {}
[246.022109] (-) TimerEvent: {}
[246.122241] (-) TimerEvent: {}
[246.222392] (-) TimerEvent: {}
[246.322523] (-) TimerEvent: {}
[246.422680] (-) TimerEvent: {}
[246.522799] (-) TimerEvent: {}
[246.622920] (-) TimerEvent: {}
[246.723063] (-) TimerEvent: {}
[246.823210] (-) TimerEvent: {}
[246.923339] (-) TimerEvent: {}
[247.023467] (-) TimerEvent: {}
[247.123592] (-) TimerEvent: {}
[247.223727] (-) TimerEvent: {}
[247.323823] (-) TimerEvent: {}
[247.423886] (-) TimerEvent: {}
[247.524019] (-) TimerEvent: {}
[247.624139] (-) TimerEvent: {}
[247.724251] (-) TimerEvent: {}
[247.824412] (-) TimerEvent: {}
[247.924538] (-) TimerEvent: {}
[248.024652] (-) TimerEvent: {}
[248.124775] (-) TimerEvent: {}
[248.224910] (-) TimerEvent: {}
[248.325091] (-) TimerEvent: {}
[248.425237] (-) TimerEvent: {}
[248.525406] (-) TimerEvent: {}
[248.625529] (-) TimerEvent: {}
[248.725671] (-) TimerEvent: {}
[248.825838] (-) TimerEvent: {}
[248.925968] (-) TimerEvent: {}
[249.026084] (-) TimerEvent: {}
[249.126200] (-) TimerEvent: {}
[249.226301] (-) TimerEvent: {}
[249.326409] (-) TimerEvent: {}
[249.426540] (-) TimerEvent: {}
[249.526658] (-) TimerEvent: {}
[249.626767] (-) TimerEvent: {}
[249.726876] (-) TimerEvent: {}
[249.827024] (-) TimerEvent: {}
[249.927151] (-) TimerEvent: {}
[250.027283] (-) TimerEvent: {}
[250.127398] (-) TimerEvent: {}
[250.227512] (-) TimerEvent: {}
[250.327602] (-) TimerEvent: {}
[250.427705] (-) TimerEvent: {}
[250.527765] (-) TimerEvent: {}
[250.627831] (-) TimerEvent: {}
[250.727917] (-) TimerEvent: {}
[250.828023] (-) TimerEvent: {}
[250.928136] (-) TimerEvent: {}
[251.028282] (-) TimerEvent: {}
[251.128402] (-) TimerEvent: {}
[251.228524] (-) TimerEvent: {}
[251.328635] (-) TimerEvent: {}
[251.428788] (-) TimerEvent: {}
[251.529025] (-) TimerEvent: {}
[251.629151] (-) TimerEvent: {}
[251.729351] (-) TimerEvent: {}
[251.829605] (-) TimerEvent: {}
[251.929755] (-) TimerEvent: {}
[252.029962] (-) TimerEvent: {}
[252.130123] (-) TimerEvent: {}
[252.230302] (-) TimerEvent: {}
[252.330530] (-) TimerEvent: {}
[252.430681] (-) TimerEvent: {}
[252.530830] (-) TimerEvent: {}
[252.630951] (-) TimerEvent: {}
[252.731155] (-) TimerEvent: {}
[252.831299] (-) TimerEvent: {}
[252.931425] (-) TimerEvent: {}
[253.031558] (-) TimerEvent: {}
[253.131680] (-) TimerEvent: {}
[253.231802] (-) TimerEvent: {}
[253.332031] (-) TimerEvent: {}
[253.432180] (-) TimerEvent: {}
[253.532307] (-) TimerEvent: {}
[253.632463] (-) TimerEvent: {}
[253.732626] (-) TimerEvent: {}
[253.832723] (-) TimerEvent: {}
[253.932841] (-) TimerEvent: {}
[254.032952] (-) TimerEvent: {}
[254.133016] (-) TimerEvent: {}
[254.233077] (-) TimerEvent: {}
[254.333133] (-) TimerEvent: {}
[254.433226] (-) TimerEvent: {}
[254.533393] (-) TimerEvent: {}
[254.633519] (-) TimerEvent: {}
[254.733652] (-) TimerEvent: {}
[254.833784] (-) TimerEvent: {}
[254.934082] (-) TimerEvent: {}
[255.034224] (-) TimerEvent: {}
[255.134618] (-) TimerEvent: {}
[255.234720] (-) TimerEvent: {}
[255.334824] (-) TimerEvent: {}
[255.435121] (-) TimerEvent: {}
[255.535227] (-) TimerEvent: {}
[255.635356] (-) TimerEvent: {}
[255.735494] (-) TimerEvent: {}
[255.835657] (-) TimerEvent: {}
[255.935793] (-) TimerEvent: {}
[256.036313] (-) TimerEvent: {}
[256.136476] (-) TimerEvent: {}
[256.236635] (-) TimerEvent: {}
[256.336801] (-) TimerEvent: {}
[256.436985] (-) TimerEvent: {}
[256.537240] (-) TimerEvent: {}
[256.637371] (-) TimerEvent: {}
[256.737502] (-) TimerEvent: {}
[256.837613] (-) TimerEvent: {}
[256.937710] (-) TimerEvent: {}
[257.037868] (-) TimerEvent: {}
[257.138052] (-) TimerEvent: {}
[257.238302] (-) TimerEvent: {}
[257.338462] (-) TimerEvent: {}
[257.438768] (-) TimerEvent: {}
[257.538992] (-) TimerEvent: {}
[257.639170] (-) TimerEvent: {}
[257.739365] (-) TimerEvent: {}
[257.839573] (-) TimerEvent: {}
[257.939792] (-) TimerEvent: {}
[258.040021] (-) TimerEvent: {}
[258.140295] (-) TimerEvent: {}
[258.240577] (-) TimerEvent: {}
[258.340769] (-) TimerEvent: {}
[258.441015] (-) TimerEvent: {}
[258.541308] (-) TimerEvent: {}
[258.641550] (-) TimerEvent: {}
[258.741693] (-) TimerEvent: {}
[258.841877] (-) TimerEvent: {}
[258.942151] (-) TimerEvent: {}
[259.042426] (-) TimerEvent: {}
[259.142635] (-) TimerEvent: {}
[259.242922] (-) TimerEvent: {}
[259.343180] (-) TimerEvent: {}
[259.443448] (-) TimerEvent: {}
[259.543687] (-) TimerEvent: {}
[259.644012] (-) TimerEvent: {}
[259.744350] (-) TimerEvent: {}
[259.844509] (-) TimerEvent: {}
[259.944676] (-) TimerEvent: {}
[260.044840] (-) TimerEvent: {}
[260.145013] (-) TimerEvent: {}
[260.245379] (-) TimerEvent: {}
[260.345640] (-) TimerEvent: {}
[260.445782] (-) TimerEvent: {}
[260.546035] (-) TimerEvent: {}
[260.646317] (-) TimerEvent: {}
[260.746489] (-) TimerEvent: {}
[260.846654] (-) TimerEvent: {}
[260.946821] (-) TimerEvent: {}
[261.047082] (-) TimerEvent: {}
[261.147416] (-) TimerEvent: {}
[261.247698] (-) TimerEvent: {}
[261.347948] (-) TimerEvent: {}
[261.448187] (-) TimerEvent: {}
[261.548366] (-) TimerEvent: {}
[261.648669] (-) TimerEvent: {}
[261.748799] (-) TimerEvent: {}
[261.848998] (-) TimerEvent: {}
[261.949140] (-) TimerEvent: {}
[262.049400] (-) TimerEvent: {}
[262.149778] (-) TimerEvent: {}
[262.249905] (-) TimerEvent: {}
[262.350012] (-) TimerEvent: {}
[262.450115] (-) TimerEvent: {}
[262.550213] (-) TimerEvent: {}
[262.650325] (-) TimerEvent: {}
[262.750458] (-) TimerEvent: {}
[262.850601] (-) TimerEvent: {}
[262.950742] (-) TimerEvent: {}
[263.050866] (-) TimerEvent: {}
[263.151097] (-) TimerEvent: {}
[263.251216] (-) TimerEvent: {}
[263.351317] (-) TimerEvent: {}
[263.451422] (-) TimerEvent: {}
[263.551528] (-) TimerEvent: {}
[263.651638] (-) TimerEvent: {}
[263.751759] (-) TimerEvent: {}
[263.851883] (-) TimerEvent: {}
[263.952024] (-) TimerEvent: {}
[264.052151] (-) TimerEvent: {}
[264.152366] (-) TimerEvent: {}
[264.252528] (-) TimerEvent: {}
[264.352658] (-) TimerEvent: {}
[264.452786] (-) TimerEvent: {}
[264.552928] (-) TimerEvent: {}
[264.653090] (-) TimerEvent: {}
[264.753255] (-) TimerEvent: {}
[264.853377] (-) TimerEvent: {}
[264.953541] (-) TimerEvent: {}
[265.053706] (-) TimerEvent: {}
[265.153860] (-) TimerEvent: {}
[265.254089] (-) TimerEvent: {}
[265.354340] (-) TimerEvent: {}
[265.454486] (-) TimerEvent: {}
[265.554605] (-) TimerEvent: {}
[265.654728] (-) TimerEvent: {}
[265.754887] (-) TimerEvent: {}
[265.855165] (-) TimerEvent: {}
[265.955456] (-) TimerEvent: {}
[266.055603] (-) TimerEvent: {}
[266.155762] (-) TimerEvent: {}
[266.255934] (-) TimerEvent: {}
[266.356091] (-) TimerEvent: {}
[266.456306] (-) TimerEvent: {}
[266.556408] (-) TimerEvent: {}
[266.656514] (-) TimerEvent: {}
[266.756632] (-) TimerEvent: {}
[266.856739] (-) TimerEvent: {}
[266.956867] (-) TimerEvent: {}
[267.057012] (-) TimerEvent: {}
[267.157146] (-) TimerEvent: {}
[267.257395] (-) TimerEvent: {}
[267.357539] (-) TimerEvent: {}
[267.457650] (-) TimerEvent: {}
[267.557760] (-) TimerEvent: {}
[267.657876] (-) TimerEvent: {}
[267.758004] (-) TimerEvent: {}
[267.858116] (-) TimerEvent: {}
[267.958383] (-) TimerEvent: {}
[268.059391] (-) TimerEvent: {}
[268.159530] (-) TimerEvent: {}
[268.259673] (-) TimerEvent: {}
[268.359788] (-) TimerEvent: {}
[268.460046] (-) TimerEvent: {}
[268.560321] (-) TimerEvent: {}
[268.660454] (-) TimerEvent: {}
[268.761239] (-) TimerEvent: {}
[268.861378] (-) TimerEvent: {}
[268.961544] (-) TimerEvent: {}
[269.061675] (-) TimerEvent: {}
[269.161804] (-) TimerEvent: {}
[269.262482] (-) TimerEvent: {}
[269.362779] (-) TimerEvent: {}
[269.463025] (-) TimerEvent: {}
[269.563237] (-) TimerEvent: {}
[269.663481] (-) TimerEvent: {}
[269.763780] (-) TimerEvent: {}
[269.864040] (-) TimerEvent: {}
[269.964308] (-) TimerEvent: {}
[270.064532] (-) TimerEvent: {}
[270.164857] (-) TimerEvent: {}
[270.265114] (-) TimerEvent: {}
[270.365338] (-) TimerEvent: {}
[270.465542] (-) TimerEvent: {}
[270.565736] (-) TimerEvent: {}
[270.665854] (-) TimerEvent: {}
[270.766176] (-) TimerEvent: {}
[270.866439] (-) TimerEvent: {}
[270.966671] (-) TimerEvent: {}
[271.066966] (-) TimerEvent: {}
[271.167178] (-) TimerEvent: {}
[271.267454] (-) TimerEvent: {}
[271.367659] (-) TimerEvent: {}
[271.467791] (-) TimerEvent: {}
[271.567969] (-) TimerEvent: {}
[271.668119] (-) TimerEvent: {}
[271.768311] (-) TimerEvent: {}
[271.868469] (-) TimerEvent: {}
[271.968748] (-) TimerEvent: {}
[272.068993] (-) TimerEvent: {}
[272.169281] (-) TimerEvent: {}
[272.269465] (-) TimerEvent: {}
[272.369628] (-) TimerEvent: {}
[272.469867] (-) TimerEvent: {}
[272.570039] (-) TimerEvent: {}
[272.670395] (-) TimerEvent: {}
[272.770585] (-) TimerEvent: {}
[272.870751] (-) TimerEvent: {}
[272.971052] (-) TimerEvent: {}
[273.071322] (-) TimerEvent: {}
[273.171460] (-) TimerEvent: {}
[273.272368] (-) TimerEvent: {}
[273.372519] (-) TimerEvent: {}
[273.472788] (-) TimerEvent: {}
[273.573093] (-) TimerEvent: {}
[273.673361] (-) TimerEvent: {}
[273.773625] (-) TimerEvent: {}
[273.873846] (-) TimerEvent: {}
[273.974088] (-) TimerEvent: {}
[274.074272] (-) TimerEvent: {}
[274.174394] (-) TimerEvent: {}
[274.274580] (-) TimerEvent: {}
[274.374886] (-) TimerEvent: {}
[274.475186] (-) TimerEvent: {}
[274.575363] (-) TimerEvent: {}
[274.675515] (-) TimerEvent: {}
[274.775641] (-) TimerEvent: {}
[274.875758] (-) TimerEvent: {}
[274.975984] (-) TimerEvent: {}
[275.076261] (-) TimerEvent: {}
[275.176428] (-) TimerEvent: {}
[275.276594] (-) TimerEvent: {}
[275.377429] (-) TimerEvent: {}
[275.477575] (-) TimerEvent: {}
[275.577700] (-) TimerEvent: {}
[275.677859] (-) TimerEvent: {}
[275.778121] (-) TimerEvent: {}
[275.878354] (-) TimerEvent: {}
[275.978534] (-) TimerEvent: {}
[276.078682] (-) TimerEvent: {}
[276.178860] (-) TimerEvent: {}
[276.279009] (-) TimerEvent: {}
[276.379134] (-) TimerEvent: {}
[276.479362] (-) TimerEvent: {}
[276.579514] (-) TimerEvent: {}
[276.679646] (-) TimerEvent: {}
[276.779788] (-) TimerEvent: {}
[276.880045] (-) TimerEvent: {}
[276.980311] (-) TimerEvent: {}
[277.080445] (-) TimerEvent: {}
[277.180712] (-) TimerEvent: {}
[277.280959] (-) TimerEvent: {}
[277.381217] (-) TimerEvent: {}
[277.481460] (-) TimerEvent: {}
[277.581601] (-) TimerEvent: {}
[277.681900] (-) TimerEvent: {}
[277.782212] (-) TimerEvent: {}
[277.882429] (-) TimerEvent: {}
[277.982610] (-) TimerEvent: {}
[278.082862] (-) TimerEvent: {}
[278.183016] (-) TimerEvent: {}
[278.283133] (-) TimerEvent: {}
[278.383325] (-) TimerEvent: {}
[278.483446] (-) TimerEvent: {}
[278.583588] (-) TimerEvent: {}
[278.684316] (-) TimerEvent: {}
[278.784450] (-) TimerEvent: {}
[278.884564] (-) TimerEvent: {}
[278.984680] (-) TimerEvent: {}
[279.084794] (-) TimerEvent: {}
[279.184992] (-) TimerEvent: {}
[279.285206] (-) TimerEvent: {}
[279.385350] (-) TimerEvent: {}
[279.485475] (-) TimerEvent: {}
[279.587703] (-) TimerEvent: {}
[279.688006] (-) TimerEvent: {}
[279.788278] (-) TimerEvent: {}
[279.888400] (-) TimerEvent: {}
[279.988529] (-) TimerEvent: {}
[280.088647] (-) TimerEvent: {}
[280.188789] (-) TimerEvent: {}
[280.289074] (-) TimerEvent: {}
[280.389368] (-) TimerEvent: {}
[280.489646] (-) TimerEvent: {}
[280.589784] (-) TimerEvent: {}
[280.690062] (-) TimerEvent: {}
[280.790220] (-) TimerEvent: {}
[280.890429] (-) TimerEvent: {}
[280.990570] (-) TimerEvent: {}
[281.090678] (-) TimerEvent: {}
[281.190790] (-) TimerEvent: {}
[281.290900] (-) TimerEvent: {}
[281.391162] (-) TimerEvent: {}
[281.491394] (-) TimerEvent: {}
[281.591533] (-) TimerEvent: {}
[281.691675] (-) TimerEvent: {}
[281.791920] (-) TimerEvent: {}
[281.892165] (-) TimerEvent: {}
[281.992414] (-) TimerEvent: {}
[282.092619] (-) TimerEvent: {}
[282.192752] (-) TimerEvent: {}
[282.292979] (-) TimerEvent: {}
[282.393273] (-) TimerEvent: {}
[282.493534] (-) TimerEvent: {}
[282.593904] (-) TimerEvent: {}
[282.694127] (-) TimerEvent: {}
[282.794361] (-) TimerEvent: {}
[282.894526] (-) TimerEvent: {}
[282.994707] (-) TimerEvent: {}
[283.094862] (-) TimerEvent: {}
[283.194985] (-) TimerEvent: {}
[283.295210] (-) TimerEvent: {}
[283.395356] (-) TimerEvent: {}
[283.495504] (-) TimerEvent: {}
[283.595611] (-) TimerEvent: {}
[283.695731] (-) TimerEvent: {}
[283.796031] (-) TimerEvent: {}
[283.896215] (-) TimerEvent: {}
[283.996497] (-) TimerEvent: {}
[284.096786] (-) TimerEvent: {}
[284.196952] (-) TimerEvent: {}
[284.297292] (-) TimerEvent: {}
[284.397613] (-) TimerEvent: {}
[284.497891] (-) TimerEvent: {}
[284.598132] (-) TimerEvent: {}
[284.698351] (-) TimerEvent: {}
[284.798551] (-) TimerEvent: {}
[284.898826] (-) TimerEvent: {}
[284.999075] (-) TimerEvent: {}
[285.099266] (-) TimerEvent: {}
[285.199404] (-) TimerEvent: {}
[285.299523] (-) TimerEvent: {}
[285.399654] (-) TimerEvent: {}
[285.499775] (-) TimerEvent: {}
[285.599902] (-) TimerEvent: {}
[285.700015] (-) TimerEvent: {}
[285.800171] (-) TimerEvent: {}
[285.900333] (-) TimerEvent: {}
[286.000519] (-) TimerEvent: {}
[286.100625] (-) TimerEvent: {}
[286.200750] (-) TimerEvent: {}
[286.300891] (-) TimerEvent: {}
[286.401141] (-) TimerEvent: {}
[286.501297] (-) TimerEvent: {}
[286.601419] (-) TimerEvent: {}
[286.701546] (-) TimerEvent: {}
[286.801683] (-) TimerEvent: {}
[286.901944] (-) TimerEvent: {}
[287.002158] (-) TimerEvent: {}
[287.102363] (-) TimerEvent: {}
[287.202490] (-) TimerEvent: {}
[287.302630] (-) TimerEvent: {}
[287.402819] (-) TimerEvent: {}
[287.502997] (-) TimerEvent: {}
[287.603205] (-) TimerEvent: {}
[287.703392] (-) TimerEvent: {}
[287.803557] (-) TimerEvent: {}
[287.903689] (-) TimerEvent: {}
[288.004009] (-) TimerEvent: {}
[288.104303] (-) TimerEvent: {}
[288.204442] (-) TimerEvent: {}
[288.304582] (-) TimerEvent: {}
[288.404723] (-) TimerEvent: {}
[288.504847] (-) TimerEvent: {}
[288.605109] (-) TimerEvent: {}
[288.705421] (-) TimerEvent: {}
[288.805584] (-) TimerEvent: {}
[288.905718] (-) TimerEvent: {}
[289.008020] (-) TimerEvent: {}
[289.108140] (-) TimerEvent: {}
[289.208221] (-) TimerEvent: {}
[289.308321] (-) TimerEvent: {}
[289.408433] (-) TimerEvent: {}
[289.508541] (-) TimerEvent: {}
[289.608677] (-) TimerEvent: {}
[289.708935] (-) TimerEvent: {}
[289.809116] (-) TimerEvent: {}
[289.909287] (-) TimerEvent: {}
[290.009427] (-) TimerEvent: {}
[290.109565] (-) TimerEvent: {}
[290.209711] (-) TimerEvent: {}
[290.309847] (-) TimerEvent: {}
[290.410044] (-) TimerEvent: {}
[290.510322] (-) TimerEvent: {}
[290.610497] (-) TimerEvent: {}
[290.710654] (-) TimerEvent: {}
[290.810874] (-) TimerEvent: {}
[290.911140] (-) TimerEvent: {}
[291.011394] (-) TimerEvent: {}
[291.111569] (-) TimerEvent: {}
[291.211805] (-) TimerEvent: {}
[291.311930] (-) TimerEvent: {}
[291.412054] (-) TimerEvent: {}
[291.512175] (-) TimerEvent: {}
[291.612284] (-) TimerEvent: {}
[291.712401] (-) TimerEvent: {}
[291.812533] (-) TimerEvent: {}
[291.912618] (-) TimerEvent: {}
[292.012739] (-) TimerEvent: {}
[292.113219] (-) TimerEvent: {}
[292.213378] (-) TimerEvent: {}
[292.313516] (-) TimerEvent: {}
[292.413630] (-) TimerEvent: {}
[292.513887] (-) TimerEvent: {}
[292.614137] (-) TimerEvent: {}
[292.714262] (-) TimerEvent: {}
[292.814455] (-) TimerEvent: {}
[292.914603] (-) TimerEvent: {}
[293.014879] (-) TimerEvent: {}
[293.115135] (-) TimerEvent: {}
[293.215376] (-) TimerEvent: {}
[293.315533] (-) TimerEvent: {}
[293.415770] (-) TimerEvent: {}
[293.515998] (-) TimerEvent: {}
[293.616172] (-) TimerEvent: {}
[293.716512] (-) TimerEvent: {}
[293.816660] (-) TimerEvent: {}
[293.916794] (-) TimerEvent: {}
[294.016924] (-) TimerEvent: {}
[294.117042] (-) TimerEvent: {}
[294.218800] (-) TimerEvent: {}
[294.319033] (-) TimerEvent: {}
[294.419356] (-) TimerEvent: {}
[294.521166] (-) TimerEvent: {}
[294.621337] (-) TimerEvent: {}
[294.721493] (-) TimerEvent: {}
[294.822237] (-) TimerEvent: {}
[294.922358] (-) TimerEvent: {}
[295.022647] (-) TimerEvent: {}
[295.122868] (-) TimerEvent: {}
[295.223156] (-) TimerEvent: {}
[295.323482] (-) TimerEvent: {}
[295.423784] (-) TimerEvent: {}
[295.523989] (-) TimerEvent: {}
[295.624279] (-) TimerEvent: {}
[295.724464] (-) TimerEvent: {}
[295.824723] (-) TimerEvent: {}
[295.924924] (-) TimerEvent: {}
[296.025115] (-) TimerEvent: {}
[296.125258] (-) TimerEvent: {}
[296.225443] (-) TimerEvent: {}
[296.325597] (-) TimerEvent: {}
[296.425773] (-) TimerEvent: {}
[296.525949] (-) TimerEvent: {}
[296.626107] (-) TimerEvent: {}
[296.726279] (-) TimerEvent: {}
[296.826469] (-) TimerEvent: {}
[296.927248] (-) TimerEvent: {}
[297.027409] (-) TimerEvent: {}
[297.128151] (-) TimerEvent: {}
[297.228372] (-) TimerEvent: {}
[297.328568] (-) TimerEvent: {}
[297.428734] (-) TimerEvent: {}
[297.529060] (-) TimerEvent: {}
[297.629277] (-) TimerEvent: {}
[297.729459] (-) TimerEvent: {}
[297.829615] (-) TimerEvent: {}
[297.929817] (-) TimerEvent: {}
[298.029965] (-) TimerEvent: {}
[298.130136] (-) TimerEvent: {}
[298.230336] (-) TimerEvent: {}
[298.330496] (-) TimerEvent: {}
[298.430659] (-) TimerEvent: {}
[298.530827] (-) TimerEvent: {}
[298.631088] (-) TimerEvent: {}
[298.731315] (-) TimerEvent: {}
[298.831535] (-) TimerEvent: {}
[298.931732] (-) TimerEvent: {}
[299.031928] (-) TimerEvent: {}
[299.132156] (-) TimerEvent: {}
[299.232317] (-) TimerEvent: {}
[299.332484] (-) TimerEvent: {}
[299.432648] (-) TimerEvent: {}
[299.532889] (-) TimerEvent: {}
[299.633131] (-) TimerEvent: {}
[299.733319] (-) TimerEvent: {}
[299.833600] (-) TimerEvent: {}
[299.933845] (-) TimerEvent: {}
[300.034112] (-) TimerEvent: {}
[300.134270] (-) TimerEvent: {}
[300.234548] (-) TimerEvent: {}
[300.334722] (-) TimerEvent: {}
[300.434882] (-) TimerEvent: {}
[300.535071] (-) TimerEvent: {}
[300.635962] (-) TimerEvent: {}
[300.736099] (-) TimerEvent: {}
[300.836276] (-) TimerEvent: {}
[300.936438] (-) TimerEvent: {}
[301.036571] (-) TimerEvent: {}
[301.136715] (-) TimerEvent: {}
[301.236990] (-) TimerEvent: {}
[301.337265] (-) TimerEvent: {}
[301.437782] (-) TimerEvent: {}
[301.538039] (-) TimerEvent: {}
[301.638350] (-) TimerEvent: {}
[301.738546] (-) TimerEvent: {}
[301.838802] (-) TimerEvent: {}
[301.939095] (-) TimerEvent: {}
[302.039398] (-) TimerEvent: {}
[302.139667] (-) TimerEvent: {}
[302.239962] (-) TimerEvent: {}
[302.340249] (-) TimerEvent: {}
[302.440402] (-) TimerEvent: {}
[302.540777] (-) TimerEvent: {}
[302.641095] (-) TimerEvent: {}
[302.741411] (-) TimerEvent: {}
[302.841706] (-) TimerEvent: {}
[302.942074] (-) TimerEvent: {}
[303.042262] (-) TimerEvent: {}
[303.142466] (-) TimerEvent: {}
[303.242612] (-) TimerEvent: {}
[303.342863] (-) TimerEvent: {}
[303.443117] (-) TimerEvent: {}
[303.543278] (-) TimerEvent: {}
[303.643390] (-) TimerEvent: {}
[303.743510] (-) TimerEvent: {}
[303.843681] (-) TimerEvent: {}
[303.943944] (-) TimerEvent: {}
[304.044247] (-) TimerEvent: {}
[304.144545] (-) TimerEvent: {}
[304.244819] (-) TimerEvent: {}
[304.344986] (-) TimerEvent: {}
[304.445094] (-) TimerEvent: {}
[304.545245] (-) TimerEvent: {}
[304.645485] (-) TimerEvent: {}
[304.745733] (-) TimerEvent: {}
[304.845966] (-) TimerEvent: {}
[304.946242] (-) TimerEvent: {}
[305.046415] (-) TimerEvent: {}
[305.146525] (-) TimerEvent: {}
[305.246624] (-) TimerEvent: {}
[305.346759] (-) TimerEvent: {}
[305.446955] (-) TimerEvent: {}
[305.547091] (-) TimerEvent: {}
[305.647245] (-) TimerEvent: {}
[305.747402] (-) TimerEvent: {}
[305.847558] (-) TimerEvent: {}
[305.947714] (-) TimerEvent: {}
[306.047884] (-) TimerEvent: {}
[306.148185] (-) TimerEvent: {}
[306.248477] (-) TimerEvent: {}
[306.348801] (-) TimerEvent: {}
[306.449051] (-) TimerEvent: {}
[306.549407] (-) TimerEvent: {}
[306.649609] (-) TimerEvent: {}
[306.749778] (-) TimerEvent: {}
[306.849975] (-) TimerEvent: {}
[306.950151] (-) TimerEvent: {}
[307.050327] (-) TimerEvent: {}
[307.150488] (-) TimerEvent: {}
[307.250651] (-) TimerEvent: {}
[307.350880] (-) TimerEvent: {}
[307.451087] (-) TimerEvent: {}
[307.551244] (-) TimerEvent: {}
[307.651404] (-) TimerEvent: {}
[307.751577] (-) TimerEvent: {}
[307.851758] (-) TimerEvent: {}
[307.951935] (-) TimerEvent: {}
[308.052160] (-) TimerEvent: {}
[308.152294] (-) TimerEvent: {}
[308.252446] (-) TimerEvent: {}
[308.352682] (-) TimerEvent: {}
[308.452907] (-) TimerEvent: {}
[308.553239] (-) TimerEvent: {}
[308.653363] (-) TimerEvent: {}
[308.753579] (-) TimerEvent: {}
[308.853807] (-) TimerEvent: {}
[308.954010] (-) TimerEvent: {}
[309.054175] (-) TimerEvent: {}
[309.154375] (-) TimerEvent: {}
[309.254722] (-) TimerEvent: {}
[309.354960] (-) TimerEvent: {}
[309.455331] (-) TimerEvent: {}
[309.555611] (-) TimerEvent: {}
[309.655826] (-) TimerEvent: {}
[309.756072] (-) TimerEvent: {}
[309.856254] (-) TimerEvent: {}
[309.956475] (-) TimerEvent: {}
[310.056784] (-) TimerEvent: {}
[310.157039] (-) TimerEvent: {}
[310.257244] (-) TimerEvent: {}
[310.357411] (-) TimerEvent: {}
[310.457620] (-) TimerEvent: {}
[310.557861] (-) TimerEvent: {}
[310.658606] (-) TimerEvent: {}
[310.758730] (-) TimerEvent: {}
[310.858878] (-) TimerEvent: {}
[310.959031] (-) TimerEvent: {}
[311.059247] (-) TimerEvent: {}
[311.159433] (-) TimerEvent: {}
[311.259584] (-) TimerEvent: {}
[311.359735] (-) TimerEvent: {}
[311.459955] (-) TimerEvent: {}
[311.560088] (-) TimerEvent: {}
[311.660336] (-) TimerEvent: {}
[311.760676] (-) TimerEvent: {}
[311.860859] (-) TimerEvent: {}
[311.961059] (-) TimerEvent: {}
[312.061228] (-) TimerEvent: {}
[312.161417] (-) TimerEvent: {}
[312.261573] (-) TimerEvent: {}
[312.361733] (-) TimerEvent: {}
[312.461948] (-) TimerEvent: {}
[312.562264] (-) TimerEvent: {}
[312.662486] (-) TimerEvent: {}
[312.762724] (-) TimerEvent: {}
[312.862927] (-) TimerEvent: {}
[312.963074] (-) TimerEvent: {}
[313.063232] (-) TimerEvent: {}
[313.163388] (-) TimerEvent: {}
[313.263545] (-) TimerEvent: {}
[313.363749] (-) TimerEvent: {}
[313.464000] (-) TimerEvent: {}
[313.564169] (-) TimerEvent: {}
[313.664311] (-) TimerEvent: {}
[313.764464] (-) TimerEvent: {}
[313.864685] (-) TimerEvent: {}
[313.964841] (-) TimerEvent: {}
[314.065026] (-) TimerEvent: {}
[314.165196] (-) TimerEvent: {}
[314.265347] (-) TimerEvent: {}
[314.365491] (-) TimerEvent: {}
[314.465721] (-) TimerEvent: {}
[314.565921] (-) TimerEvent: {}
[314.666130] (-) TimerEvent: {}
[314.766341] (-) TimerEvent: {}
[314.866506] (-) TimerEvent: {}
[314.966655] (-) TimerEvent: {}
[315.066782] (-) TimerEvent: {}
[315.166931] (-) TimerEvent: {}
[315.267089] (-) TimerEvent: {}
[315.367273] (-) TimerEvent: {}
[315.467443] (-) TimerEvent: {}
[315.567652] (-) TimerEvent: {}
[315.667883] (-) TimerEvent: {}
[315.768046] (-) TimerEvent: {}
[315.868315] (-) TimerEvent: {}
[315.968462] (-) TimerEvent: {}
[316.068766] (-) TimerEvent: {}
[316.168983] (-) TimerEvent: {}
[316.269254] (-) TimerEvent: {}
[316.369396] (-) TimerEvent: {}
[316.469554] (-) TimerEvent: {}
[316.569787] (-) TimerEvent: {}
[316.670020] (-) TimerEvent: {}
[316.770215] (-) TimerEvent: {}
[316.870363] (-) TimerEvent: {}
[316.970564] (-) TimerEvent: {}
[317.070767] (-) TimerEvent: {}
[317.171004] (-) TimerEvent: {}
[317.271286] (-) TimerEvent: {}
[317.371502] (-) TimerEvent: {}
[317.471727] (-) TimerEvent: {}
[317.571871] (-) TimerEvent: {}
[317.672008] (-) TimerEvent: {}
[317.772180] (-) TimerEvent: {}
[317.872396] (-) TimerEvent: {}
[317.972616] (-) TimerEvent: {}
[318.074250] (-) TimerEvent: {}
[318.174425] (-) TimerEvent: {}
[318.274597] (-) TimerEvent: {}
[318.374838] (-) TimerEvent: {}
[318.475036] (-) TimerEvent: {}
[318.575213] (-) TimerEvent: {}
[318.675366] (-) TimerEvent: {}
[318.775555] (-) TimerEvent: {}
[318.875758] (-) TimerEvent: {}
[318.978257] (-) TimerEvent: {}
[319.078415] (-) TimerEvent: {}
[319.178560] (-) TimerEvent: {}
[319.278992] (-) TimerEvent: {}
[319.379152] (-) TimerEvent: {}
[319.479341] (-) TimerEvent: {}
[319.579537] (-) TimerEvent: {}
[319.679718] (-) TimerEvent: {}
[319.779881] (-) TimerEvent: {}
[319.880019] (-) TimerEvent: {}
[319.980194] (-) TimerEvent: {}
[320.080372] (-) TimerEvent: {}
[320.180574] (-) TimerEvent: {}
[320.280719] (-) TimerEvent: {}
[320.380862] (-) TimerEvent: {}
[320.481321] (-) TimerEvent: {}
[320.581514] (-) TimerEvent: {}
[320.681709] (-) TimerEvent: {}
[320.781866] (-) TimerEvent: {}
[320.882001] (-) TimerEvent: {}
[320.982150] (-) TimerEvent: {}
[321.082330] (-) TimerEvent: {}
[321.182527] (-) TimerEvent: {}
[321.283311] (-) TimerEvent: {}
[321.383471] (-) TimerEvent: {}
[321.483629] (-) TimerEvent: {}
[321.583813] (-) TimerEvent: {}
[321.683980] (-) TimerEvent: {}
[321.784119] (-) TimerEvent: {}
[321.884328] (-) TimerEvent: {}
[321.984507] (-) TimerEvent: {}
[322.086994] (-) TimerEvent: {}
[322.187165] (-) TimerEvent: {}
[322.287384] (-) TimerEvent: {}
[322.387561] (-) TimerEvent: {}
[322.487731] (-) TimerEvent: {}
[322.587934] (-) TimerEvent: {}
[322.688154] (-) TimerEvent: {}
[322.788361] (-) TimerEvent: {}
[322.888549] (-) TimerEvent: {}
[322.988834] (-) TimerEvent: {}
[323.089037] (-) TimerEvent: {}
[323.189266] (-) TimerEvent: {}
[323.289568] (-) TimerEvent: {}
[323.389766] (-) TimerEvent: {}
[323.489933] (-) TimerEvent: {}
[323.593252] (-) TimerEvent: {}
[323.693440] (-) TimerEvent: {}
[323.793601] (-) TimerEvent: {}
[323.893771] (-) TimerEvent: {}
[323.994034] (-) TimerEvent: {}
[324.094308] (-) TimerEvent: {}
[324.197356] (-) TimerEvent: {}
[324.297546] (-) TimerEvent: {}
[324.397688] (-) TimerEvent: {}
[324.497838] (-) TimerEvent: {}
[324.598126] (-) TimerEvent: {}
[324.698392] (-) TimerEvent: {}
[324.798607] (-) TimerEvent: {}
[324.899227] (-) TimerEvent: {}
[324.999373] (-) TimerEvent: {}
[325.099515] (-) TimerEvent: {}
[325.199695] (-) TimerEvent: {}
[325.299934] (-) TimerEvent: {}
[325.402250] (-) TimerEvent: {}
[325.502461] (-) TimerEvent: {}
[325.602650] (-) TimerEvent: {}
[325.702836] (-) TimerEvent: {}
[325.803187] (-) TimerEvent: {}
[325.905250] (-) TimerEvent: {}
[326.005448] (-) TimerEvent: {}
[326.105908] (-) TimerEvent: {}
[326.206165] (-) TimerEvent: {}
[326.306447] (-) TimerEvent: {}
[326.406629] (-) TimerEvent: {}
[326.506834] (-) TimerEvent: {}
[326.607049] (-) TimerEvent: {}
[326.707218] (-) TimerEvent: {}
[326.807366] (-) TimerEvent: {}
[326.907553] (-) TimerEvent: {}
[327.007867] (-) TimerEvent: {}
[327.108122] (-) TimerEvent: {}
[327.208246] (-) TimerEvent: {}
[327.311251] (-) TimerEvent: {}
[327.411444] (-) TimerEvent: {}
[327.511602] (-) TimerEvent: {}
[327.611761] (-) TimerEvent: {}
[327.711944] (-) TimerEvent: {}
[327.812156] (-) TimerEvent: {}
[327.912369] (-) TimerEvent: {}
[328.012592] (-) TimerEvent: {}
[328.112906] (-) TimerEvent: {}
[328.213087] (-) TimerEvent: {}
[328.313237] (-) TimerEvent: {}
[328.414139] (-) TimerEvent: {}
[328.514382] (-) TimerEvent: {}
[328.614532] (-) TimerEvent: {}
[328.714795] (-) TimerEvent: {}
[328.814982] (-) TimerEvent: {}
[328.915274] (-) TimerEvent: {}
[329.015451] (-) TimerEvent: {}
[329.115607] (-) TimerEvent: {}
[329.216352] (-) TimerEvent: {}
[329.316513] (-) TimerEvent: {}
[329.416743] (-) TimerEvent: {}
[329.516958] (-) TimerEvent: {}
[329.617592] (-) TimerEvent: {}
[329.717815] (-) TimerEvent: {}
[329.818077] (-) TimerEvent: {}
[329.918390] (-) TimerEvent: {}
[330.019232] (-) TimerEvent: {}
[330.119413] (-) TimerEvent: {}
[330.219720] (-) TimerEvent: {}
[330.319899] (-) TimerEvent: {}
[330.420252] (-) TimerEvent: {}
[330.520545] (-) TimerEvent: {}
[330.620729] (-) TimerEvent: {}
[330.720898] (-) TimerEvent: {}
[330.821078] (-) TimerEvent: {}
[330.921297] (-) TimerEvent: {}
[331.021595] (-) TimerEvent: {}
[331.121983] (-) TimerEvent: {}
[331.222175] (-) TimerEvent: {}
[331.322426] (-) TimerEvent: {}
[331.422599] (-) TimerEvent: {}
[331.522776] (-) TimerEvent: {}
[331.622995] (-) TimerEvent: {}
[331.723270] (-) TimerEvent: {}
[331.823470] (-) TimerEvent: {}
[331.923593] (-) TimerEvent: {}
[332.023781] (-) TimerEvent: {}
[332.123961] (-) TimerEvent: {}
[332.224245] (-) TimerEvent: {}
[332.324435] (-) TimerEvent: {}
[332.424651] (-) TimerEvent: {}
[332.524808] (-) TimerEvent: {}
[332.624991] (-) TimerEvent: {}
[332.726248] (-) TimerEvent: {}
[332.826488] (-) TimerEvent: {}
[332.926721] (-) TimerEvent: {}
[333.026893] (-) TimerEvent: {}
[333.127958] (-) TimerEvent: {}
[333.228185] (-) TimerEvent: {}
[333.328399] (-) TimerEvent: {}
[333.428567] (-) TimerEvent: {}
[333.528711] (-) TimerEvent: {}
[333.628893] (-) TimerEvent: {}
[333.729111] (-) TimerEvent: {}
[333.829300] (-) TimerEvent: {}
[333.929517] (-) TimerEvent: {}
[334.029698] (-) TimerEvent: {}
[334.129925] (-) TimerEvent: {}
[334.230218] (-) TimerEvent: {}
[334.330407] (-) TimerEvent: {}
[334.431706] (-) TimerEvent: {}
[334.531861] (-) TimerEvent: {}
[334.632026] (-) TimerEvent: {}
[334.732182] (-) TimerEvent: {}
[334.832345] (-) TimerEvent: {}
[334.932496] (-) TimerEvent: {}
[335.032703] (-) TimerEvent: {}
[335.134239] (-) TimerEvent: {}
[335.234463] (-) TimerEvent: {}
[335.334635] (-) TimerEvent: {}
[335.434828] (-) TimerEvent: {}
[335.535048] (-) TimerEvent: {}
[335.635245] (-) TimerEvent: {}
[335.735396] (-) TimerEvent: {}
[335.835535] (-) TimerEvent: {}
[335.935999] (-) TimerEvent: {}
[336.036283] (-) TimerEvent: {}
[336.136450] (-) TimerEvent: {}
[336.236607] (-) TimerEvent: {}
[336.336815] (-) TimerEvent: {}
[336.436915] (-) TimerEvent: {}
[336.537263] (-) TimerEvent: {}
[336.637441] (-) TimerEvent: {}
[336.737715] (-) TimerEvent: {}
[336.838024] (-) TimerEvent: {}
[336.938333] (-) TimerEvent: {}
[337.038631] (-) TimerEvent: {}
[337.138936] (-) TimerEvent: {}
[337.239287] (-) TimerEvent: {}
[337.339534] (-) TimerEvent: {}
[337.439845] (-) TimerEvent: {}
[337.540134] (-) TimerEvent: {}
[337.640344] (-) TimerEvent: {}
[337.740492] (-) TimerEvent: {}
[337.840659] (-) TimerEvent: {}
[337.940952] (-) TimerEvent: {}
[338.041176] (-) TimerEvent: {}
[338.141361] (-) TimerEvent: {}
[338.241547] (-) TimerEvent: {}
[338.344255] (-) TimerEvent: {}
[338.444476] (-) TimerEvent: {}
[338.544776] (-) TimerEvent: {}
[338.644948] (-) TimerEvent: {}
[338.745109] (-) TimerEvent: {}
[338.845389] (-) TimerEvent: {}
[338.945559] (-) TimerEvent: {}
[339.045820] (-) TimerEvent: {}
[339.145984] (-) TimerEvent: {}
[339.246175] (-) TimerEvent: {}
[339.346325] (-) TimerEvent: {}
[339.446485] (-) TimerEvent: {}
[339.546720] (-) TimerEvent: {}
[339.646869] (-) TimerEvent: {}
[339.747120] (-) TimerEvent: {}
[339.847448] (-) TimerEvent: {}
[339.947590] (-) TimerEvent: {}
[340.047742] (-) TimerEvent: {}
[340.147952] (-) TimerEvent: {}
[340.248248] (-) TimerEvent: {}
[340.348472] (-) TimerEvent: {}
[340.448613] (-) TimerEvent: {}
[340.548738] (-) TimerEvent: {}
[340.648926] (-) TimerEvent: {}
[340.749180] (-) TimerEvent: {}
[340.849351] (-) TimerEvent: {}
[340.949473] (-) TimerEvent: {}
[341.049670] (-) TimerEvent: {}
[341.149931] (-) TimerEvent: {}
[341.250112] (-) TimerEvent: {}
[341.351224] (-) TimerEvent: {}
[341.451379] (-) TimerEvent: {}
[341.551574] (-) TimerEvent: {}
[341.651769] (-) TimerEvent: {}
[341.751992] (-) TimerEvent: {}
[341.852232] (-) TimerEvent: {}
[341.952457] (-) TimerEvent: {}
[342.052686] (-) TimerEvent: {}
[342.152881] (-) TimerEvent: {}
[342.253039] (-) TimerEvent: {}
[342.354260] (-) TimerEvent: {}
[342.454434] (-) TimerEvent: {}
[342.554656] (-) TimerEvent: {}
[342.654870] (-) TimerEvent: {}
[342.755052] (-) TimerEvent: {}
[342.855236] (-) TimerEvent: {}
[342.955457] (-) TimerEvent: {}
[343.055657] (-) TimerEvent: {}
[343.158227] (-) TimerEvent: {}
[343.258365] (-) TimerEvent: {}
[343.358539] (-) TimerEvent: {}
[343.458676] (-) TimerEvent: {}
[343.558928] (-) TimerEvent: {}
[343.659253] (-) TimerEvent: {}
[343.759491] (-) TimerEvent: {}
[343.859815] (-) TimerEvent: {}
[343.960006] (-) TimerEvent: {}
[344.060424] (-) TimerEvent: {}
[344.160608] (-) TimerEvent: {}
[344.260754] (-) TimerEvent: {}
[344.360972] (-) TimerEvent: {}
[344.461264] (-) TimerEvent: {}
[344.561555] (-) TimerEvent: {}
[344.661740] (-) TimerEvent: {}
[344.762035] (-) TimerEvent: {}
[344.862170] (-) TimerEvent: {}
[344.962418] (-) TimerEvent: {}
[345.062600] (-) TimerEvent: {}
[345.162783] (-) TimerEvent: {}
[345.263046] (-) TimerEvent: {}
[345.363281] (-) TimerEvent: {}
[345.463435] (-) TimerEvent: {}
[345.563610] (-) TimerEvent: {}
[345.663834] (-) TimerEvent: {}
[345.764002] (-) TimerEvent: {}
[345.864168] (-) TimerEvent: {}
[345.964406] (-) TimerEvent: {}
[346.064639] (-) TimerEvent: {}
[346.165464] (-) TimerEvent: {}
[346.265620] (-) TimerEvent: {}
[346.366242] (-) TimerEvent: {}
[346.466413] (-) TimerEvent: {}
[346.566562] (-) TimerEvent: {}
[346.666897] (-) TimerEvent: {}
[346.767035] (-) TimerEvent: {}
[346.867200] (-) TimerEvent: {}
[346.967359] (-) TimerEvent: {}
[347.067536] (-) TimerEvent: {}
[347.167693] (-) TimerEvent: {}
[347.267841] (-) TimerEvent: {}
[347.368019] (-) TimerEvent: {}
[347.468220] (-) TimerEvent: {}
[347.568385] (-) TimerEvent: {}
[347.668547] (-) TimerEvent: {}
[347.768729] (-) TimerEvent: {}
[347.868928] (-) TimerEvent: {}
[347.969147] (-) TimerEvent: {}
[348.069329] (-) TimerEvent: {}
[348.169485] (-) TimerEvent: {}
[348.269673] (-) TimerEvent: {}
[348.369931] (-) TimerEvent: {}
[348.470105] (-) TimerEvent: {}
[348.570225] (-) TimerEvent: {}
[348.670372] (-) TimerEvent: {}
[348.770546] (-) TimerEvent: {}
[348.870742] (-) TimerEvent: {}
[348.970922] (-) TimerEvent: {}
[349.071058] (-) TimerEvent: {}
[349.171218] (-) TimerEvent: {}
[349.271375] (-) TimerEvent: {}
[349.371542] (-) TimerEvent: {}
[349.471701] (-) TimerEvent: {}
[349.571889] (-) TimerEvent: {}
[349.672062] (-) TimerEvent: {}
[349.772568] (-) TimerEvent: {}
[349.872738] (-) TimerEvent: {}
[349.972877] (-) TimerEvent: {}
[350.073043] (-) TimerEvent: {}
[350.175907] (-) TimerEvent: {}
[350.276124] (-) TimerEvent: {}
[350.376317] (-) TimerEvent: {}
[350.476475] (-) TimerEvent: {}
[350.576641] (-) TimerEvent: {}
[350.676899] (-) TimerEvent: {}
[350.778366] (-) TimerEvent: {}
[350.879690] (-) TimerEvent: {}
[350.979829] (-) TimerEvent: {}
[351.079980] (-) TimerEvent: {}
[351.180643] (-) TimerEvent: {}
[351.280826] (-) TimerEvent: {}
[351.381212] (-) TimerEvent: {}
[351.481381] (-) TimerEvent: {}
[351.581596] (-) TimerEvent: {}
[351.681850] (-) TimerEvent: {}
[351.784416] (-) TimerEvent: {}
[351.884627] (-) TimerEvent: {}
[351.984823] (-) TimerEvent: {}
[352.085058] (-) TimerEvent: {}
[352.185298] (-) TimerEvent: {}
[352.285545] (-) TimerEvent: {}
[352.385734] (-) TimerEvent: {}
[352.488573] (-) TimerEvent: {}
[352.588756] (-) TimerEvent: {}
[352.689156] (-) TimerEvent: {}
[352.789308] (-) TimerEvent: {}
[352.889464] (-) TimerEvent: {}
[352.989619] (-) TimerEvent: {}
[353.090219] (-) TimerEvent: {}
[353.190345] (-) TimerEvent: {}
[353.290506] (-) TimerEvent: {}
[353.390673] (-) TimerEvent: {}
[353.490830] (-) TimerEvent: {}
[353.591153] (-) TimerEvent: {}
[353.691415] (-) TimerEvent: {}
[353.791564] (-) TimerEvent: {}
[353.891754] (-) TimerEvent: {}
[353.991930] (-) TimerEvent: {}
[354.092103] (-) TimerEvent: {}
[354.192388] (-) TimerEvent: {}
[354.292608] (-) TimerEvent: {}
[354.392800] (-) TimerEvent: {}
[354.492985] (-) TimerEvent: {}
[354.593178] (-) TimerEvent: {}
[354.693382] (-) TimerEvent: {}
[354.793611] (-) TimerEvent: {}
[354.893787] (-) TimerEvent: {}
[354.993959] (-) TimerEvent: {}
[355.094137] (-) TimerEvent: {}
[355.194309] (-) TimerEvent: {}
[355.294533] (-) TimerEvent: {}
[355.394713] (-) TimerEvent: {}
[355.494884] (-) TimerEvent: {}
[355.595106] (-) TimerEvent: {}
[355.695390] (-) TimerEvent: {}
[355.795607] (-) TimerEvent: {}
[355.895819] (-) TimerEvent: {}
[355.996036] (-) TimerEvent: {}
[356.096214] (-) TimerEvent: {}
[356.196481] (-) TimerEvent: {}
[356.296646] (-) TimerEvent: {}
[356.396840] (-) TimerEvent: {}
[356.498960] (-) TimerEvent: {}
[356.599119] (-) TimerEvent: {}
[356.699571] (-) TimerEvent: {}
[356.799772] (-) TimerEvent: {}
[356.899964] (-) TimerEvent: {}
[357.000162] (-) TimerEvent: {}
[357.100361] (-) TimerEvent: {}
[357.200612] (-) TimerEvent: {}
[357.300808] (-) TimerEvent: {}
[357.401060] (-) TimerEvent: {}
[357.501529] (-) TimerEvent: {}
[357.601674] (-) TimerEvent: {}
[357.703260] (-) TimerEvent: {}
[357.803446] (-) TimerEvent: {}
[357.903628] (-) TimerEvent: {}
[358.003895] (-) TimerEvent: {}
[358.104082] (-) TimerEvent: {}
[358.204259] (-) TimerEvent: {}
[358.304452] (-) TimerEvent: {}
[358.404631] (-) TimerEvent: {}
[358.504838] (-) TimerEvent: {}
[358.605082] (-) TimerEvent: {}
[358.705261] (-) TimerEvent: {}
[358.805460] (-) TimerEvent: {}
[358.905663] (-) TimerEvent: {}
[359.005863] (-) TimerEvent: {}
[359.106063] (-) TimerEvent: {}
[359.206269] (-) TimerEvent: {}
[359.306528] (-) TimerEvent: {}
[359.406723] (-) TimerEvent: {}
[359.506954] (-) TimerEvent: {}
[359.607361] (-) TimerEvent: {}
[359.709753] (-) TimerEvent: {}
[359.810052] (-) TimerEvent: {}
[359.910328] (-) TimerEvent: {}
[360.010505] (-) TimerEvent: {}
[360.110657] (-) TimerEvent: {}
[360.210868] (-) TimerEvent: {}
[360.311049] (-) TimerEvent: {}
[360.411440] (-) TimerEvent: {}
[360.511618] (-) TimerEvent: {}
[360.611802] (-) TimerEvent: {}
[360.711980] (-) TimerEvent: {}
[360.812317] (-) TimerEvent: {}
[360.912630] (-) TimerEvent: {}
[361.012849] (-) TimerEvent: {}
[361.113153] (-) TimerEvent: {}
[361.213446] (-) TimerEvent: {}
[361.313786] (-) TimerEvent: {}
[361.414081] (-) TimerEvent: {}
[361.514263] (-) TimerEvent: {}
[361.614519] (-) TimerEvent: {}
[361.714810] (-) TimerEvent: {}
[361.815126] (-) TimerEvent: {}
[361.915249] (-) TimerEvent: {}
[362.016399] (-) TimerEvent: {}
[362.116603] (-) TimerEvent: {}
[362.216717] (-) TimerEvent: {}
[362.317015] (-) TimerEvent: {}
[362.417304] (-) TimerEvent: {}
[362.517488] (-) TimerEvent: {}
[362.617668] (-) TimerEvent: {}
[362.717821] (-) TimerEvent: {}
[362.817979] (-) TimerEvent: {}
[362.918085] (-) TimerEvent: {}
[363.018266] (-) TimerEvent: {}
[363.118468] (-) TimerEvent: {}
[363.218639] (-) TimerEvent: {}
[363.319226] (-) TimerEvent: {}
[363.419389] (-) TimerEvent: {}
[363.519559] (-) TimerEvent: {}
[363.619718] (-) TimerEvent: {}
[363.719865] (-) TimerEvent: {}
[363.820057] (-) TimerEvent: {}
[363.920253] (-) TimerEvent: {}
[364.020452] (-) TimerEvent: {}
[364.120624] (-) TimerEvent: {}
[364.220783] (-) TimerEvent: {}
[364.320968] (-) TimerEvent: {}
[364.421127] (-) TimerEvent: {}
[364.521423] (-) TimerEvent: {}
[364.623224] (-) TimerEvent: {}
[364.723397] (-) TimerEvent: {}
[364.823617] (-) TimerEvent: {}
[364.923797] (-) TimerEvent: {}
[365.023960] (-) TimerEvent: {}
[365.124114] (-) TimerEvent: {}
[365.224256] (-) TimerEvent: {}
[365.324439] (-) TimerEvent: {}
[365.424611] (-) TimerEvent: {}
[365.524779] (-) TimerEvent: {}
[365.625066] (-) TimerEvent: {}
[365.725253] (-) TimerEvent: {}
[365.825440] (-) TimerEvent: {}
[365.925595] (-) TimerEvent: {}
[366.025744] (-) TimerEvent: {}
[366.125946] (-) TimerEvent: {}
[366.226270] (-) TimerEvent: {}
[366.326470] (-) TimerEvent: {}
[366.426645] (-) TimerEvent: {}
[366.526879] (-) TimerEvent: {}
[366.627254] (-) TimerEvent: {}
[366.727498] (-) TimerEvent: {}
[366.827848] (-) TimerEvent: {}
[366.928026] (-) TimerEvent: {}
[367.028259] (-) TimerEvent: {}
[367.128514] (-) TimerEvent: {}
[367.228707] (-) TimerEvent: {}
[367.328968] (-) TimerEvent: {}
[367.429125] (-) TimerEvent: {}
[367.529269] (-) TimerEvent: {}
[367.629445] (-) TimerEvent: {}
[367.729701] (-) TimerEvent: {}
[367.830035] (-) TimerEvent: {}
[367.930204] (-) TimerEvent: {}
[368.030396] (-) TimerEvent: {}
[368.130526] (-) TimerEvent: {}
[368.230717] (-) TimerEvent: {}
[368.330957] (-) TimerEvent: {}
[368.431249] (-) TimerEvent: {}
[368.531447] (-) TimerEvent: {}
[368.631627] (-) TimerEvent: {}
[368.731780] (-) TimerEvent: {}
[368.831935] (-) TimerEvent: {}
[368.932099] (-) TimerEvent: {}
[369.032252] (-) TimerEvent: {}
[369.132416] (-) TimerEvent: {}
[369.232578] (-) TimerEvent: {}
[369.332766] (-) TimerEvent: {}
[369.433002] (-) TimerEvent: {}
[369.533277] (-) TimerEvent: {}
[369.633499] (-) TimerEvent: {}
[369.733646] (-) TimerEvent: {}
[369.833806] (-) TimerEvent: {}
[369.933984] (-) TimerEvent: {}
[370.034828] (-) TimerEvent: {}
[370.135009] (-) TimerEvent: {}
[370.235591] (-) TimerEvent: {}
[370.335775] (-) TimerEvent: {}
[370.435900] (-) TimerEvent: {}
[370.536103] (-) TimerEvent: {}
[370.636357] (-) TimerEvent: {}
[370.736517] (-) TimerEvent: {}
[370.836695] (-) TimerEvent: {}
[370.936881] (-) TimerEvent: {}
[371.037077] (-) TimerEvent: {}
[371.137226] (-) TimerEvent: {}
[371.237437] (-) TimerEvent: {}
[371.337687] (-) TimerEvent: {}
[371.437862] (-) TimerEvent: {}
[371.538697] (-) TimerEvent: {}
[371.639740] (-) TimerEvent: {}
[371.739955] (-) TimerEvent: {}
[371.840272] (-) TimerEvent: {}
[371.940593] (-) TimerEvent: {}
[372.040908] (-) TimerEvent: {}
[372.141182] (-) TimerEvent: {}
[372.241498] (-) TimerEvent: {}
[372.341677] (-) TimerEvent: {}
[372.441946] (-) TimerEvent: {}
[372.542127] (-) TimerEvent: {}
[372.642337] (-) TimerEvent: {}
[372.742486] (-) TimerEvent: {}
[372.842792] (-) TimerEvent: {}
[372.943046] (-) TimerEvent: {}
[373.043334] (-) TimerEvent: {}
[373.143637] (-) TimerEvent: {}
[373.243917] (-) TimerEvent: {}
[373.344176] (-) TimerEvent: {}
[373.444311] (-) TimerEvent: {}
[373.544564] (-) TimerEvent: {}
[373.644796] (-) TimerEvent: {}
[373.745058] (-) TimerEvent: {}
[373.845338] (-) TimerEvent: {}
[373.945688] (-) TimerEvent: {}
[374.045959] (-) TimerEvent: {}
[374.146204] (-) TimerEvent: {}
[374.246512] (-) TimerEvent: {}
[374.346795] (-) TimerEvent: {}
[374.447086] (-) TimerEvent: {}
[374.547352] (-) TimerEvent: {}
[374.647641] (-) TimerEvent: {}
[374.747780] (-) TimerEvent: {}
[374.847960] (-) TimerEvent: {}
[374.948167] (-) TimerEvent: {}
[375.048375] (-) TimerEvent: {}
[375.148558] (-) TimerEvent: {}
[375.248710] (-) TimerEvent: {}
[375.348857] (-) TimerEvent: {}
[375.449086] (-) TimerEvent: {}
[375.549264] (-) TimerEvent: {}
[375.649455] (-) TimerEvent: {}
[375.749605] (-) TimerEvent: {}
[375.849773] (-) TimerEvent: {}
[375.949948] (-) TimerEvent: {}
[376.050136] (-) TimerEvent: {}
[376.150497] (-) TimerEvent: {}
[376.250665] (-) TimerEvent: {}
[376.350853] (-) TimerEvent: {}
[376.451039] (-) TimerEvent: {}
[376.551484] (-) TimerEvent: {}
[376.651600] (-) TimerEvent: {}
[376.751827] (-) TimerEvent: {}
[376.852036] (-) TimerEvent: {}
[376.952257] (-) TimerEvent: {}
[377.052483] (-) TimerEvent: {}
[377.152690] (-) TimerEvent: {}
[377.252878] (-) TimerEvent: {}
[377.353091] (-) TimerEvent: {}
[377.453260] (-) TimerEvent: {}
[377.553504] (-) TimerEvent: {}
[377.653693] (-) TimerEvent: {}
[377.753869] (-) TimerEvent: {}
[377.854318] (-) TimerEvent: {}
[377.954498] (-) TimerEvent: {}
[378.054731] (-) TimerEvent: {}
[378.154972] (-) TimerEvent: {}
[378.255207] (-) TimerEvent: {}
[378.357560] (-) TimerEvent: {}
[378.457887] (-) TimerEvent: {}
[378.560225] (-) TimerEvent: {}
[378.660484] (-) TimerEvent: {}
[378.762226] (-) TimerEvent: {}
[378.862368] (-) TimerEvent: {}
[378.962556] (-) TimerEvent: {}
[379.063002] (-) TimerEvent: {}
[379.163205] (-) TimerEvent: {}
[379.263583] (-) TimerEvent: {}
[379.363760] (-) TimerEvent: {}
[379.463905] (-) TimerEvent: {}
[379.564226] (-) TimerEvent: {}
[379.664444] (-) TimerEvent: {}
[379.764655] (-) TimerEvent: {}
[379.867323] (-) TimerEvent: {}
[379.967509] (-) TimerEvent: {}
[380.067699] (-) TimerEvent: {}
[380.167897] (-) TimerEvent: {}
[380.269226] (-) TimerEvent: {}
[380.369391] (-) TimerEvent: {}
[380.469616] (-) TimerEvent: {}
[380.569784] (-) TimerEvent: {}
[380.669971] (-) TimerEvent: {}
[380.770088] (-) TimerEvent: {}
[380.870226] (-) TimerEvent: {}
[380.970425] (-) TimerEvent: {}
[381.070711] (-) TimerEvent: {}
[381.170874] (-) TimerEvent: {}
[381.271177] (-) TimerEvent: {}
[381.371370] (-) TimerEvent: {}
[381.471570] (-) TimerEvent: {}
[381.571761] (-) TimerEvent: {}
[381.671923] (-) TimerEvent: {}
[381.772107] (-) TimerEvent: {}
[381.872244] (-) TimerEvent: {}
[381.972431] (-) TimerEvent: {}
[382.072627] (-) TimerEvent: {}
[382.172788] (-) TimerEvent: {}
[382.272941] (-) TimerEvent: {}
[382.373203] (-) TimerEvent: {}
[382.473361] (-) TimerEvent: {}
[382.573486] (-) TimerEvent: {}
[382.673679] (-) TimerEvent: {}
[382.774181] (-) TimerEvent: {}
[382.874350] (-) TimerEvent: {}
[382.974531] (-) TimerEvent: {}
[383.074738] (-) TimerEvent: {}
[383.174962] (-) TimerEvent: {}
[383.275156] (-) TimerEvent: {}
[383.375374] (-) TimerEvent: {}
[383.475536] (-) TimerEvent: {}
[383.575715] (-) TimerEvent: {}
[383.675896] (-) TimerEvent: {}
[383.776118] (-) TimerEvent: {}
[383.876351] (-) TimerEvent: {}
[383.976506] (-) TimerEvent: {}
[384.076674] (-) TimerEvent: {}
[384.176864] (-) TimerEvent: {}
[384.277056] (-) TimerEvent: {}
[384.377327] (-) TimerEvent: {}
[384.477508] (-) TimerEvent: {}
[384.577785] (-) TimerEvent: {}
[384.678079] (-) TimerEvent: {}
[384.778279] (-) TimerEvent: {}
[384.878476] (-) TimerEvent: {}
[384.978659] (-) TimerEvent: {}
[385.078862] (-) TimerEvent: {}
[385.179162] (-) TimerEvent: {}
[385.279387] (-) TimerEvent: {}
[385.379608] (-) TimerEvent: {}
[385.480259] (-) TimerEvent: {}
[385.580434] (-) TimerEvent: {}
[385.680668] (-) TimerEvent: {}
[385.780867] (-) TimerEvent: {}
[385.881132] (-) TimerEvent: {}
[385.981393] (-) TimerEvent: {}
[386.081588] (-) TimerEvent: {}
[386.181762] (-) TimerEvent: {}
[386.282024] (-) TimerEvent: {}
[386.382293] (-) TimerEvent: {}
[386.482496] (-) TimerEvent: {}
[386.582692] (-) TimerEvent: {}
[386.682877] (-) TimerEvent: {}
[386.783285] (-) TimerEvent: {}
[386.883456] (-) TimerEvent: {}
[386.983655] (-) TimerEvent: {}
[387.083793] (-) TimerEvent: {}
[387.183959] (-) TimerEvent: {}
[387.284235] (-) TimerEvent: {}
[387.384399] (-) TimerEvent: {}
[387.484561] (-) TimerEvent: {}
[387.584785] (-) TimerEvent: {}
[387.685119] (-) TimerEvent: {}
[387.785388] (-) TimerEvent: {}
[387.885682] (-) TimerEvent: {}
[387.985862] (-) TimerEvent: {}
[388.086045] (-) TimerEvent: {}
[388.186288] (-) TimerEvent: {}
[388.286522] (-) TimerEvent: {}
[388.386713] (-) TimerEvent: {}
[388.486903] (-) TimerEvent: {}
[388.587133] (-) TimerEvent: {}
[388.687368] (-) TimerEvent: {}
[388.787583] (-) TimerEvent: {}
[388.887743] (-) TimerEvent: {}
[388.987892] (-) TimerEvent: {}
[389.088100] (-) TimerEvent: {}
[389.188248] (-) TimerEvent: {}
[389.288416] (-) TimerEvent: {}
[389.388584] (-) TimerEvent: {}
[389.488749] (-) TimerEvent: {}
[389.589046] (-) TimerEvent: {}
[389.689243] (-) TimerEvent: {}
[389.789410] (-) TimerEvent: {}
[389.889585] (-) TimerEvent: {}
[389.989801] (-) TimerEvent: {}
[390.090052] (-) TimerEvent: {}
[390.190235] (-) TimerEvent: {}
[390.290609] (-) TimerEvent: {}
[390.390826] (-) TimerEvent: {}
[390.491032] (-) TimerEvent: {}
[390.591241] (-) TimerEvent: {}
[390.691867] (-) TimerEvent: {}
[390.792023] (-) TimerEvent: {}
[390.892448] (-) TimerEvent: {}
[390.992616] (-) TimerEvent: {}
[391.092899] (-) TimerEvent: {}
[391.193154] (-) TimerEvent: {}
[391.293351] (-) TimerEvent: {}
[391.393599] (-) TimerEvent: {}
[391.493962] (-) TimerEvent: {}
[391.594134] (-) TimerEvent: {}
[391.694298] (-) TimerEvent: {}
[391.794609] (-) TimerEvent: {}
[391.894789] (-) TimerEvent: {}
[391.995004] (-) TimerEvent: {}
[392.095378] (-) TimerEvent: {}
[392.195592] (-) TimerEvent: {}
[392.295901] (-) TimerEvent: {}
[392.396050] (-) TimerEvent: {}
[392.496201] (-) TimerEvent: {}
[392.596320] (-) TimerEvent: {}
[392.696498] (-) TimerEvent: {}
[392.796665] (-) TimerEvent: {}
[392.896958] (-) TimerEvent: {}
[392.997119] (-) TimerEvent: {}
[393.097397] (-) TimerEvent: {}
[393.197644] (-) TimerEvent: {}
[393.297917] (-) TimerEvent: {}
[393.398180] (-) TimerEvent: {}
[393.498342] (-) TimerEvent: {}
[393.598505] (-) TimerEvent: {}
[393.698654] (-) TimerEvent: {}
[393.798913] (-) TimerEvent: {}
[393.899141] (-) TimerEvent: {}
[393.999333] (-) TimerEvent: {}
[394.099479] (-) TimerEvent: {}
[394.199737] (-) TimerEvent: {}
[394.299995] (-) TimerEvent: {}
[394.400184] (-) TimerEvent: {}
[394.500364] (-) TimerEvent: {}
[394.600504] (-) TimerEvent: {}
[394.700664] (-) TimerEvent: {}
[394.800823] (-) TimerEvent: {}
[394.900980] (-) TimerEvent: {}
[395.001254] (-) TimerEvent: {}
[395.101541] (-) TimerEvent: {}
[395.201738] (-) TimerEvent: {}
[395.302050] (-) TimerEvent: {}
[395.402263] (-) TimerEvent: {}
[395.502413] (-) TimerEvent: {}
[395.602543] (-) TimerEvent: {}
[395.702675] (-) TimerEvent: {}
[395.802893] (-) TimerEvent: {}
[395.903126] (-) TimerEvent: {}
[396.003347] (-) TimerEvent: {}
[396.103504] (-) TimerEvent: {}
[396.204045] (-) TimerEvent: {}
[396.304195] (-) TimerEvent: {}
[396.404349] (-) TimerEvent: {}
[396.504484] (-) TimerEvent: {}
[396.604596] (-) TimerEvent: {}
[396.706217] (-) TimerEvent: {}
[396.806358] (-) TimerEvent: {}
[396.906508] (-) TimerEvent: {}
[397.006616] (-) TimerEvent: {}
[397.106718] (-) TimerEvent: {}
[397.206838] (-) TimerEvent: {}
[397.306956] (-) TimerEvent: {}
[397.407061] (-) TimerEvent: {}
[397.507183] (-) TimerEvent: {}
[397.607315] (-) TimerEvent: {}
[397.707426] (-) TimerEvent: {}
[397.807547] (-) TimerEvent: {}
[397.907688] (-) TimerEvent: {}
[398.007828] (-) TimerEvent: {}
[398.107955] (-) TimerEvent: {}
[398.208082] (-) TimerEvent: {}
[398.308221] (-) TimerEvent: {}
[398.408365] (-) TimerEvent: {}
[398.508518] (-) TimerEvent: {}
[398.609216] (-) TimerEvent: {}
[398.709356] (-) TimerEvent: {}
[398.809513] (-) TimerEvent: {}
[398.909669] (-) TimerEvent: {}
[399.009814] (-) TimerEvent: {}
[399.109941] (-) TimerEvent: {}
[399.210470] (-) TimerEvent: {}
[399.310682] (-) TimerEvent: {}
[399.410919] (-) TimerEvent: {}
[399.511225] (-) TimerEvent: {}
[399.611534] (-) TimerEvent: {}
[399.711782] (-) TimerEvent: {}
[399.812055] (-) TimerEvent: {}
[399.912291] (-) TimerEvent: {}
[400.012458] (-) TimerEvent: {}
[400.112595] (-) TimerEvent: {}
[400.212716] (-) TimerEvent: {}
[400.312902] (-) TimerEvent: {}
[400.413069] (-) TimerEvent: {}
[400.513202] (-) TimerEvent: {}
[400.613364] (-) TimerEvent: {}
[400.713583] (-) TimerEvent: {}
[400.813745] (-) TimerEvent: {}
[400.914040] (-) TimerEvent: {}
[401.014207] (-) TimerEvent: {}
[401.114382] (-) TimerEvent: {}
[401.214578] (-) TimerEvent: {}
[401.314845] (-) TimerEvent: {}
[401.415101] (-) TimerEvent: {}
[401.515368] (-) TimerEvent: {}
[401.615515] (-) TimerEvent: {}
[401.715833] (-) TimerEvent: {}
[401.816066] (-) TimerEvent: {}
[401.916316] (-) TimerEvent: {}
[402.016572] (-) TimerEvent: {}
[402.116729] (-) TimerEvent: {}
[402.216904] (-) TimerEvent: {}
[402.317147] (-) TimerEvent: {}
[402.417329] (-) TimerEvent: {}
[402.517486] (-) TimerEvent: {}
[402.617633] (-) TimerEvent: {}
[402.717811] (-) TimerEvent: {}
[402.817992] (-) TimerEvent: {}
[402.918275] (-) TimerEvent: {}
[403.018448] (-) TimerEvent: {}
[403.118599] (-) TimerEvent: {}
[403.218753] (-) TimerEvent: {}
[403.318998] (-) TimerEvent: {}
[403.419228] (-) TimerEvent: {}
[403.519496] (-) TimerEvent: {}
[403.619741] (-) TimerEvent: {}
[403.719976] (-) TimerEvent: {}
[403.820259] (-) TimerEvent: {}
[403.920559] (-) TimerEvent: {}
[404.020763] (-) TimerEvent: {}
[404.120990] (-) TimerEvent: {}
[404.224228] (-) TimerEvent: {}
[404.324385] (-) TimerEvent: {}
[404.427230] (-) TimerEvent: {}
[404.527356] (-) TimerEvent: {}
[404.627726] (-) TimerEvent: {}
[404.728014] (-) TimerEvent: {}
[404.828306] (-) TimerEvent: {}
[404.928493] (-) TimerEvent: {}
[405.028782] (-) TimerEvent: {}
[405.129063] (-) TimerEvent: {}
[405.229323] (-) TimerEvent: {}
[405.329645] (-) TimerEvent: {}
[405.429892] (-) TimerEvent: {}
[405.530161] (-) TimerEvent: {}
[405.630404] (-) TimerEvent: {}
[405.730574] (-) TimerEvent: {}
[405.830858] (-) TimerEvent: {}
[405.931124] (-) TimerEvent: {}
[406.031425] (-) TimerEvent: {}
[406.131574] (-) TimerEvent: {}
[406.231793] (-) TimerEvent: {}
[406.332074] (-) TimerEvent: {}
[406.432335] (-) TimerEvent: {}
[406.532549] (-) TimerEvent: {}
[406.632796] (-) TimerEvent: {}
[406.733022] (-) TimerEvent: {}
[406.833238] (-) TimerEvent: {}
[406.933466] (-) TimerEvent: {}
[407.033723] (-) TimerEvent: {}
[407.133930] (-) TimerEvent: {}
[407.234156] (-) TimerEvent: {}
[407.334384] (-) TimerEvent: {}
[407.434605] (-) TimerEvent: {}
[407.534829] (-) TimerEvent: {}
[407.635049] (-) TimerEvent: {}
[407.735320] (-) TimerEvent: {}
[407.835481] (-) TimerEvent: {}
[407.935646] (-) TimerEvent: {}
[408.035869] (-) TimerEvent: {}
[408.136116] (-) TimerEvent: {}
[408.236387] (-) TimerEvent: {}
[408.336580] (-) TimerEvent: {}
[408.436782] (-) TimerEvent: {}
[408.536953] (-) TimerEvent: {}
[408.637196] (-) TimerEvent: {}
[408.737433] (-) TimerEvent: {}
[408.837676] (-) TimerEvent: {}
[408.937944] (-) TimerEvent: {}
[409.038215] (-) TimerEvent: {}
[409.138443] (-) TimerEvent: {}
[409.238725] (-) TimerEvent: {}
[409.338987] (-) TimerEvent: {}
[409.439220] (-) TimerEvent: {}
[409.539452] (-) TimerEvent: {}
[409.639589] (-) TimerEvent: {}
[409.739810] (-) TimerEvent: {}
[409.840048] (-) TimerEvent: {}
[409.940317] (-) TimerEvent: {}
[410.040643] (-) TimerEvent: {}
[410.140806] (-) TimerEvent: {}
[410.240997] (-) TimerEvent: {}
[410.341280] (-) TimerEvent: {}
[410.441512] (-) TimerEvent: {}
[410.541764] (-) TimerEvent: {}
[410.641978] (-) TimerEvent: {}
[410.742188] (-) TimerEvent: {}
[410.842454] (-) TimerEvent: {}
[410.942649] (-) TimerEvent: {}
[411.042912] (-) TimerEvent: {}
[411.143238] (-) TimerEvent: {}
[411.243385] (-) TimerEvent: {}
[411.343529] (-) TimerEvent: {}
[411.443675] (-) TimerEvent: {}
[411.543903] (-) TimerEvent: {}
[411.644211] (-) TimerEvent: {}
[411.744514] (-) TimerEvent: {}
[411.844781] (-) TimerEvent: {}
[411.945063] (-) TimerEvent: {}
[412.045327] (-) TimerEvent: {}
[412.145464] (-) TimerEvent: {}
[412.245585] (-) TimerEvent: {}
[412.345701] (-) TimerEvent: {}
[412.445910] (-) TimerEvent: {}
[412.546062] (-) TimerEvent: {}
[412.646293] (-) TimerEvent: {}
[412.746446] (-) TimerEvent: {}
[412.846590] (-) TimerEvent: {}
[412.946716] (-) TimerEvent: {}
[413.046963] (-) TimerEvent: {}
[413.147204] (-) TimerEvent: {}
[413.247409] (-) TimerEvent: {}
[413.347529] (-) TimerEvent: {}
[413.447643] (-) TimerEvent: {}
[413.547829] (-) TimerEvent: {}
[413.648023] (-) TimerEvent: {}
[413.748256] (-) TimerEvent: {}
[413.848529] (-) TimerEvent: {}
[413.948693] (-) TimerEvent: {}
[414.048870] (-) TimerEvent: {}
[414.149057] (-) TimerEvent: {}
[414.249270] (-) TimerEvent: {}
[414.349502] (-) TimerEvent: {}
[414.449763] (-) TimerEvent: {}
[414.549980] (-) TimerEvent: {}
[414.650199] (-) TimerEvent: {}
[414.750431] (-) TimerEvent: {}
[414.850569] (-) TimerEvent: {}
[414.950685] (-) TimerEvent: {}
[415.050860] (-) TimerEvent: {}
[415.151109] (-) TimerEvent: {}
[415.251381] (-) TimerEvent: {}
[415.351605] (-) TimerEvent: {}
[415.451825] (-) TimerEvent: {}
[415.552007] (-) TimerEvent: {}
[415.652234] (-) TimerEvent: {}
[415.752484] (-) TimerEvent: {}
[415.852702] (-) TimerEvent: {}
[415.952897] (-) TimerEvent: {}
[416.053114] (-) TimerEvent: {}
[416.153346] (-) TimerEvent: {}
[416.253548] (-) TimerEvent: {}
[416.353774] (-) TimerEvent: {}
[416.453996] (-) TimerEvent: {}
[416.554177] (-) TimerEvent: {}
[416.654414] (-) TimerEvent: {}
[416.754653] (-) TimerEvent: {}
[416.854881] (-) TimerEvent: {}
[416.955124] (-) TimerEvent: {}
[417.055344] (-) TimerEvent: {}
[417.155549] (-) TimerEvent: {}
[417.255746] (-) TimerEvent: {}
[417.355960] (-) TimerEvent: {}
[417.456204] (-) TimerEvent: {}
[417.556428] (-) TimerEvent: {}
[417.656637] (-) TimerEvent: {}
[417.756870] (-) TimerEvent: {}
[417.857114] (-) TimerEvent: {}
[417.957344] (-) TimerEvent: {}
[418.057566] (-) TimerEvent: {}
[418.157767] (-) TimerEvent: {}
[418.257985] (-) TimerEvent: {}
[418.358210] (-) TimerEvent: {}
[418.458458] (-) TimerEvent: {}
[418.558744] (-) TimerEvent: {}
[418.659000] (-) TimerEvent: {}
[418.759288] (-) TimerEvent: {}
[418.859564] (-) TimerEvent: {}
[418.959789] (-) TimerEvent: {}
[419.060002] (-) TimerEvent: {}
[419.160247] (-) TimerEvent: {}
[419.260524] (-) TimerEvent: {}
[419.360771] (-) TimerEvent: {}
[419.460934] (-) TimerEvent: {}
[419.561254] (-) TimerEvent: {}
[419.661493] (-) TimerEvent: {}
[419.761734] (-) TimerEvent: {}
[419.861994] (-) TimerEvent: {}
[419.962300] (-) TimerEvent: {}
[420.062493] (-) TimerEvent: {}
[420.162751] (-) TimerEvent: {}
[420.262969] (-) TimerEvent: {}
[420.363201] (-) TimerEvent: {}
[420.463470] (-) TimerEvent: {}
[420.563669] (-) TimerEvent: {}
[420.663896] (-) TimerEvent: {}
[420.764113] (-) TimerEvent: {}
[420.864357] (-) TimerEvent: {}
[420.964608] (-) TimerEvent: {}
[421.064852] (-) TimerEvent: {}
[421.165098] (-) TimerEvent: {}
[421.265340] (-) TimerEvent: {}
[421.365578] (-) TimerEvent: {}
[421.465830] (-) TimerEvent: {}
[421.566092] (-) TimerEvent: {}
[421.666330] (-) TimerEvent: {}
[421.766578] (-) TimerEvent: {}
[421.866832] (-) TimerEvent: {}
[421.967066] (-) TimerEvent: {}
[422.067365] (-) TimerEvent: {}
[422.167571] (-) TimerEvent: {}
[422.267795] (-) TimerEvent: {}
[422.368020] (-) TimerEvent: {}
[422.468279] (-) TimerEvent: {}
[422.568488] (-) TimerEvent: {}
[422.668683] (-) TimerEvent: {}
[422.768892] (-) TimerEvent: {}
[422.869103] (-) TimerEvent: {}
[422.969375] (-) TimerEvent: {}
[423.069652] (-) TimerEvent: {}
[423.169875] (-) TimerEvent: {}
[423.270095] (-) TimerEvent: {}
[423.370332] (-) TimerEvent: {}
[423.470462] (-) TimerEvent: {}
[423.570687] (-) TimerEvent: {}
[423.670899] (-) TimerEvent: {}
[423.771097] (-) TimerEvent: {}
[423.871323] (-) TimerEvent: {}
[423.971560] (-) TimerEvent: {}
[424.071801] (-) TimerEvent: {}
[424.172062] (-) TimerEvent: {}
[424.272254] (-) TimerEvent: {}
[424.372476] (-) TimerEvent: {}
[424.472599] (-) TimerEvent: {}
[424.572782] (-) TimerEvent: {}
[424.672984] (-) TimerEvent: {}
[424.773219] (-) TimerEvent: {}
[424.873443] (-) TimerEvent: {}
[424.973666] (-) TimerEvent: {}
[425.073905] (-) TimerEvent: {}
[425.174179] (-) TimerEvent: {}
[425.274440] (-) TimerEvent: {}
[425.374727] (-) TimerEvent: {}
[425.474938] (-) TimerEvent: {}
[425.575160] (-) TimerEvent: {}
[425.675396] (-) TimerEvent: {}
[425.775600] (-) TimerEvent: {}
[425.875819] (-) TimerEvent: {}
[425.976047] (-) TimerEvent: {}
[426.076299] (-) TimerEvent: {}
[426.176517] (-) TimerEvent: {}
[426.276734] (-) TimerEvent: {}
[426.376987] (-) TimerEvent: {}
[426.477238] (-) TimerEvent: {}
[426.577492] (-) TimerEvent: {}
[426.677715] (-) TimerEvent: {}
[426.777932] (-) TimerEvent: {}
[426.878168] (-) TimerEvent: {}
[426.978385] (-) TimerEvent: {}
[427.078649] (-) TimerEvent: {}
[427.178803] (-) TimerEvent: {}
[427.279037] (-) TimerEvent: {}
[427.379263] (-) TimerEvent: {}
[427.479513] (-) TimerEvent: {}
[427.579723] (-) TimerEvent: {}
[427.679942] (-) TimerEvent: {}
[427.780202] (-) TimerEvent: {}
[427.880407] (-) TimerEvent: {}
[427.980648] (-) TimerEvent: {}
[428.080887] (-) TimerEvent: {}
[428.181084] (-) TimerEvent: {}
[428.281304] (-) TimerEvent: {}
[428.381426] (-) TimerEvent: {}
[428.481533] (-) TimerEvent: {}
[428.581662] (-) TimerEvent: {}
[428.681823] (-) TimerEvent: {}
[428.781988] (-) TimerEvent: {}
[428.882224] (-) TimerEvent: {}
[428.982360] (-) TimerEvent: {}
[429.082484] (-) TimerEvent: {}
[429.182603] (-) TimerEvent: {}
[429.282724] (-) TimerEvent: {}
[429.382853] (-) TimerEvent: {}
[429.482994] (-) TimerEvent: {}
[429.583126] (-) TimerEvent: {}
[429.683219] (-) TimerEvent: {}
[429.783345] (-) TimerEvent: {}
[429.883475] (-) TimerEvent: {}
[429.983596] (-) TimerEvent: {}
[430.083720] (-) TimerEvent: {}
[430.183847] (-) TimerEvent: {}
[430.284026] (-) TimerEvent: {}
[430.384156] (-) TimerEvent: {}
[430.484286] (-) TimerEvent: {}
[430.584408] (-) TimerEvent: {}
[430.684546] (-) TimerEvent: {}
[430.784703] (-) TimerEvent: {}
[430.884845] (-) TimerEvent: {}
[430.985049] (-) TimerEvent: {}
[431.085222] (-) TimerEvent: {}
[431.185369] (-) TimerEvent: {}
[431.286708] (-) TimerEvent: {}
[431.386882] (-) TimerEvent: {}
[431.487065] (-) TimerEvent: {}
[431.587296] (-) TimerEvent: {}
[431.687444] (-) TimerEvent: {}
[431.787585] (-) TimerEvent: {}
[431.887774] (-) TimerEvent: {}
[431.987963] (-) TimerEvent: {}
[432.088206] (-) TimerEvent: {}
[432.188356] (-) TimerEvent: {}
[432.288530] (-) TimerEvent: {}
[432.388690] (-) TimerEvent: {}
[432.488834] (-) TimerEvent: {}
[432.589018] (-) TimerEvent: {}
[432.689233] (-) TimerEvent: {}
[432.789430] (-) TimerEvent: {}
[432.889622] (-) TimerEvent: {}
[432.989754] (-) TimerEvent: {}
[433.089962] (-) TimerEvent: {}
[433.190181] (-) TimerEvent: {}
[433.290382] (-) TimerEvent: {}
[433.390522] (-) TimerEvent: {}
[433.490665] (-) TimerEvent: {}
[433.590852] (-) TimerEvent: {}
[433.691088] (-) TimerEvent: {}
[433.791389] (-) TimerEvent: {}
[433.891592] (-) TimerEvent: {}
[433.991783] (-) TimerEvent: {}
[434.091989] (-) TimerEvent: {}
[434.192208] (-) TimerEvent: {}
[434.292333] (-) TimerEvent: {}
[434.392484] (-) TimerEvent: {}
[434.492649] (-) TimerEvent: {}
[434.592796] (-) TimerEvent: {}
[434.693001] (-) TimerEvent: {}
[434.793162] (-) TimerEvent: {}
[434.893343] (-) TimerEvent: {}
[434.993532] (-) TimerEvent: {}
[435.093662] (-) TimerEvent: {}
[435.193840] (-) TimerEvent: {}
[435.294229] (-) TimerEvent: {}
[435.394346] (-) TimerEvent: {}
[435.494465] (-) TimerEvent: {}
[435.594720] (-) TimerEvent: {}
[435.694904] (-) TimerEvent: {}
[435.795126] (-) TimerEvent: {}
[435.895234] (-) TimerEvent: {}
[435.995363] (-) TimerEvent: {}
[436.095479] (-) TimerEvent: {}
[436.195600] (-) TimerEvent: {}
[436.295728] (-) TimerEvent: {}
[436.395859] (-) TimerEvent: {}
[436.495993] (-) TimerEvent: {}
[436.596154] (-) TimerEvent: {}
[436.696299] (-) TimerEvent: {}
[436.796461] (-) TimerEvent: {}
[436.896645] (-) TimerEvent: {}
[436.996807] (-) TimerEvent: {}
[437.096961] (-) TimerEvent: {}
[437.197117] (-) TimerEvent: {}
[437.297229] (-) TimerEvent: {}
[437.397363] (-) TimerEvent: {}
[437.497493] (-) TimerEvent: {}
[437.597629] (-) TimerEvent: {}
[437.697782] (-) TimerEvent: {}
[437.797940] (-) TimerEvent: {}
[437.898184] (-) TimerEvent: {}
[437.998350] (-) TimerEvent: {}
[438.098491] (-) TimerEvent: {}
[438.198616] (-) TimerEvent: {}
[438.298794] (-) TimerEvent: {}
[438.398908] (-) TimerEvent: {}
[438.499031] (-) TimerEvent: {}
[438.599181] (-) TimerEvent: {}
[438.699313] (-) TimerEvent: {}
[438.799453] (-) TimerEvent: {}
[438.899594] (-) TimerEvent: {}
[438.999749] (-) TimerEvent: {}
[439.099896] (-) TimerEvent: {}
[439.200089] (-) TimerEvent: {}
[439.300221] (-) TimerEvent: {}
[439.400307] (-) TimerEvent: {}
[439.500453] (-) TimerEvent: {}
[439.601327] (-) TimerEvent: {}
[439.701470] (-) TimerEvent: {}
[439.801646] (-) TimerEvent: {}
[439.901792] (-) TimerEvent: {}
[440.001998] (-) TimerEvent: {}
[440.102177] (-) TimerEvent: {}
[440.202302] (-) TimerEvent: {}
[440.302444] (-) TimerEvent: {}
[440.402581] (-) TimerEvent: {}
[440.502698] (-) TimerEvent: {}
[440.602817] (-) TimerEvent: {}
[440.703023] (-) TimerEvent: {}
[440.803216] (-) TimerEvent: {}
[440.903379] (-) TimerEvent: {}
[441.003631] (-) TimerEvent: {}
[441.103846] (-) TimerEvent: {}
[441.204050] (-) TimerEvent: {}
[441.304261] (-) TimerEvent: {}
[441.404399] (-) TimerEvent: {}
[441.504543] (-) TimerEvent: {}
[441.604662] (-) TimerEvent: {}
[441.705289] (-) TimerEvent: {}
[441.805548] (-) TimerEvent: {}
[441.905794] (-) TimerEvent: {}
[442.006018] (-) TimerEvent: {}
[442.106243] (-) TimerEvent: {}
[442.206396] (-) TimerEvent: {}
[442.306535] (-) TimerEvent: {}
[442.406659] (-) TimerEvent: {}
[442.506784] (-) TimerEvent: {}
[442.606978] (-) TimerEvent: {}
[442.707119] (-) TimerEvent: {}
[442.807333] (-) TimerEvent: {}
[442.907550] (-) TimerEvent: {}
[443.007805] (-) TimerEvent: {}
[443.107965] (-) TimerEvent: {}
[443.208098] (-) TimerEvent: {}
[443.308395] (-) TimerEvent: {}
[443.408540] (-) TimerEvent: {}
[443.508698] (-) TimerEvent: {}
[443.608846] (-) TimerEvent: {}
[443.709109] (-) TimerEvent: {}
[443.809579] (-) TimerEvent: {}
[443.909827] (-) TimerEvent: {}
[444.010085] (-) TimerEvent: {}
[444.110345] (-) TimerEvent: {}
[444.210608] (-) TimerEvent: {}
[444.310815] (-) TimerEvent: {}
[444.411102] (-) TimerEvent: {}
[444.511377] (-) TimerEvent: {}
[444.611607] (-) TimerEvent: {}
[444.711837] (-) TimerEvent: {}
[444.812044] (-) TimerEvent: {}
[444.912315] (-) TimerEvent: {}
[445.012589] (-) TimerEvent: {}
[445.112839] (-) TimerEvent: {}
[445.213077] (-) TimerEvent: {}
[445.313283] (-) TimerEvent: {}
[445.413490] (-) TimerEvent: {}
[445.513633] (-) TimerEvent: {}
[445.613891] (-) TimerEvent: {}
[445.714134] (-) TimerEvent: {}
[445.814417] (-) TimerEvent: {}
[445.914648] (-) TimerEvent: {}
[446.014940] (-) TimerEvent: {}
[446.115187] (-) TimerEvent: {}
[446.215406] (-) TimerEvent: {}
[446.315628] (-) TimerEvent: {}
[446.415870] (-) TimerEvent: {}
[446.516097] (-) TimerEvent: {}
[446.616327] (-) TimerEvent: {}
[446.716545] (-) TimerEvent: {}
[446.816767] (-) TimerEvent: {}
[446.916994] (-) TimerEvent: {}
[447.017225] (-) TimerEvent: {}
