[0.047s] DEBUG:colcon:Command line arguments: ['/usr/bin/colcon', 'build', '--packages-select', 'parking_robot_interfaces', 'parking_robot_system', '--symlink-install', '--executor', 'sequential', '--event-handlers', 'console_direct+']
[0.048s] DEBUG:colcon:Parsed command line arguments: Namespace(log_base=None, log_level=None, verb_name='build', build_base='build', install_base='install', merge_install=False, symlink_install=True, test_result_base=None, continue_on_error=False, executor='sequential', parallel_workers=24, event_handlers=['console_direct+'], ignore_user_meta=False, metas=['./colcon.meta'], base_paths=['.'], packages_ignore=None, packages_ignore_regex=None, paths=None, packages_up_to=None, packages_up_to_regex=None, packages_above=None, packages_above_and_dependencies=None, packages_above_depth=None, packages_select_by_dep=None, packages_skip_by_dep=None, packages_skip_up_to=None, packages_select_build_failed=False, packages_skip_build_finished=False, packages_select_test_failures=False, packages_skip_test_passed=False, packages_select=['parking_robot_interfaces', 'parking_robot_system'], packages_skip=None, packages_select_regex=None, packages_skip_regex=None, packages_start=None, packages_end=None, allow_overriding=[], cmake_args=None, cmake_target=None, cmake_target_skip_unavailable=False, cmake_clean_cache=False, cmake_clean_first=False, cmake_force_configure=False, ament_cmake_args=None, catkin_cmake_args=None, catkin_skip_building_tests=False, verb_parser=<colcon_defaults.argument_parser.defaults.DefaultArgumentsDecorator object at 0x75889561feb0>, verb_extension=<colcon_core.verb.build.BuildVerb object at 0x758895775540>, main=<bound method BuildVerb.main of <colcon_core.verb.build.BuildVerb object at 0x758895775540>>)
[0.106s] Level 1:colcon.colcon_core.package_discovery:discover_packages(colcon_meta) check parameters
[0.106s] Level 1:colcon.colcon_core.package_discovery:discover_packages(recursive) check parameters
[0.106s] Level 1:colcon.colcon_core.package_discovery:discover_packages(ignore) check parameters
[0.106s] Level 1:colcon.colcon_core.package_discovery:discover_packages(path) check parameters
[0.106s] Level 1:colcon.colcon_core.package_discovery:discover_packages(colcon_meta) discover
[0.106s] Level 1:colcon.colcon_core.package_discovery:discover_packages(recursive) discover
[0.106s] INFO:colcon.colcon_core.package_discovery:Crawling recursively for packages in '/home/rokey/p3/cobot_ws'
[0.106s] Level 1:colcon.colcon_core.package_identification:_identify(.) by extensions ['ignore', 'ignore_ament_install']
[0.106s] Level 1:colcon.colcon_core.package_identification:_identify(.) by extension 'ignore'
[0.106s] Level 1:colcon.colcon_core.package_identification:_identify(.) by extension 'ignore_ament_install'
[0.106s] Level 1:colcon.colcon_core.package_identification:_identify(.) by extensions ['colcon_pkg']
[0.106s] Level 1:colcon.colcon_core.package_identification:_identify(.) by extension 'colcon_pkg'
[0.106s] Level 1:colcon.colcon_core.package_identification:_identify(.) by extensions ['colcon_meta']
[0.106s] Level 1:colcon.colcon_core.package_identification:_identify(.) by extension 'colcon_meta'
[0.106s] Level 1:colcon.colcon_core.package_identification:_identify(.) by extensions ['ros']
[0.106s] Level 1:colcon.colcon_core.package_identification:_identify(.) by extension 'ros'
[0.111s] Level 1:colcon.colcon_core.package_identification:_identify(.) by extensions ['cmake', 'python']
[0.111s] Level 1:colcon.colcon_core.package_identification:_identify(.) by extension 'cmake'
[0.111s] Level 1:colcon.colcon_core.package_identification:_identify(.) by extension 'python'
[0.111s] Level 1:colcon.colcon_core.package_identification:_identify(.) by extensions ['python_setup_py']
[0.111s] Level 1:colcon.colcon_core.package_identification:_identify(.) by extension 'python_setup_py'
[0.111s] Level 1:colcon.colcon_core.package_identification:_identify(build) by extensions ['ignore', 'ignore_ament_install']
[0.111s] Level 1:colcon.colcon_core.package_identification:_identify(build) by extension 'ignore'
[0.111s] Level 1:colcon.colcon_core.package_identification:_identify(build) ignored
[0.111s] Level 1:colcon.colcon_core.package_identification:_identify(data) by extensions ['ignore', 'ignore_ament_install']
[0.111s] Level 1:colcon.colcon_core.package_identification:_identify(data) by extension 'ignore'
[0.111s] Level 1:colcon.colcon_core.package_identification:_identify(data) by extension 'ignore_ament_install'
[0.111s] Level 1:colcon.colcon_core.package_identification:_identify(data) by extensions ['colcon_pkg']
[0.111s] Level 1:colcon.colcon_core.package_identification:_identify(data) by extension 'colcon_pkg'
[0.111s] Level 1:colcon.colcon_core.package_identification:_identify(data) by extensions ['colcon_meta']
[0.111s] Level 1:colcon.colcon_core.package_identification:_identify(data) by extension 'colcon_meta'
[0.111s] Level 1:colcon.colcon_core.package_identification:_identify(data) by extensions ['ros']
[0.111s] Level 1:colcon.colcon_core.package_identification:_identify(data) by extension 'ros'
[0.111s] Level 1:colcon.colcon_core.package_identification:_identify(data) by extensions ['cmake', 'python']
[0.111s] Level 1:colcon.colcon_core.package_identification:_identify(data) by extension 'cmake'
[0.111s] Level 1:colcon.colcon_core.package_identification:_identify(data) by extension 'python'
[0.111s] Level 1:colcon.colcon_core.package_identification:_identify(data) by extensions ['python_setup_py']
[0.111s] Level 1:colcon.colcon_core.package_identification:_identify(data) by extension 'python_setup_py'
[0.111s] Level 1:colcon.colcon_core.package_identification:_identify(data/stream_store) by extensions ['ignore', 'ignore_ament_install']
[0.111s] Level 1:colcon.colcon_core.package_identification:_identify(data/stream_store) by extension 'ignore'
[0.111s] Level 1:colcon.colcon_core.package_identification:_identify(data/stream_store) by extension 'ignore_ament_install'
[0.111s] Level 1:colcon.colcon_core.package_identification:_identify(data/stream_store) by extensions ['colcon_pkg']
[0.111s] Level 1:colcon.colcon_core.package_identification:_identify(data/stream_store) by extension 'colcon_pkg'
[0.111s] Level 1:colcon.colcon_core.package_identification:_identify(data/stream_store) by extensions ['colcon_meta']
[0.111s] Level 1:colcon.colcon_core.package_identification:_identify(data/stream_store) by extension 'colcon_meta'
[0.111s] Level 1:colcon.colcon_core.package_identification:_identify(data/stream_store) by extensions ['ros']
[0.111s] Level 1:colcon.colcon_core.package_identification:_identify(data/stream_store) by extension 'ros'
[0.111s] Level 1:colcon.colcon_core.package_identification:_identify(data/stream_store) by extensions ['cmake', 'python']
[0.111s] Level 1:colcon.colcon_core.package_identification:_identify(data/stream_store) by extension 'cmake'
[0.111s] Level 1:colcon.colcon_core.package_identification:_identify(data/stream_store) by extension 'python'
[0.111s] Level 1:colcon.colcon_core.package_identification:_identify(data/stream_store) by extensions ['python_setup_py']
[0.111s] Level 1:colcon.colcon_core.package_identification:_identify(data/stream_store) by extension 'python_setup_py'
[0.111s] Level 1:colcon.colcon_core.package_identification:_identify(docs) by extensions ['ignore', 'ignore_ament_install']
[0.111s] Level 1:colcon.colcon_core.package_identification:_identify(docs) by extension 'ignore'
[0.111s] Level 1:colcon.colcon_core.package_identification:_identify(docs) by extension 'ignore_ament_install'
[0.111s] Level 1:colcon.colcon_core.package_identification:_identify(docs) by extensions ['colcon_pkg']
[0.111s] Level 1:colcon.colcon_core.package_identification:_identify(docs) by extension 'colcon_pkg'
[0.111s] Level 1:colcon.colcon_core.package_identification:_identify(docs) by extensions ['colcon_meta']
[0.111s] Level 1:colcon.colcon_core.package_identification:_identify(docs) by extension 'colcon_meta'
[0.111s] Level 1:colcon.colcon_core.package_identification:_identify(docs) by extensions ['ros']
[0.112s] Level 1:colcon.colcon_core.package_identification:_identify(docs) by extension 'ros'
[0.112s] Level 1:colcon.colcon_core.package_identification:_identify(docs) by extensions ['cmake', 'python']
[0.112s] Level 1:colcon.colcon_core.package_identification:_identify(docs) by extension 'cmake'
[0.112s] Level 1:colcon.colcon_core.package_identification:_identify(docs) by extension 'python'
[0.112s] Level 1:colcon.colcon_core.package_identification:_identify(docs) by extensions ['python_setup_py']
[0.112s] Level 1:colcon.colcon_core.package_identification:_identify(docs) by extension 'python_setup_py'
[0.112s] Level 1:colcon.colcon_core.package_identification:_identify(docs/superpowers) by extensions ['ignore', 'ignore_ament_install']
[0.112s] Level 1:colcon.colcon_core.package_identification:_identify(docs/superpowers) by extension 'ignore'
[0.112s] Level 1:colcon.colcon_core.package_identification:_identify(docs/superpowers) by extension 'ignore_ament_install'
[0.112s] Level 1:colcon.colcon_core.package_identification:_identify(docs/superpowers) by extensions ['colcon_pkg']
[0.112s] Level 1:colcon.colcon_core.package_identification:_identify(docs/superpowers) by extension 'colcon_pkg'
[0.112s] Level 1:colcon.colcon_core.package_identification:_identify(docs/superpowers) by extensions ['colcon_meta']
[0.112s] Level 1:colcon.colcon_core.package_identification:_identify(docs/superpowers) by extension 'colcon_meta'
[0.112s] Level 1:colcon.colcon_core.package_identification:_identify(docs/superpowers) by extensions ['ros']
[0.112s] Level 1:colcon.colcon_core.package_identification:_identify(docs/superpowers) by extension 'ros'
[0.112s] Level 1:colcon.colcon_core.package_identification:_identify(docs/superpowers) by extensions ['cmake', 'python']
[0.112s] Level 1:colcon.colcon_core.package_identification:_identify(docs/superpowers) by extension 'cmake'
[0.112s] Level 1:colcon.colcon_core.package_identification:_identify(docs/superpowers) by extension 'python'
[0.112s] Level 1:colcon.colcon_core.package_identification:_identify(docs/superpowers) by extensions ['python_setup_py']
[0.112s] Level 1:colcon.colcon_core.package_identification:_identify(docs/superpowers) by extension 'python_setup_py'
[0.112s] Level 1:colcon.colcon_core.package_identification:_identify(docs/superpowers/plans) by extensions ['ignore', 'ignore_ament_install']
[0.112s] Level 1:colcon.colcon_core.package_identification:_identify(docs/superpowers/plans) by extension 'ignore'
[0.112s] Level 1:colcon.colcon_core.package_identification:_identify(docs/superpowers/plans) by extension 'ignore_ament_install'
[0.112s] Level 1:colcon.colcon_core.package_identification:_identify(docs/superpowers/plans) by extensions ['colcon_pkg']
[0.112s] Level 1:colcon.colcon_core.package_identification:_identify(docs/superpowers/plans) by extension 'colcon_pkg'
[0.112s] Level 1:colcon.colcon_core.package_identification:_identify(docs/superpowers/plans) by extensions ['colcon_meta']
[0.112s] Level 1:colcon.colcon_core.package_identification:_identify(docs/superpowers/plans) by extension 'colcon_meta'
[0.112s] Level 1:colcon.colcon_core.package_identification:_identify(docs/superpowers/plans) by extensions ['ros']
[0.112s] Level 1:colcon.colcon_core.package_identification:_identify(docs/superpowers/plans) by extension 'ros'
[0.112s] Level 1:colcon.colcon_core.package_identification:_identify(docs/superpowers/plans) by extensions ['cmake', 'python']
[0.112s] Level 1:colcon.colcon_core.package_identification:_identify(docs/superpowers/plans) by extension 'cmake'
[0.112s] Level 1:colcon.colcon_core.package_identification:_identify(docs/superpowers/plans) by extension 'python'
[0.112s] Level 1:colcon.colcon_core.package_identification:_identify(docs/superpowers/plans) by extensions ['python_setup_py']
[0.112s] Level 1:colcon.colcon_core.package_identification:_identify(docs/superpowers/plans) by extension 'python_setup_py'
[0.112s] Level 1:colcon.colcon_core.package_identification:_identify(docs/superpowers/specs) by extensions ['ignore', 'ignore_ament_install']
[0.112s] Level 1:colcon.colcon_core.package_identification:_identify(docs/superpowers/specs) by extension 'ignore'
[0.112s] Level 1:colcon.colcon_core.package_identification:_identify(docs/superpowers/specs) by extension 'ignore_ament_install'
[0.112s] Level 1:colcon.colcon_core.package_identification:_identify(docs/superpowers/specs) by extensions ['colcon_pkg']
[0.112s] Level 1:colcon.colcon_core.package_identification:_identify(docs/superpowers/specs) by extension 'colcon_pkg'
[0.112s] Level 1:colcon.colcon_core.package_identification:_identify(docs/superpowers/specs) by extensions ['colcon_meta']
[0.112s] Level 1:colcon.colcon_core.package_identification:_identify(docs/superpowers/specs) by extension 'colcon_meta'
[0.112s] Level 1:colcon.colcon_core.package_identification:_identify(docs/superpowers/specs) by extensions ['ros']
[0.112s] Level 1:colcon.colcon_core.package_identification:_identify(docs/superpowers/specs) by extension 'ros'
[0.112s] Level 1:colcon.colcon_core.package_identification:_identify(docs/superpowers/specs) by extensions ['cmake', 'python']
[0.112s] Level 1:colcon.colcon_core.package_identification:_identify(docs/superpowers/specs) by extension 'cmake'
[0.112s] Level 1:colcon.colcon_core.package_identification:_identify(docs/superpowers/specs) by extension 'python'
[0.112s] Level 1:colcon.colcon_core.package_identification:_identify(docs/superpowers/specs) by extensions ['python_setup_py']
[0.112s] Level 1:colcon.colcon_core.package_identification:_identify(docs/superpowers/specs) by extension 'python_setup_py'
[0.112s] Level 1:colcon.colcon_core.package_identification:_identify(install) by extensions ['ignore', 'ignore_ament_install']
[0.112s] Level 1:colcon.colcon_core.package_identification:_identify(install) by extension 'ignore'
[0.112s] Level 1:colcon.colcon_core.package_identification:_identify(install) ignored
[0.112s] Level 1:colcon.colcon_core.package_identification:_identify(isaacpjt) by extensions ['ignore', 'ignore_ament_install']
[0.112s] Level 1:colcon.colcon_core.package_identification:_identify(isaacpjt) by extension 'ignore'
[0.112s] Level 1:colcon.colcon_core.package_identification:_identify(isaacpjt) by extension 'ignore_ament_install'
[0.112s] Level 1:colcon.colcon_core.package_identification:_identify(isaacpjt) by extensions ['colcon_pkg']
[0.112s] Level 1:colcon.colcon_core.package_identification:_identify(isaacpjt) by extension 'colcon_pkg'
[0.112s] Level 1:colcon.colcon_core.package_identification:_identify(isaacpjt) by extensions ['colcon_meta']
[0.113s] Level 1:colcon.colcon_core.package_identification:_identify(isaacpjt) by extension 'colcon_meta'
[0.113s] Level 1:colcon.colcon_core.package_identification:_identify(isaacpjt) by extensions ['ros']
[0.113s] Level 1:colcon.colcon_core.package_identification:_identify(isaacpjt) by extension 'ros'
[0.113s] Level 1:colcon.colcon_core.package_identification:_identify(isaacpjt) by extensions ['cmake', 'python']
[0.113s] Level 1:colcon.colcon_core.package_identification:_identify(isaacpjt) by extension 'cmake'
[0.113s] Level 1:colcon.colcon_core.package_identification:_identify(isaacpjt) by extension 'python'
[0.113s] Level 1:colcon.colcon_core.package_identification:_identify(isaacpjt) by extensions ['python_setup_py']
[0.113s] Level 1:colcon.colcon_core.package_identification:_identify(isaacpjt) by extension 'python_setup_py'
[0.113s] Level 1:colcon.colcon_core.package_identification:_identify(isaacpjt/Isaac_envo) by extensions ['ignore', 'ignore_ament_install']
[0.113s] Level 1:colcon.colcon_core.package_identification:_identify(isaacpjt/Isaac_envo) by extension 'ignore'
[0.113s] Level 1:colcon.colcon_core.package_identification:_identify(isaacpjt/Isaac_envo) by extension 'ignore_ament_install'
[0.113s] Level 1:colcon.colcon_core.package_identification:_identify(isaacpjt/Isaac_envo) by extensions ['colcon_pkg']
[0.113s] Level 1:colcon.colcon_core.package_identification:_identify(isaacpjt/Isaac_envo) by extension 'colcon_pkg'
[0.113s] Level 1:colcon.colcon_core.package_identification:_identify(isaacpjt/Isaac_envo) by extensions ['colcon_meta']
[0.113s] Level 1:colcon.colcon_core.package_identification:_identify(isaacpjt/Isaac_envo) by extension 'colcon_meta'
[0.113s] Level 1:colcon.colcon_core.package_identification:_identify(isaacpjt/Isaac_envo) by extensions ['ros']
[0.113s] Level 1:colcon.colcon_core.package_identification:_identify(isaacpjt/Isaac_envo) by extension 'ros'
[0.113s] Level 1:colcon.colcon_core.package_identification:_identify(isaacpjt/Isaac_envo) by extensions ['cmake', 'python']
[0.113s] Level 1:colcon.colcon_core.package_identification:_identify(isaacpjt/Isaac_envo) by extension 'cmake'
[0.113s] Level 1:colcon.colcon_core.package_identification:_identify(isaacpjt/Isaac_envo) by extension 'python'
[0.113s] Level 1:colcon.colcon_core.package_identification:_identify(isaacpjt/Isaac_envo) by extensions ['python_setup_py']
[0.113s] Level 1:colcon.colcon_core.package_identification:_identify(isaacpjt/Isaac_envo) by extension 'python_setup_py'
[0.113s] Level 1:colcon.colcon_core.package_identification:_identify(isaacpjt/Isaac_envo/__pycache__) by extensions ['ignore', 'ignore_ament_install']
[0.113s] Level 1:colcon.colcon_core.package_identification:_identify(isaacpjt/Isaac_envo/__pycache__) by extension 'ignore'
[0.113s] Level 1:colcon.colcon_core.package_identification:_identify(isaacpjt/Isaac_envo/__pycache__) by extension 'ignore_ament_install'
[0.113s] Level 1:colcon.colcon_core.package_identification:_identify(isaacpjt/Isaac_envo/__pycache__) by extensions ['colcon_pkg']
[0.113s] Level 1:colcon.colcon_core.package_identification:_identify(isaacpjt/Isaac_envo/__pycache__) by extension 'colcon_pkg'
[0.113s] Level 1:colcon.colcon_core.package_identification:_identify(isaacpjt/Isaac_envo/__pycache__) by extensions ['colcon_meta']
[0.113s] Level 1:colcon.colcon_core.package_identification:_identify(isaacpjt/Isaac_envo/__pycache__) by extension 'colcon_meta'
[0.113s] Level 1:colcon.colcon_core.package_identification:_identify(isaacpjt/Isaac_envo/__pycache__) by extensions ['ros']
[0.113s] Level 1:colcon.colcon_core.package_identification:_identify(isaacpjt/Isaac_envo/__pycache__) by extension 'ros'
[0.113s] Level 1:colcon.colcon_core.package_identification:_identify(isaacpjt/Isaac_envo/__pycache__) by extensions ['cmake', 'python']
[0.113s] Level 1:colcon.colcon_core.package_identification:_identify(isaacpjt/Isaac_envo/__pycache__) by extension 'cmake'
[0.113s] Level 1:colcon.colcon_core.package_identification:_identify(isaacpjt/Isaac_envo/__pycache__) by extension 'python'
[0.113s] Level 1:colcon.colcon_core.package_identification:_identify(isaacpjt/Isaac_envo/__pycache__) by extensions ['python_setup_py']
[0.113s] Level 1:colcon.colcon_core.package_identification:_identify(isaacpjt/Isaac_envo/__pycache__) by extension 'python_setup_py'
[0.113s] Level 1:colcon.colcon_core.package_identification:_identify(isaacpjt/Isaac_envo/fab_preview) by extensions ['ignore', 'ignore_ament_install']
[0.113s] Level 1:colcon.colcon_core.package_identification:_identify(isaacpjt/Isaac_envo/fab_preview) by extension 'ignore'
[0.113s] Level 1:colcon.colcon_core.package_identification:_identify(isaacpjt/Isaac_envo/fab_preview) by extension 'ignore_ament_install'
[0.113s] Level 1:colcon.colcon_core.package_identification:_identify(isaacpjt/Isaac_envo/fab_preview) by extensions ['colcon_pkg']
[0.113s] Level 1:colcon.colcon_core.package_identification:_identify(isaacpjt/Isaac_envo/fab_preview) by extension 'colcon_pkg'
[0.113s] Level 1:colcon.colcon_core.package_identification:_identify(isaacpjt/Isaac_envo/fab_preview) by extensions ['colcon_meta']
[0.113s] Level 1:colcon.colcon_core.package_identification:_identify(isaacpjt/Isaac_envo/fab_preview) by extension 'colcon_meta'
[0.113s] Level 1:colcon.colcon_core.package_identification:_identify(isaacpjt/Isaac_envo/fab_preview) by extensions ['ros']
[0.113s] Level 1:colcon.colcon_core.package_identification:_identify(isaacpjt/Isaac_envo/fab_preview) by extension 'ros'
[0.113s] Level 1:colcon.colcon_core.package_identification:_identify(isaacpjt/Isaac_envo/fab_preview) by extensions ['cmake', 'python']
[0.113s] Level 1:colcon.colcon_core.package_identification:_identify(isaacpjt/Isaac_envo/fab_preview) by extension 'cmake'
[0.113s] Level 1:colcon.colcon_core.package_identification:_identify(isaacpjt/Isaac_envo/fab_preview) by extension 'python'
[0.113s] Level 1:colcon.colcon_core.package_identification:_identify(isaacpjt/Isaac_envo/fab_preview) by extensions ['python_setup_py']
[0.113s] Level 1:colcon.colcon_core.package_identification:_identify(isaacpjt/Isaac_envo/fab_preview) by extension 'python_setup_py'
[0.113s] Level 1:colcon.colcon_core.package_identification:_identify(isaacpjt/Isaac_envo/parking) by extensions ['ignore', 'ignore_ament_install']
[0.113s] Level 1:colcon.colcon_core.package_identification:_identify(isaacpjt/Isaac_envo/parking) by extension 'ignore'
[0.113s] Level 1:colcon.colcon_core.package_identification:_identify(isaacpjt/Isaac_envo/parking) by extension 'ignore_ament_install'
[0.113s] Level 1:colcon.colcon_core.package_identification:_identify(isaacpjt/Isaac_envo/parking) by extensions ['colcon_pkg']
[0.113s] Level 1:colcon.colcon_core.package_identification:_identify(isaacpjt/Isaac_envo/parking) by extension 'colcon_pkg'
[0.113s] Level 1:colcon.colcon_core.package_identification:_identify(isaacpjt/Isaac_envo/parking) by extensions ['colcon_meta']
[0.113s] Level 1:colcon.colcon_core.package_identification:_identify(isaacpjt/Isaac_envo/parking) by extension 'colcon_meta'
[0.113s] Level 1:colcon.colcon_core.package_identification:_identify(isaacpjt/Isaac_envo/parking) by extensions ['ros']
[0.113s] Level 1:colcon.colcon_core.package_identification:_identify(isaacpjt/Isaac_envo/parking) by extension 'ros'
[0.114s] Level 1:colcon.colcon_core.package_identification:_identify(isaacpjt/Isaac_envo/parking) by extensions ['cmake', 'python']
[0.114s] Level 1:colcon.colcon_core.package_identification:_identify(isaacpjt/Isaac_envo/parking) by extension 'cmake'
[0.114s] Level 1:colcon.colcon_core.package_identification:_identify(isaacpjt/Isaac_envo/parking) by extension 'python'
[0.114s] Level 1:colcon.colcon_core.package_identification:_identify(isaacpjt/Isaac_envo/parking) by extensions ['python_setup_py']
[0.114s] Level 1:colcon.colcon_core.package_identification:_identify(isaacpjt/Isaac_envo/parking) by extension 'python_setup_py'
[0.114s] Level 1:colcon.colcon_core.package_identification:_identify(isaacpjt/Isaac_envo/parking/__pycache__) by extensions ['ignore', 'ignore_ament_install']
[0.114s] Level 1:colcon.colcon_core.package_identification:_identify(isaacpjt/Isaac_envo/parking/__pycache__) by extension 'ignore'
[0.114s] Level 1:colcon.colcon_core.package_identification:_identify(isaacpjt/Isaac_envo/parking/__pycache__) by extension 'ignore_ament_install'
[0.114s] Level 1:colcon.colcon_core.package_identification:_identify(isaacpjt/Isaac_envo/parking/__pycache__) by extensions ['colcon_pkg']
[0.114s] Level 1:colcon.colcon_core.package_identification:_identify(isaacpjt/Isaac_envo/parking/__pycache__) by extension 'colcon_pkg'
[0.114s] Level 1:colcon.colcon_core.package_identification:_identify(isaacpjt/Isaac_envo/parking/__pycache__) by extensions ['colcon_meta']
[0.114s] Level 1:colcon.colcon_core.package_identification:_identify(isaacpjt/Isaac_envo/parking/__pycache__) by extension 'colcon_meta'
[0.114s] Level 1:colcon.colcon_core.package_identification:_identify(isaacpjt/Isaac_envo/parking/__pycache__) by extensions ['ros']
[0.114s] Level 1:colcon.colcon_core.package_identification:_identify(isaacpjt/Isaac_envo/parking/__pycache__) by extension 'ros'
[0.114s] Level 1:colcon.colcon_core.package_identification:_identify(isaacpjt/Isaac_envo/parking/__pycache__) by extensions ['cmake', 'python']
[0.114s] Level 1:colcon.colcon_core.package_identification:_identify(isaacpjt/Isaac_envo/parking/__pycache__) by extension 'cmake'
[0.114s] Level 1:colcon.colcon_core.package_identification:_identify(isaacpjt/Isaac_envo/parking/__pycache__) by extension 'python'
[0.114s] Level 1:colcon.colcon_core.package_identification:_identify(isaacpjt/Isaac_envo/parking/__pycache__) by extensions ['python_setup_py']
[0.114s] Level 1:colcon.colcon_core.package_identification:_identify(isaacpjt/Isaac_envo/parking/__pycache__) by extension 'python_setup_py'
[0.114s] Level 1:colcon.colcon_core.package_identification:_identify(isaacpjt/Isaac_envo/parking/source) by extensions ['ignore', 'ignore_ament_install']
[0.114s] Level 1:colcon.colcon_core.package_identification:_identify(isaacpjt/Isaac_envo/parking/source) by extension 'ignore'
[0.114s] Level 1:colcon.colcon_core.package_identification:_identify(isaacpjt/Isaac_envo/parking/source) by extension 'ignore_ament_install'
[0.114s] Level 1:colcon.colcon_core.package_identification:_identify(isaacpjt/Isaac_envo/parking/source) by extensions ['colcon_pkg']
[0.114s] Level 1:colcon.colcon_core.package_identification:_identify(isaacpjt/Isaac_envo/parking/source) by extension 'colcon_pkg'
[0.114s] Level 1:colcon.colcon_core.package_identification:_identify(isaacpjt/Isaac_envo/parking/source) by extensions ['colcon_meta']
[0.114s] Level 1:colcon.colcon_core.package_identification:_identify(isaacpjt/Isaac_envo/parking/source) by extension 'colcon_meta'
[0.114s] Level 1:colcon.colcon_core.package_identification:_identify(isaacpjt/Isaac_envo/parking/source) by extensions ['ros']
[0.114s] Level 1:colcon.colcon_core.package_identification:_identify(isaacpjt/Isaac_envo/parking/source) by extension 'ros'
[0.114s] Level 1:colcon.colcon_core.package_identification:_identify(isaacpjt/Isaac_envo/parking/source) by extensions ['cmake', 'python']
[0.114s] Level 1:colcon.colcon_core.package_identification:_identify(isaacpjt/Isaac_envo/parking/source) by extension 'cmake'
[0.114s] Level 1:colcon.colcon_core.package_identification:_identify(isaacpjt/Isaac_envo/parking/source) by extension 'python'
[0.114s] Level 1:colcon.colcon_core.package_identification:_identify(isaacpjt/Isaac_envo/parking/source) by extensions ['python_setup_py']
[0.114s] Level 1:colcon.colcon_core.package_identification:_identify(isaacpjt/Isaac_envo/parking/source) by extension 'python_setup_py'
[0.114s] Level 1:colcon.colcon_core.package_identification:_identify(isaacpjt/Isaac_envo/source) by extensions ['ignore', 'ignore_ament_install']
[0.114s] Level 1:colcon.colcon_core.package_identification:_identify(isaacpjt/Isaac_envo/source) by extension 'ignore'
[0.114s] Level 1:colcon.colcon_core.package_identification:_identify(isaacpjt/Isaac_envo/source) by extension 'ignore_ament_install'
[0.114s] Level 1:colcon.colcon_core.package_identification:_identify(isaacpjt/Isaac_envo/source) by extensions ['colcon_pkg']
[0.114s] Level 1:colcon.colcon_core.package_identification:_identify(isaacpjt/Isaac_envo/source) by extension 'colcon_pkg'
[0.114s] Level 1:colcon.colcon_core.package_identification:_identify(isaacpjt/Isaac_envo/source) by extensions ['colcon_meta']
[0.114s] Level 1:colcon.colcon_core.package_identification:_identify(isaacpjt/Isaac_envo/source) by extension 'colcon_meta'
[0.114s] Level 1:colcon.colcon_core.package_identification:_identify(isaacpjt/Isaac_envo/source) by extensions ['ros']
[0.114s] Level 1:colcon.colcon_core.package_identification:_identify(isaacpjt/Isaac_envo/source) by extension 'ros'
[0.114s] Level 1:colcon.colcon_core.package_identification:_identify(isaacpjt/Isaac_envo/source) by extensions ['cmake', 'python']
[0.114s] Level 1:colcon.colcon_core.package_identification:_identify(isaacpjt/Isaac_envo/source) by extension 'cmake'
[0.114s] Level 1:colcon.colcon_core.package_identification:_identify(isaacpjt/Isaac_envo/source) by extension 'python'
[0.114s] Level 1:colcon.colcon_core.package_identification:_identify(isaacpjt/Isaac_envo/source) by extensions ['python_setup_py']
[0.114s] Level 1:colcon.colcon_core.package_identification:_identify(isaacpjt/Isaac_envo/source) by extension 'python_setup_py'
[0.114s] Level 1:colcon.colcon_core.package_identification:_identify(isaacpjt/Isaac_envo/textures) by extensions ['ignore', 'ignore_ament_install']
[0.114s] Level 1:colcon.colcon_core.package_identification:_identify(isaacpjt/Isaac_envo/textures) by extension 'ignore'
[0.114s] Level 1:colcon.colcon_core.package_identification:_identify(isaacpjt/Isaac_envo/textures) by extension 'ignore_ament_install'
[0.114s] Level 1:colcon.colcon_core.package_identification:_identify(isaacpjt/Isaac_envo/textures) by extensions ['colcon_pkg']
[0.114s] Level 1:colcon.colcon_core.package_identification:_identify(isaacpjt/Isaac_envo/textures) by extension 'colcon_pkg'
[0.114s] Level 1:colcon.colcon_core.package_identification:_identify(isaacpjt/Isaac_envo/textures) by extensions ['colcon_meta']
[0.114s] Level 1:colcon.colcon_core.package_identification:_identify(isaacpjt/Isaac_envo/textures) by extension 'colcon_meta'
[0.114s] Level 1:colcon.colcon_core.package_identification:_identify(isaacpjt/Isaac_envo/textures) by extensions ['ros']
[0.114s] Level 1:colcon.colcon_core.package_identification:_identify(isaacpjt/Isaac_envo/textures) by extension 'ros'
[0.114s] Level 1:colcon.colcon_core.package_identification:_identify(isaacpjt/Isaac_envo/textures) by extensions ['cmake', 'python']
[0.114s] Level 1:colcon.colcon_core.package_identification:_identify(isaacpjt/Isaac_envo/textures) by extension 'cmake'
[0.114s] Level 1:colcon.colcon_core.package_identification:_identify(isaacpjt/Isaac_envo/textures) by extension 'python'
[0.114s] Level 1:colcon.colcon_core.package_identification:_identify(isaacpjt/Isaac_envo/textures) by extensions ['python_setup_py']
[0.114s] Level 1:colcon.colcon_core.package_identification:_identify(isaacpjt/Isaac_envo/textures) by extension 'python_setup_py'
[0.115s] Level 1:colcon.colcon_core.package_identification:_identify(isaacpjt/Isaac_envo/textures/aruco) by extensions ['ignore', 'ignore_ament_install']
[0.115s] Level 1:colcon.colcon_core.package_identification:_identify(isaacpjt/Isaac_envo/textures/aruco) by extension 'ignore'
[0.115s] Level 1:colcon.colcon_core.package_identification:_identify(isaacpjt/Isaac_envo/textures/aruco) by extension 'ignore_ament_install'
[0.115s] Level 1:colcon.colcon_core.package_identification:_identify(isaacpjt/Isaac_envo/textures/aruco) by extensions ['colcon_pkg']
[0.115s] Level 1:colcon.colcon_core.package_identification:_identify(isaacpjt/Isaac_envo/textures/aruco) by extension 'colcon_pkg'
[0.115s] Level 1:colcon.colcon_core.package_identification:_identify(isaacpjt/Isaac_envo/textures/aruco) by extensions ['colcon_meta']
[0.115s] Level 1:colcon.colcon_core.package_identification:_identify(isaacpjt/Isaac_envo/textures/aruco) by extension 'colcon_meta'
[0.115s] Level 1:colcon.colcon_core.package_identification:_identify(isaacpjt/Isaac_envo/textures/aruco) by extensions ['ros']
[0.115s] Level 1:colcon.colcon_core.package_identification:_identify(isaacpjt/Isaac_envo/textures/aruco) by extension 'ros'
[0.115s] Level 1:colcon.colcon_core.package_identification:_identify(isaacpjt/Isaac_envo/textures/aruco) by extensions ['cmake', 'python']
[0.115s] Level 1:colcon.colcon_core.package_identification:_identify(isaacpjt/Isaac_envo/textures/aruco) by extension 'cmake'
[0.115s] Level 1:colcon.colcon_core.package_identification:_identify(isaacpjt/Isaac_envo/textures/aruco) by extension 'python'
[0.115s] Level 1:colcon.colcon_core.package_identification:_identify(isaacpjt/Isaac_envo/textures/aruco) by extensions ['python_setup_py']
[0.115s] Level 1:colcon.colcon_core.package_identification:_identify(isaacpjt/Isaac_envo/textures/aruco) by extension 'python_setup_py'
[0.115s] Level 1:colcon.colcon_core.package_identification:_identify(isaacpjt/M0609) by extensions ['ignore', 'ignore_ament_install']
[0.115s] Level 1:colcon.colcon_core.package_identification:_identify(isaacpjt/M0609) by extension 'ignore'
[0.115s] Level 1:colcon.colcon_core.package_identification:_identify(isaacpjt/M0609) by extension 'ignore_ament_install'
[0.115s] Level 1:colcon.colcon_core.package_identification:_identify(isaacpjt/M0609) by extensions ['colcon_pkg']
[0.115s] Level 1:colcon.colcon_core.package_identification:_identify(isaacpjt/M0609) by extension 'colcon_pkg'
[0.115s] Level 1:colcon.colcon_core.package_identification:_identify(isaacpjt/M0609) by extensions ['colcon_meta']
[0.115s] Level 1:colcon.colcon_core.package_identification:_identify(isaacpjt/M0609) by extension 'colcon_meta'
[0.115s] Level 1:colcon.colcon_core.package_identification:_identify(isaacpjt/M0609) by extensions ['ros']
[0.115s] Level 1:colcon.colcon_core.package_identification:_identify(isaacpjt/M0609) by extension 'ros'
[0.115s] Level 1:colcon.colcon_core.package_identification:_identify(isaacpjt/M0609) by extensions ['cmake', 'python']
[0.115s] Level 1:colcon.colcon_core.package_identification:_identify(isaacpjt/M0609) by extension 'cmake'
[0.115s] Level 1:colcon.colcon_core.package_identification:_identify(isaacpjt/M0609) by extension 'python'
[0.115s] Level 1:colcon.colcon_core.package_identification:_identify(isaacpjt/M0609) by extensions ['python_setup_py']
[0.115s] Level 1:colcon.colcon_core.package_identification:_identify(isaacpjt/M0609) by extension 'python_setup_py'
[0.115s] Level 1:colcon.colcon_core.package_identification:_identify(isaacpjt/M0609/Collected_m0609_camera) by extensions ['ignore', 'ignore_ament_install']
[0.115s] Level 1:colcon.colcon_core.package_identification:_identify(isaacpjt/M0609/Collected_m0609_camera) by extension 'ignore'
[0.115s] Level 1:colcon.colcon_core.package_identification:_identify(isaacpjt/M0609/Collected_m0609_camera) by extension 'ignore_ament_install'
[0.115s] Level 1:colcon.colcon_core.package_identification:_identify(isaacpjt/M0609/Collected_m0609_camera) by extensions ['colcon_pkg']
[0.115s] Level 1:colcon.colcon_core.package_identification:_identify(isaacpjt/M0609/Collected_m0609_camera) by extension 'colcon_pkg'
[0.115s] Level 1:colcon.colcon_core.package_identification:_identify(isaacpjt/M0609/Collected_m0609_camera) by extensions ['colcon_meta']
[0.115s] Level 1:colcon.colcon_core.package_identification:_identify(isaacpjt/M0609/Collected_m0609_camera) by extension 'colcon_meta'
[0.115s] Level 1:colcon.colcon_core.package_identification:_identify(isaacpjt/M0609/Collected_m0609_camera) by extensions ['ros']
[0.115s] Level 1:colcon.colcon_core.package_identification:_identify(isaacpjt/M0609/Collected_m0609_camera) by extension 'ros'
[0.115s] Level 1:colcon.colcon_core.package_identification:_identify(isaacpjt/M0609/Collected_m0609_camera) by extensions ['cmake', 'python']
[0.115s] Level 1:colcon.colcon_core.package_identification:_identify(isaacpjt/M0609/Collected_m0609_camera) by extension 'cmake'
[0.115s] Level 1:colcon.colcon_core.package_identification:_identify(isaacpjt/M0609/Collected_m0609_camera) by extension 'python'
[0.115s] Level 1:colcon.colcon_core.package_identification:_identify(isaacpjt/M0609/Collected_m0609_camera) by extensions ['python_setup_py']
[0.115s] Level 1:colcon.colcon_core.package_identification:_identify(isaacpjt/M0609/Collected_m0609_camera) by extension 'python_setup_py'
[0.115s] Level 1:colcon.colcon_core.package_identification:_identify(isaacpjt/M0609/Collected_m0609_camera/Collected_m0609_red_block) by extensions ['ignore', 'ignore_ament_install']
[0.115s] Level 1:colcon.colcon_core.package_identification:_identify(isaacpjt/M0609/Collected_m0609_camera/Collected_m0609_red_block) by extension 'ignore'
[0.115s] Level 1:colcon.colcon_core.package_identification:_identify(isaacpjt/M0609/Collected_m0609_camera/Collected_m0609_red_block) by extension 'ignore_ament_install'
[0.115s] Level 1:colcon.colcon_core.package_identification:_identify(isaacpjt/M0609/Collected_m0609_camera/Collected_m0609_red_block) by extensions ['colcon_pkg']
[0.115s] Level 1:colcon.colcon_core.package_identification:_identify(isaacpjt/M0609/Collected_m0609_camera/Collected_m0609_red_block) by extension 'colcon_pkg'
[0.115s] Level 1:colcon.colcon_core.package_identification:_identify(isaacpjt/M0609/Collected_m0609_camera/Collected_m0609_red_block) by extensions ['colcon_meta']
[0.115s] Level 1:colcon.colcon_core.package_identification:_identify(isaacpjt/M0609/Collected_m0609_camera/Collected_m0609_red_block) by extension 'colcon_meta'
[0.115s] Level 1:colcon.colcon_core.package_identification:_identify(isaacpjt/M0609/Collected_m0609_camera/Collected_m0609_red_block) by extensions ['ros']
[0.115s] Level 1:colcon.colcon_core.package_identification:_identify(isaacpjt/M0609/Collected_m0609_camera/Collected_m0609_red_block) by extension 'ros'
[0.115s] Level 1:colcon.colcon_core.package_identification:_identify(isaacpjt/M0609/Collected_m0609_camera/Collected_m0609_red_block) by extensions ['cmake', 'python']
[0.115s] Level 1:colcon.colcon_core.package_identification:_identify(isaacpjt/M0609/Collected_m0609_camera/Collected_m0609_red_block) by extension 'cmake'
[0.115s] Level 1:colcon.colcon_core.package_identification:_identify(isaacpjt/M0609/Collected_m0609_camera/Collected_m0609_red_block) by extension 'python'
[0.115s] Level 1:colcon.colcon_core.package_identification:_identify(isaacpjt/M0609/Collected_m0609_camera/Collected_m0609_red_block) by extensions ['python_setup_py']
[0.115s] Level 1:colcon.colcon_core.package_identification:_identify(isaacpjt/M0609/Collected_m0609_camera/Collected_m0609_red_block) by extension 'python_setup_py'
[0.115s] Level 1:colcon.colcon_core.package_identification:_identify(isaacpjt/M0609/Collected_m0609_camera/Collected_m0609_red_block/doosan-robot2) by extensions ['ignore', 'ignore_ament_install']
[0.115s] Level 1:colcon.colcon_core.package_identification:_identify(isaacpjt/M0609/Collected_m0609_camera/Collected_m0609_red_block/doosan-robot2) by extension 'ignore'
[0.115s] Level 1:colcon.colcon_core.package_identification:_identify(isaacpjt/M0609/Collected_m0609_camera/Collected_m0609_red_block/doosan-robot2) by extension 'ignore_ament_install'
[0.115s] Level 1:colcon.colcon_core.package_identification:_identify(isaacpjt/M0609/Collected_m0609_camera/Collected_m0609_red_block/doosan-robot2) by extensions ['colcon_pkg']
[0.116s] Level 1:colcon.colcon_core.package_identification:_identify(isaacpjt/M0609/Collected_m0609_camera/Collected_m0609_red_block/doosan-robot2) by extension 'colcon_pkg'
[0.116s] Level 1:colcon.colcon_core.package_identification:_identify(isaacpjt/M0609/Collected_m0609_camera/Collected_m0609_red_block/doosan-robot2) by extensions ['colcon_meta']
[0.116s] Level 1:colcon.colcon_core.package_identification:_identify(isaacpjt/M0609/Collected_m0609_camera/Collected_m0609_red_block/doosan-robot2) by extension 'colcon_meta'
[0.116s] Level 1:colcon.colcon_core.package_identification:_identify(isaacpjt/M0609/Collected_m0609_camera/Collected_m0609_red_block/doosan-robot2) by extensions ['ros']
[0.116s] Level 1:colcon.colcon_core.package_identification:_identify(isaacpjt/M0609/Collected_m0609_camera/Collected_m0609_red_block/doosan-robot2) by extension 'ros'
[0.116s] Level 1:colcon.colcon_core.package_identification:_identify(isaacpjt/M0609/Collected_m0609_camera/Collected_m0609_red_block/doosan-robot2) by extensions ['cmake', 'python']
[0.116s] Level 1:colcon.colcon_core.package_identification:_identify(isaacpjt/M0609/Collected_m0609_camera/Collected_m0609_red_block/doosan-robot2) by extension 'cmake'
[0.116s] Level 1:colcon.colcon_core.package_identification:_identify(isaacpjt/M0609/Collected_m0609_camera/Collected_m0609_red_block/doosan-robot2) by extension 'python'
[0.116s] Level 1:colcon.colcon_core.package_identification:_identify(isaacpjt/M0609/Collected_m0609_camera/Collected_m0609_red_block/doosan-robot2) by extensions ['python_setup_py']
[0.116s] Level 1:colcon.colcon_core.package_identification:_identify(isaacpjt/M0609/Collected_m0609_camera/Collected_m0609_red_block/doosan-robot2) by extension 'python_setup_py'
[0.116s] Level 1:colcon.colcon_core.package_identification:_identify(isaacpjt/M0609/Collected_m0609_camera/Collected_m0609_red_block/doosan-robot2/urdf) by extensions ['ignore', 'ignore_ament_install']
[0.116s] Level 1:colcon.colcon_core.package_identification:_identify(isaacpjt/M0609/Collected_m0609_camera/Collected_m0609_red_block/doosan-robot2/urdf) by extension 'ignore'
[0.116s] Level 1:colcon.colcon_core.package_identification:_identify(isaacpjt/M0609/Collected_m0609_camera/Collected_m0609_red_block/doosan-robot2/urdf) by extension 'ignore_ament_install'
[0.116s] Level 1:colcon.colcon_core.package_identification:_identify(isaacpjt/M0609/Collected_m0609_camera/Collected_m0609_red_block/doosan-robot2/urdf) by extensions ['colcon_pkg']
[0.116s] Level 1:colcon.colcon_core.package_identification:_identify(isaacpjt/M0609/Collected_m0609_camera/Collected_m0609_red_block/doosan-robot2/urdf) by extension 'colcon_pkg'
[0.116s] Level 1:colcon.colcon_core.package_identification:_identify(isaacpjt/M0609/Collected_m0609_camera/Collected_m0609_red_block/doosan-robot2/urdf) by extensions ['colcon_meta']
[0.116s] Level 1:colcon.colcon_core.package_identification:_identify(isaacpjt/M0609/Collected_m0609_camera/Collected_m0609_red_block/doosan-robot2/urdf) by extension 'colcon_meta'
[0.116s] Level 1:colcon.colcon_core.package_identification:_identify(isaacpjt/M0609/Collected_m0609_camera/Collected_m0609_red_block/doosan-robot2/urdf) by extensions ['ros']
[0.116s] Level 1:colcon.colcon_core.package_identification:_identify(isaacpjt/M0609/Collected_m0609_camera/Collected_m0609_red_block/doosan-robot2/urdf) by extension 'ros'
[0.116s] Level 1:colcon.colcon_core.package_identification:_identify(isaacpjt/M0609/Collected_m0609_camera/Collected_m0609_red_block/doosan-robot2/urdf) by extensions ['cmake', 'python']
[0.116s] Level 1:colcon.colcon_core.package_identification:_identify(isaacpjt/M0609/Collected_m0609_camera/Collected_m0609_red_block/doosan-robot2/urdf) by extension 'cmake'
[0.116s] Level 1:colcon.colcon_core.package_identification:_identify(isaacpjt/M0609/Collected_m0609_camera/Collected_m0609_red_block/doosan-robot2/urdf) by extension 'python'
[0.116s] Level 1:colcon.colcon_core.package_identification:_identify(isaacpjt/M0609/Collected_m0609_camera/Collected_m0609_red_block/doosan-robot2/urdf) by extensions ['python_setup_py']
[0.116s] Level 1:colcon.colcon_core.package_identification:_identify(isaacpjt/M0609/Collected_m0609_camera/Collected_m0609_red_block/doosan-robot2/urdf) by extension 'python_setup_py'
[0.116s] Level 1:colcon.colcon_core.package_identification:_identify(isaacpjt/M0609/Collected_m0609_camera/Collected_m0609_red_block/doosan-robot2/urdf/m0609_isaac_sim) by extensions ['ignore', 'ignore_ament_install']
[0.116s] Level 1:colcon.colcon_core.package_identification:_identify(isaacpjt/M0609/Collected_m0609_camera/Collected_m0609_red_block/doosan-robot2/urdf/m0609_isaac_sim) by extension 'ignore'
[0.116s] Level 1:colcon.colcon_core.package_identification:_identify(isaacpjt/M0609/Collected_m0609_camera/Collected_m0609_red_block/doosan-robot2/urdf/m0609_isaac_sim) by extension 'ignore_ament_install'
[0.116s] Level 1:colcon.colcon_core.package_identification:_identify(isaacpjt/M0609/Collected_m0609_camera/Collected_m0609_red_block/doosan-robot2/urdf/m0609_isaac_sim) by extensions ['colcon_pkg']
[0.116s] Level 1:colcon.colcon_core.package_identification:_identify(isaacpjt/M0609/Collected_m0609_camera/Collected_m0609_red_block/doosan-robot2/urdf/m0609_isaac_sim) by extension 'colcon_pkg'
[0.116s] Level 1:colcon.colcon_core.package_identification:_identify(isaacpjt/M0609/Collected_m0609_camera/Collected_m0609_red_block/doosan-robot2/urdf/m0609_isaac_sim) by extensions ['colcon_meta']
[0.116s] Level 1:colcon.colcon_core.package_identification:_identify(isaacpjt/M0609/Collected_m0609_camera/Collected_m0609_red_block/doosan-robot2/urdf/m0609_isaac_sim) by extension 'colcon_meta'
[0.116s] Level 1:colcon.colcon_core.package_identification:_identify(isaacpjt/M0609/Collected_m0609_camera/Collected_m0609_red_block/doosan-robot2/urdf/m0609_isaac_sim) by extensions ['ros']
[0.116s] Level 1:colcon.colcon_core.package_identification:_identify(isaacpjt/M0609/Collected_m0609_camera/Collected_m0609_red_block/doosan-robot2/urdf/m0609_isaac_sim) by extension 'ros'
[0.116s] Level 1:colcon.colcon_core.package_identification:_identify(isaacpjt/M0609/Collected_m0609_camera/Collected_m0609_red_block/doosan-robot2/urdf/m0609_isaac_sim) by extensions ['cmake', 'python']
[0.116s] Level 1:colcon.colcon_core.package_identification:_identify(isaacpjt/M0609/Collected_m0609_camera/Collected_m0609_red_block/doosan-robot2/urdf/m0609_isaac_sim) by extension 'cmake'
[0.116s] Level 1:colcon.colcon_core.package_identification:_identify(isaacpjt/M0609/Collected_m0609_camera/Collected_m0609_red_block/doosan-robot2/urdf/m0609_isaac_sim) by extension 'python'
[0.116s] Level 1:colcon.colcon_core.package_identification:_identify(isaacpjt/M0609/Collected_m0609_camera/Collected_m0609_red_block/doosan-robot2/urdf/m0609_isaac_sim) by extensions ['python_setup_py']
[0.116s] Level 1:colcon.colcon_core.package_identification:_identify(isaacpjt/M0609/Collected_m0609_camera/Collected_m0609_red_block/doosan-robot2/urdf/m0609_isaac_sim) by extension 'python_setup_py'
[0.116s] Level 1:colcon.colcon_core.package_identification:_identify(isaacpjt/M0609/Collected_m0609_camera/Collected_m0609_red_block/doosan-robot2/urdf/m0609_isaac_sim/configuration) by extensions ['ignore', 'ignore_ament_install']
[0.116s] Level 1:colcon.colcon_core.package_identification:_identify(isaacpjt/M0609/Collected_m0609_camera/Collected_m0609_red_block/doosan-robot2/urdf/m0609_isaac_sim/configuration) by extension 'ignore'
[0.116s] Level 1:colcon.colcon_core.package_identification:_identify(isaacpjt/M0609/Collected_m0609_camera/Collected_m0609_red_block/doosan-robot2/urdf/m0609_isaac_sim/configuration) by extension 'ignore_ament_install'
[0.116s] Level 1:colcon.colcon_core.package_identification:_identify(isaacpjt/M0609/Collected_m0609_camera/Collected_m0609_red_block/doosan-robot2/urdf/m0609_isaac_sim/configuration) by extensions ['colcon_pkg']
[0.116s] Level 1:colcon.colcon_core.package_identification:_identify(isaacpjt/M0609/Collected_m0609_camera/Collected_m0609_red_block/doosan-robot2/urdf/m0609_isaac_sim/configuration) by extension 'colcon_pkg'
[0.116s] Level 1:colcon.colcon_core.package_identification:_identify(isaacpjt/M0609/Collected_m0609_camera/Collected_m0609_red_block/doosan-robot2/urdf/m0609_isaac_sim/configuration) by extensions ['colcon_meta']
[0.116s] Level 1:colcon.colcon_core.package_identification:_identify(isaacpjt/M0609/Collected_m0609_camera/Collected_m0609_red_block/doosan-robot2/urdf/m0609_isaac_sim/configuration) by extension 'colcon_meta'
[0.116s] Level 1:colcon.colcon_core.package_identification:_identify(isaacpjt/M0609/Collected_m0609_camera/Collected_m0609_red_block/doosan-robot2/urdf/m0609_isaac_sim/configuration) by extensions ['ros']
[0.116s] Level 1:colcon.colcon_core.package_identification:_identify(isaacpjt/M0609/Collected_m0609_camera/Collected_m0609_red_block/doosan-robot2/urdf/m0609_isaac_sim/configuration) by extension 'ros'
[0.116s] Level 1:colcon.colcon_core.package_identification:_identify(isaacpjt/M0609/Collected_m0609_camera/Collected_m0609_red_block/doosan-robot2/urdf/m0609_isaac_sim/configuration) by extensions ['cmake', 'python']
[0.116s] Level 1:colcon.colcon_core.package_identification:_identify(isaacpjt/M0609/Collected_m0609_camera/Collected_m0609_red_block/doosan-robot2/urdf/m0609_isaac_sim/configuration) by extension 'cmake'
[0.116s] Level 1:colcon.colcon_core.package_identification:_identify(isaacpjt/M0609/Collected_m0609_camera/Collected_m0609_red_block/doosan-robot2/urdf/m0609_isaac_sim/configuration) by extension 'python'
[0.116s] Level 1:colcon.colcon_core.package_identification:_identify(isaacpjt/M0609/Collected_m0609_camera/Collected_m0609_red_block/doosan-robot2/urdf/m0609_isaac_sim/configuration) by extensions ['python_setup_py']
[0.116s] Level 1:colcon.colcon_core.package_identification:_identify(isaacpjt/M0609/Collected_m0609_camera/Collected_m0609_red_block/doosan-robot2/urdf/m0609_isaac_sim/configuration) by extension 'python_setup_py'
[0.116s] Level 1:colcon.colcon_core.package_identification:_identify(isaacpjt/M0609/Collected_m0609_camera/Collected_m0609_red_block/omniverse-content-production.s3-us-west-2.amazonaws.com) by extensions ['ignore', 'ignore_ament_install']
[0.116s] Level 1:colcon.colcon_core.package_identification:_identify(isaacpjt/M0609/Collected_m0609_camera/Collected_m0609_red_block/omniverse-content-production.s3-us-west-2.amazonaws.com) by extension 'ignore'
[0.116s] Level 1:colcon.colcon_core.package_identification:_identify(isaacpjt/M0609/Collected_m0609_camera/Collected_m0609_red_block/omniverse-content-production.s3-us-west-2.amazonaws.com) by extension 'ignore_ament_install'
[0.116s] Level 1:colcon.colcon_core.package_identification:_identify(isaacpjt/M0609/Collected_m0609_camera/Collected_m0609_red_block/omniverse-content-production.s3-us-west-2.amazonaws.com) by extensions ['colcon_pkg']
[0.116s] Level 1:colcon.colcon_core.package_identification:_identify(isaacpjt/M0609/Collected_m0609_camera/Collected_m0609_red_block/omniverse-content-production.s3-us-west-2.amazonaws.com) by extension 'colcon_pkg'
[0.116s] Level 1:colcon.colcon_core.package_identification:_identify(isaacpjt/M0609/Collected_m0609_camera/Collected_m0609_red_block/omniverse-content-production.s3-us-west-2.amazonaws.com) by extensions ['colcon_meta']
[0.116s] Level 1:colcon.colcon_core.package_identification:_identify(isaacpjt/M0609/Collected_m0609_camera/Collected_m0609_red_block/omniverse-content-production.s3-us-west-2.amazonaws.com) by extension 'colcon_meta'
[0.116s] Level 1:colcon.colcon_core.package_identification:_identify(isaacpjt/M0609/Collected_m0609_camera/Collected_m0609_red_block/omniverse-content-production.s3-us-west-2.amazonaws.com) by extensions ['ros']
[0.117s] Level 1:colcon.colcon_core.package_identification:_identify(isaacpjt/M0609/Collected_m0609_camera/Collected_m0609_red_block/omniverse-content-production.s3-us-west-2.amazonaws.com) by extension 'ros'
[0.117s] Level 1:colcon.colcon_core.package_identification:_identify(isaacpjt/M0609/Collected_m0609_camera/Collected_m0609_red_block/omniverse-content-production.s3-us-west-2.amazonaws.com) by extensions ['cmake', 'python']
[0.117s] Level 1:colcon.colcon_core.package_identification:_identify(isaacpjt/M0609/Collected_m0609_camera/Collected_m0609_red_block/omniverse-content-production.s3-us-west-2.amazonaws.com) by extension 'cmake'
[0.117s] Level 1:colcon.colcon_core.package_identification:_identify(isaacpjt/M0609/Collected_m0609_camera/Collected_m0609_red_block/omniverse-content-production.s3-us-west-2.amazonaws.com) by extension 'python'
[0.117s] Level 1:colcon.colcon_core.package_identification:_identify(isaacpjt/M0609/Collected_m0609_camera/Collected_m0609_red_block/omniverse-content-production.s3-us-west-2.amazonaws.com) by extensions ['python_setup_py']
[0.117s] Level 1:colcon.colcon_core.package_identification:_identify(isaacpjt/M0609/Collected_m0609_camera/Collected_m0609_red_block/omniverse-content-production.s3-us-west-2.amazonaws.com) by extension 'python_setup_py'
[0.117s] Level 1:colcon.colcon_core.package_identification:_identify(isaacpjt/M0609/Collected_m0609_camera/Collected_m0609_red_block/omniverse-content-production.s3-us-west-2.amazonaws.com/Assets) by extensions ['ignore', 'ignore_ament_install']
[0.117s] Level 1:colcon.colcon_core.package_identification:_identify(isaacpjt/M0609/Collected_m0609_camera/Collected_m0609_red_block/omniverse-content-production.s3-us-west-2.amazonaws.com/Assets) by extension 'ignore'
[0.117s] Level 1:colcon.colcon_core.package_identification:_identify(isaacpjt/M0609/Collected_m0609_camera/Collected_m0609_red_block/omniverse-content-production.s3-us-west-2.amazonaws.com/Assets) by extension 'ignore_ament_install'
[0.117s] Level 1:colcon.colcon_core.package_identification:_identify(isaacpjt/M0609/Collected_m0609_camera/Collected_m0609_red_block/omniverse-content-production.s3-us-west-2.amazonaws.com/Assets) by extensions ['colcon_pkg']
[0.117s] Level 1:colcon.colcon_core.package_identification:_identify(isaacpjt/M0609/Collected_m0609_camera/Collected_m0609_red_block/omniverse-content-production.s3-us-west-2.amazonaws.com/Assets) by extension 'colcon_pkg'
[0.117s] Level 1:colcon.colcon_core.package_identification:_identify(isaacpjt/M0609/Collected_m0609_camera/Collected_m0609_red_block/omniverse-content-production.s3-us-west-2.amazonaws.com/Assets) by extensions ['colcon_meta']
[0.117s] Level 1:colcon.colcon_core.package_identification:_identify(isaacpjt/M0609/Collected_m0609_camera/Collected_m0609_red_block/omniverse-content-production.s3-us-west-2.amazonaws.com/Assets) by extension 'colcon_meta'
[0.117s] Level 1:colcon.colcon_core.package_identification:_identify(isaacpjt/M0609/Collected_m0609_camera/Collected_m0609_red_block/omniverse-content-production.s3-us-west-2.amazonaws.com/Assets) by extensions ['ros']
[0.117s] Level 1:colcon.colcon_core.package_identification:_identify(isaacpjt/M0609/Collected_m0609_camera/Collected_m0609_red_block/omniverse-content-production.s3-us-west-2.amazonaws.com/Assets) by extension 'ros'
[0.117s] Level 1:colcon.colcon_core.package_identification:_identify(isaacpjt/M0609/Collected_m0609_camera/Collected_m0609_red_block/omniverse-content-production.s3-us-west-2.amazonaws.com/Assets) by extensions ['cmake', 'python']
[0.117s] Level 1:colcon.colcon_core.package_identification:_identify(isaacpjt/M0609/Collected_m0609_camera/Collected_m0609_red_block/omniverse-content-production.s3-us-west-2.amazonaws.com/Assets) by extension 'cmake'
[0.117s] Level 1:colcon.colcon_core.package_identification:_identify(isaacpjt/M0609/Collected_m0609_camera/Collected_m0609_red_block/omniverse-content-production.s3-us-west-2.amazonaws.com/Assets) by extension 'python'
[0.117s] Level 1:colcon.colcon_core.package_identification:_identify(isaacpjt/M0609/Collected_m0609_camera/Collected_m0609_red_block/omniverse-content-production.s3-us-west-2.amazonaws.com/Assets) by extensions ['python_setup_py']
[0.117s] Level 1:colcon.colcon_core.package_identification:_identify(isaacpjt/M0609/Collected_m0609_camera/Collected_m0609_red_block/omniverse-content-production.s3-us-west-2.amazonaws.com/Assets) by extension 'python_setup_py'
[0.117s] Level 1:colcon.colcon_core.package_identification:_identify(isaacpjt/M0609/Collected_m0609_camera/Collected_m0609_red_block/omniverse-content-production.s3-us-west-2.amazonaws.com/Assets/Isaac) by extensions ['ignore', 'ignore_ament_install']
[0.117s] Level 1:colcon.colcon_core.package_identification:_identify(isaacpjt/M0609/Collected_m0609_camera/Collected_m0609_red_block/omniverse-content-production.s3-us-west-2.amazonaws.com/Assets/Isaac) by extension 'ignore'
[0.117s] Level 1:colcon.colcon_core.package_identification:_identify(isaacpjt/M0609/Collected_m0609_camera/Collected_m0609_red_block/omniverse-content-production.s3-us-west-2.amazonaws.com/Assets/Isaac) by extension 'ignore_ament_install'
[0.117s] Level 1:colcon.colcon_core.package_identification:_identify(isaacpjt/M0609/Collected_m0609_camera/Collected_m0609_red_block/omniverse-content-production.s3-us-west-2.amazonaws.com/Assets/Isaac) by extensions ['colcon_pkg']
[0.117s] Level 1:colcon.colcon_core.package_identification:_identify(isaacpjt/M0609/Collected_m0609_camera/Collected_m0609_red_block/omniverse-content-production.s3-us-west-2.amazonaws.com/Assets/Isaac) by extension 'colcon_pkg'
[0.117s] Level 1:colcon.colcon_core.package_identification:_identify(isaacpjt/M0609/Collected_m0609_camera/Collected_m0609_red_block/omniverse-content-production.s3-us-west-2.amazonaws.com/Assets/Isaac) by extensions ['colcon_meta']
[0.117s] Level 1:colcon.colcon_core.package_identification:_identify(isaacpjt/M0609/Collected_m0609_camera/Collected_m0609_red_block/omniverse-content-production.s3-us-west-2.amazonaws.com/Assets/Isaac) by extension 'colcon_meta'
[0.117s] Level 1:colcon.colcon_core.package_identification:_identify(isaacpjt/M0609/Collected_m0609_camera/Collected_m0609_red_block/omniverse-content-production.s3-us-west-2.amazonaws.com/Assets/Isaac) by extensions ['ros']
[0.117s] Level 1:colcon.colcon_core.package_identification:_identify(isaacpjt/M0609/Collected_m0609_camera/Collected_m0609_red_block/omniverse-content-production.s3-us-west-2.amazonaws.com/Assets/Isaac) by extension 'ros'
[0.117s] Level 1:colcon.colcon_core.package_identification:_identify(isaacpjt/M0609/Collected_m0609_camera/Collected_m0609_red_block/omniverse-content-production.s3-us-west-2.amazonaws.com/Assets/Isaac) by extensions ['cmake', 'python']
[0.117s] Level 1:colcon.colcon_core.package_identification:_identify(isaacpjt/M0609/Collected_m0609_camera/Collected_m0609_red_block/omniverse-content-production.s3-us-west-2.amazonaws.com/Assets/Isaac) by extension 'cmake'
[0.117s] Level 1:colcon.colcon_core.package_identification:_identify(isaacpjt/M0609/Collected_m0609_camera/Collected_m0609_red_block/omniverse-content-production.s3-us-west-2.amazonaws.com/Assets/Isaac) by extension 'python'
[0.117s] Level 1:colcon.colcon_core.package_identification:_identify(isaacpjt/M0609/Collected_m0609_camera/Collected_m0609_red_block/omniverse-content-production.s3-us-west-2.amazonaws.com/Assets/Isaac) by extensions ['python_setup_py']
[0.117s] Level 1:colcon.colcon_core.package_identification:_identify(isaacpjt/M0609/Collected_m0609_camera/Collected_m0609_red_block/omniverse-content-production.s3-us-west-2.amazonaws.com/Assets/Isaac) by extension 'python_setup_py'
[0.117s] Level 1:colcon.colcon_core.package_identification:_identify(isaacpjt/M0609/Collected_m0609_camera/Collected_m0609_red_block/omniverse-content-production.s3-us-west-2.amazonaws.com/Assets/Isaac/5.1) by extensions ['ignore', 'ignore_ament_install']
[0.117s] Level 1:colcon.colcon_core.package_identification:_identify(isaacpjt/M0609/Collected_m0609_camera/Collected_m0609_red_block/omniverse-content-production.s3-us-west-2.amazonaws.com/Assets/Isaac/5.1) by extension 'ignore'
[0.117s] Level 1:colcon.colcon_core.package_identification:_identify(isaacpjt/M0609/Collected_m0609_camera/Collected_m0609_red_block/omniverse-content-production.s3-us-west-2.amazonaws.com/Assets/Isaac/5.1) by extension 'ignore_ament_install'
[0.117s] Level 1:colcon.colcon_core.package_identification:_identify(isaacpjt/M0609/Collected_m0609_camera/Collected_m0609_red_block/omniverse-content-production.s3-us-west-2.amazonaws.com/Assets/Isaac/5.1) by extensions ['colcon_pkg']
[0.117s] Level 1:colcon.colcon_core.package_identification:_identify(isaacpjt/M0609/Collected_m0609_camera/Collected_m0609_red_block/omniverse-content-production.s3-us-west-2.amazonaws.com/Assets/Isaac/5.1) by extension 'colcon_pkg'
[0.117s] Level 1:colcon.colcon_core.package_identification:_identify(isaacpjt/M0609/Collected_m0609_camera/Collected_m0609_red_block/omniverse-content-production.s3-us-west-2.amazonaws.com/Assets/Isaac/5.1) by extensions ['colcon_meta']
[0.117s] Level 1:colcon.colcon_core.package_identification:_identify(isaacpjt/M0609/Collected_m0609_camera/Collected_m0609_red_block/omniverse-content-production.s3-us-west-2.amazonaws.com/Assets/Isaac/5.1) by extension 'colcon_meta'
[0.117s] Level 1:colcon.colcon_core.package_identification:_identify(isaacpjt/M0609/Collected_m0609_camera/Collected_m0609_red_block/omniverse-content-production.s3-us-west-2.amazonaws.com/Assets/Isaac/5.1) by extensions ['ros']
[0.117s] Level 1:colcon.colcon_core.package_identification:_identify(isaacpjt/M0609/Collected_m0609_camera/Collected_m0609_red_block/omniverse-content-production.s3-us-west-2.amazonaws.com/Assets/Isaac/5.1) by extension 'ros'
[0.117s] Level 1:colcon.colcon_core.package_identification:_identify(isaacpjt/M0609/Collected_m0609_camera/Collected_m0609_red_block/omniverse-content-production.s3-us-west-2.amazonaws.com/Assets/Isaac/5.1) by extensions ['cmake', 'python']
[0.117s] Level 1:colcon.colcon_core.package_identification:_identify(isaacpjt/M0609/Collected_m0609_camera/Collected_m0609_red_block/omniverse-content-production.s3-us-west-2.amazonaws.com/Assets/Isaac/5.1) by extension 'cmake'
[0.117s] Level 1:colcon.colcon_core.package_identification:_identify(isaacpjt/M0609/Collected_m0609_camera/Collected_m0609_red_block/omniverse-content-production.s3-us-west-2.amazonaws.com/Assets/Isaac/5.1) by extension 'python'
[0.117s] Level 1:colcon.colcon_core.package_identification:_identify(isaacpjt/M0609/Collected_m0609_camera/Collected_m0609_red_block/omniverse-content-production.s3-us-west-2.amazonaws.com/Assets/Isaac/5.1) by extensions ['python_setup_py']
[0.117s] Level 1:colcon.colcon_core.package_identification:_identify(isaacpjt/M0609/Collected_m0609_camera/Collected_m0609_red_block/omniverse-content-production.s3-us-west-2.amazonaws.com/Assets/Isaac/5.1) by extension 'python_setup_py'
[0.117s] Level 1:colcon.colcon_core.package_identification:_identify(isaacpjt/M0609/Collected_m0609_camera/Collected_m0609_red_block/omniverse-content-production.s3-us-west-2.amazonaws.com/Assets/Isaac/5.1/Isaac) by extensions ['ignore', 'ignore_ament_install']
[0.117s] Level 1:colcon.colcon_core.package_identification:_identify(isaacpjt/M0609/Collected_m0609_camera/Collected_m0609_red_block/omniverse-content-production.s3-us-west-2.amazonaws.com/Assets/Isaac/5.1/Isaac) by extension 'ignore'
[0.117s] Level 1:colcon.colcon_core.package_identification:_identify(isaacpjt/M0609/Collected_m0609_camera/Collected_m0609_red_block/omniverse-content-production.s3-us-west-2.amazonaws.com/Assets/Isaac/5.1/Isaac) by extension 'ignore_ament_install'
[0.117s] Level 1:colcon.colcon_core.package_identification:_identify(isaacpjt/M0609/Collected_m0609_camera/Collected_m0609_red_block/omniverse-content-production.s3-us-west-2.amazonaws.com/Assets/Isaac/5.1/Isaac) by extensions ['colcon_pkg']
[0.117s] Level 1:colcon.colcon_core.package_identification:_identify(isaacpjt/M0609/Collected_m0609_camera/Collected_m0609_red_block/omniverse-content-production.s3-us-west-2.amazonaws.com/Assets/Isaac/5.1/Isaac) by extension 'colcon_pkg'
[0.117s] Level 1:colcon.colcon_core.package_identification:_identify(isaacpjt/M0609/Collected_m0609_camera/Collected_m0609_red_block/omniverse-content-production.s3-us-west-2.amazonaws.com/Assets/Isaac/5.1/Isaac) by extensions ['colcon_meta']
[0.117s] Level 1:colcon.colcon_core.package_identification:_identify(isaacpjt/M0609/Collected_m0609_camera/Collected_m0609_red_block/omniverse-content-production.s3-us-west-2.amazonaws.com/Assets/Isaac/5.1/Isaac) by extension 'colcon_meta'
[0.117s] Level 1:colcon.colcon_core.package_identification:_identify(isaacpjt/M0609/Collected_m0609_camera/Collected_m0609_red_block/omniverse-content-production.s3-us-west-2.amazonaws.com/Assets/Isaac/5.1/Isaac) by extensions ['ros']
[0.117s] Level 1:colcon.colcon_core.package_identification:_identify(isaacpjt/M0609/Collected_m0609_camera/Collected_m0609_red_block/omniverse-content-production.s3-us-west-2.amazonaws.com/Assets/Isaac/5.1/Isaac) by extension 'ros'
[0.117s] Level 1:colcon.colcon_core.package_identification:_identify(isaacpjt/M0609/Collected_m0609_camera/Collected_m0609_red_block/omniverse-content-production.s3-us-west-2.amazonaws.com/Assets/Isaac/5.1/Isaac) by extensions ['cmake', 'python']
[0.117s] Level 1:colcon.colcon_core.package_identification:_identify(isaacpjt/M0609/Collected_m0609_camera/Collected_m0609_red_block/omniverse-content-production.s3-us-west-2.amazonaws.com/Assets/Isaac/5.1/Isaac) by extension 'cmake'
[0.117s] Level 1:colcon.colcon_core.package_identification:_identify(isaacpjt/M0609/Collected_m0609_camera/Collected_m0609_red_block/omniverse-content-production.s3-us-west-2.amazonaws.com/Assets/Isaac/5.1/Isaac) by extension 'python'
[0.118s] Level 1:colcon.colcon_core.package_identification:_identify(isaacpjt/M0609/Collected_m0609_camera/Collected_m0609_red_block/omniverse-content-production.s3-us-west-2.amazonaws.com/Assets/Isaac/5.1/Isaac) by extensions ['python_setup_py']
[0.118s] Level 1:colcon.colcon_core.package_identification:_identify(isaacpjt/M0609/Collected_m0609_camera/Collected_m0609_red_block/omniverse-content-production.s3-us-west-2.amazonaws.com/Assets/Isaac/5.1/Isaac) by extension 'python_setup_py'
[0.118s] Level 1:colcon.colcon_core.package_identification:_identify(isaacpjt/M0609/Collected_m0609_camera/Collected_m0609_red_block/omniverse-content-production.s3-us-west-2.amazonaws.com/Assets/Isaac/5.1/Isaac/Materials) by extensions ['ignore', 'ignore_ament_install']
[0.118s] Level 1:colcon.colcon_core.package_identification:_identify(isaacpjt/M0609/Collected_m0609_camera/Collected_m0609_red_block/omniverse-content-production.s3-us-west-2.amazonaws.com/Assets/Isaac/5.1/Isaac/Materials) by extension 'ignore'
[0.118s] Level 1:colcon.colcon_core.package_identification:_identify(isaacpjt/M0609/Collected_m0609_camera/Collected_m0609_red_block/omniverse-content-production.s3-us-west-2.amazonaws.com/Assets/Isaac/5.1/Isaac/Materials) by extension 'ignore_ament_install'
[0.118s] Level 1:colcon.colcon_core.package_identification:_identify(isaacpjt/M0609/Collected_m0609_camera/Collected_m0609_red_block/omniverse-content-production.s3-us-west-2.amazonaws.com/Assets/Isaac/5.1/Isaac/Materials) by extensions ['colcon_pkg']
[0.118s] Level 1:colcon.colcon_core.package_identification:_identify(isaacpjt/M0609/Collected_m0609_camera/Collected_m0609_red_block/omniverse-content-production.s3-us-west-2.amazonaws.com/Assets/Isaac/5.1/Isaac/Materials) by extension 'colcon_pkg'
[0.118s] Level 1:colcon.colcon_core.package_identification:_identify(isaacpjt/M0609/Collected_m0609_camera/Collected_m0609_red_block/omniverse-content-production.s3-us-west-2.amazonaws.com/Assets/Isaac/5.1/Isaac/Materials) by extensions ['colcon_meta']
[0.118s] Level 1:colcon.colcon_core.package_identification:_identify(isaacpjt/M0609/Collected_m0609_camera/Collected_m0609_red_block/omniverse-content-production.s3-us-west-2.amazonaws.com/Assets/Isaac/5.1/Isaac/Materials) by extension 'colcon_meta'
[0.118s] Level 1:colcon.colcon_core.package_identification:_identify(isaacpjt/M0609/Collected_m0609_camera/Collected_m0609_red_block/omniverse-content-production.s3-us-west-2.amazonaws.com/Assets/Isaac/5.1/Isaac/Materials) by extensions ['ros']
[0.118s] Level 1:colcon.colcon_core.package_identification:_identify(isaacpjt/M0609/Collected_m0609_camera/Collected_m0609_red_block/omniverse-content-production.s3-us-west-2.amazonaws.com/Assets/Isaac/5.1/Isaac/Materials) by extension 'ros'
[0.118s] Level 1:colcon.colcon_core.package_identification:_identify(isaacpjt/M0609/Collected_m0609_camera/Collected_m0609_red_block/omniverse-content-production.s3-us-west-2.amazonaws.com/Assets/Isaac/5.1/Isaac/Materials) by extensions ['cmake', 'python']
[0.118s] Level 1:colcon.colcon_core.package_identification:_identify(isaacpjt/M0609/Collected_m0609_camera/Collected_m0609_red_block/omniverse-content-production.s3-us-west-2.amazonaws.com/Assets/Isaac/5.1/Isaac/Materials) by extension 'cmake'
[0.118s] Level 1:colcon.colcon_core.package_identification:_identify(isaacpjt/M0609/Collected_m0609_camera/Collected_m0609_red_block/omniverse-content-production.s3-us-west-2.amazonaws.com/Assets/Isaac/5.1/Isaac/Materials) by extension 'python'
[0.118s] Level 1:colcon.colcon_core.package_identification:_identify(isaacpjt/M0609/Collected_m0609_camera/Collected_m0609_red_block/omniverse-content-production.s3-us-west-2.amazonaws.com/Assets/Isaac/5.1/Isaac/Materials) by extensions ['python_setup_py']
[0.118s] Level 1:colcon.colcon_core.package_identification:_identify(isaacpjt/M0609/Collected_m0609_camera/Collected_m0609_red_block/omniverse-content-production.s3-us-west-2.amazonaws.com/Assets/Isaac/5.1/Isaac/Materials) by extension 'python_setup_py'
[0.118s] Level 1:colcon.colcon_core.package_identification:_identify(isaacpjt/M0609/Collected_m0609_camera/Collected_m0609_red_block/omniverse-content-production.s3-us-west-2.amazonaws.com/Assets/Isaac/5.1/Isaac/Materials/Base) by extensions ['ignore', 'ignore_ament_install']
[0.118s] Level 1:colcon.colcon_core.package_identification:_identify(isaacpjt/M0609/Collected_m0609_camera/Collected_m0609_red_block/omniverse-content-production.s3-us-west-2.amazonaws.com/Assets/Isaac/5.1/Isaac/Materials/Base) by extension 'ignore'
[0.118s] Level 1:colcon.colcon_core.package_identification:_identify(isaacpjt/M0609/Collected_m0609_camera/Collected_m0609_red_block/omniverse-content-production.s3-us-west-2.amazonaws.com/Assets/Isaac/5.1/Isaac/Materials/Base) by extension 'ignore_ament_install'
[0.118s] Level 1:colcon.colcon_core.package_identification:_identify(isaacpjt/M0609/Collected_m0609_camera/Collected_m0609_red_block/omniverse-content-production.s3-us-west-2.amazonaws.com/Assets/Isaac/5.1/Isaac/Materials/Base) by extensions ['colcon_pkg']
[0.118s] Level 1:colcon.colcon_core.package_identification:_identify(isaacpjt/M0609/Collected_m0609_camera/Collected_m0609_red_block/omniverse-content-production.s3-us-west-2.amazonaws.com/Assets/Isaac/5.1/Isaac/Materials/Base) by extension 'colcon_pkg'
[0.118s] Level 1:colcon.colcon_core.package_identification:_identify(isaacpjt/M0609/Collected_m0609_camera/Collected_m0609_red_block/omniverse-content-production.s3-us-west-2.amazonaws.com/Assets/Isaac/5.1/Isaac/Materials/Base) by extensions ['colcon_meta']
[0.118s] Level 1:colcon.colcon_core.package_identification:_identify(isaacpjt/M0609/Collected_m0609_camera/Collected_m0609_red_block/omniverse-content-production.s3-us-west-2.amazonaws.com/Assets/Isaac/5.1/Isaac/Materials/Base) by extension 'colcon_meta'
[0.118s] Level 1:colcon.colcon_core.package_identification:_identify(isaacpjt/M0609/Collected_m0609_camera/Collected_m0609_red_block/omniverse-content-production.s3-us-west-2.amazonaws.com/Assets/Isaac/5.1/Isaac/Materials/Base) by extensions ['ros']
[0.118s] Level 1:colcon.colcon_core.package_identification:_identify(isaacpjt/M0609/Collected_m0609_camera/Collected_m0609_red_block/omniverse-content-production.s3-us-west-2.amazonaws.com/Assets/Isaac/5.1/Isaac/Materials/Base) by extension 'ros'
[0.118s] Level 1:colcon.colcon_core.package_identification:_identify(isaacpjt/M0609/Collected_m0609_camera/Collected_m0609_red_block/omniverse-content-production.s3-us-west-2.amazonaws.com/Assets/Isaac/5.1/Isaac/Materials/Base) by extensions ['cmake', 'python']
[0.118s] Level 1:colcon.colcon_core.package_identification:_identify(isaacpjt/M0609/Collected_m0609_camera/Collected_m0609_red_block/omniverse-content-production.s3-us-west-2.amazonaws.com/Assets/Isaac/5.1/Isaac/Materials/Base) by extension 'cmake'
[0.118s] Level 1:colcon.colcon_core.package_identification:_identify(isaacpjt/M0609/Collected_m0609_camera/Collected_m0609_red_block/omniverse-content-production.s3-us-west-2.amazonaws.com/Assets/Isaac/5.1/Isaac/Materials/Base) by extension 'python'
[0.118s] Level 1:colcon.colcon_core.package_identification:_identify(isaacpjt/M0609/Collected_m0609_camera/Collected_m0609_red_block/omniverse-content-production.s3-us-west-2.amazonaws.com/Assets/Isaac/5.1/Isaac/Materials/Base) by extensions ['python_setup_py']
[0.118s] Level 1:colcon.colcon_core.package_identification:_identify(isaacpjt/M0609/Collected_m0609_camera/Collected_m0609_red_block/omniverse-content-production.s3-us-west-2.amazonaws.com/Assets/Isaac/5.1/Isaac/Materials/Base) by extension 'python_setup_py'
[0.118s] Level 1:colcon.colcon_core.package_identification:_identify(isaacpjt/M0609/Collected_m0609_camera/Collected_m0609_red_block/omniverse-content-production.s3-us-west-2.amazonaws.com/Assets/Isaac/5.1/Isaac/Materials/Base/Metals) by extensions ['ignore', 'ignore_ament_install']
[0.118s] Level 1:colcon.colcon_core.package_identification:_identify(isaacpjt/M0609/Collected_m0609_camera/Collected_m0609_red_block/omniverse-content-production.s3-us-west-2.amazonaws.com/Assets/Isaac/5.1/Isaac/Materials/Base/Metals) by extension 'ignore'
[0.118s] Level 1:colcon.colcon_core.package_identification:_identify(isaacpjt/M0609/Collected_m0609_camera/Collected_m0609_red_block/omniverse-content-production.s3-us-west-2.amazonaws.com/Assets/Isaac/5.1/Isaac/Materials/Base/Metals) by extension 'ignore_ament_install'
[0.118s] Level 1:colcon.colcon_core.package_identification:_identify(isaacpjt/M0609/Collected_m0609_camera/Collected_m0609_red_block/omniverse-content-production.s3-us-west-2.amazonaws.com/Assets/Isaac/5.1/Isaac/Materials/Base/Metals) by extensions ['colcon_pkg']
[0.118s] Level 1:colcon.colcon_core.package_identification:_identify(isaacpjt/M0609/Collected_m0609_camera/Collected_m0609_red_block/omniverse-content-production.s3-us-west-2.amazonaws.com/Assets/Isaac/5.1/Isaac/Materials/Base/Metals) by extension 'colcon_pkg'
[0.118s] Level 1:colcon.colcon_core.package_identification:_identify(isaacpjt/M0609/Collected_m0609_camera/Collected_m0609_red_block/omniverse-content-production.s3-us-west-2.amazonaws.com/Assets/Isaac/5.1/Isaac/Materials/Base/Metals) by extensions ['colcon_meta']
[0.118s] Level 1:colcon.colcon_core.package_identification:_identify(isaacpjt/M0609/Collected_m0609_camera/Collected_m0609_red_block/omniverse-content-production.s3-us-west-2.amazonaws.com/Assets/Isaac/5.1/Isaac/Materials/Base/Metals) by extension 'colcon_meta'
[0.118s] Level 1:colcon.colcon_core.package_identification:_identify(isaacpjt/M0609/Collected_m0609_camera/Collected_m0609_red_block/omniverse-content-production.s3-us-west-2.amazonaws.com/Assets/Isaac/5.1/Isaac/Materials/Base/Metals) by extensions ['ros']
[0.118s] Level 1:colcon.colcon_core.package_identification:_identify(isaacpjt/M0609/Collected_m0609_camera/Collected_m0609_red_block/omniverse-content-production.s3-us-west-2.amazonaws.com/Assets/Isaac/5.1/Isaac/Materials/Base/Metals) by extension 'ros'
[0.118s] Level 1:colcon.colcon_core.package_identification:_identify(isaacpjt/M0609/Collected_m0609_camera/Collected_m0609_red_block/omniverse-content-production.s3-us-west-2.amazonaws.com/Assets/Isaac/5.1/Isaac/Materials/Base/Metals) by extensions ['cmake', 'python']
[0.118s] Level 1:colcon.colcon_core.package_identification:_identify(isaacpjt/M0609/Collected_m0609_camera/Collected_m0609_red_block/omniverse-content-production.s3-us-west-2.amazonaws.com/Assets/Isaac/5.1/Isaac/Materials/Base/Metals) by extension 'cmake'
[0.118s] Level 1:colcon.colcon_core.package_identification:_identify(isaacpjt/M0609/Collected_m0609_camera/Collected_m0609_red_block/omniverse-content-production.s3-us-west-2.amazonaws.com/Assets/Isaac/5.1/Isaac/Materials/Base/Metals) by extension 'python'
[0.118s] Level 1:colcon.colcon_core.package_identification:_identify(isaacpjt/M0609/Collected_m0609_camera/Collected_m0609_red_block/omniverse-content-production.s3-us-west-2.amazonaws.com/Assets/Isaac/5.1/Isaac/Materials/Base/Metals) by extensions ['python_setup_py']
[0.118s] Level 1:colcon.colcon_core.package_identification:_identify(isaacpjt/M0609/Collected_m0609_camera/Collected_m0609_red_block/omniverse-content-production.s3-us-west-2.amazonaws.com/Assets/Isaac/5.1/Isaac/Materials/Base/Metals) by extension 'python_setup_py'
[0.118s] Level 1:colcon.colcon_core.package_identification:_identify(isaacpjt/M0609/Collected_m0609_camera/Collected_m0609_red_block/omniverse-content-production.s3-us-west-2.amazonaws.com/Assets/Isaac/5.1/Isaac/Materials/Base/Metals/Aluminum_Anodized) by extensions ['ignore', 'ignore_ament_install']
[0.118s] Level 1:colcon.colcon_core.package_identification:_identify(isaacpjt/M0609/Collected_m0609_camera/Collected_m0609_red_block/omniverse-content-production.s3-us-west-2.amazonaws.com/Assets/Isaac/5.1/Isaac/Materials/Base/Metals/Aluminum_Anodized) by extension 'ignore'
[0.118s] Level 1:colcon.colcon_core.package_identification:_identify(isaacpjt/M0609/Collected_m0609_camera/Collected_m0609_red_block/omniverse-content-production.s3-us-west-2.amazonaws.com/Assets/Isaac/5.1/Isaac/Materials/Base/Metals/Aluminum_Anodized) by extension 'ignore_ament_install'
[0.118s] Level 1:colcon.colcon_core.package_identification:_identify(isaacpjt/M0609/Collected_m0609_camera/Collected_m0609_red_block/omniverse-content-production.s3-us-west-2.amazonaws.com/Assets/Isaac/5.1/Isaac/Materials/Base/Metals/Aluminum_Anodized) by extensions ['colcon_pkg']
[0.118s] Level 1:colcon.colcon_core.package_identification:_identify(isaacpjt/M0609/Collected_m0609_camera/Collected_m0609_red_block/omniverse-content-production.s3-us-west-2.amazonaws.com/Assets/Isaac/5.1/Isaac/Materials/Base/Metals/Aluminum_Anodized) by extension 'colcon_pkg'
[0.118s] Level 1:colcon.colcon_core.package_identification:_identify(isaacpjt/M0609/Collected_m0609_camera/Collected_m0609_red_block/omniverse-content-production.s3-us-west-2.amazonaws.com/Assets/Isaac/5.1/Isaac/Materials/Base/Metals/Aluminum_Anodized) by extensions ['colcon_meta']
[0.118s] Level 1:colcon.colcon_core.package_identification:_identify(isaacpjt/M0609/Collected_m0609_camera/Collected_m0609_red_block/omniverse-content-production.s3-us-west-2.amazonaws.com/Assets/Isaac/5.1/Isaac/Materials/Base/Metals/Aluminum_Anodized) by extension 'colcon_meta'
[0.118s] Level 1:colcon.colcon_core.package_identification:_identify(isaacpjt/M0609/Collected_m0609_camera/Collected_m0609_red_block/omniverse-content-production.s3-us-west-2.amazonaws.com/Assets/Isaac/5.1/Isaac/Materials/Base/Metals/Aluminum_Anodized) by extensions ['ros']
[0.118s] Level 1:colcon.colcon_core.package_identification:_identify(isaacpjt/M0609/Collected_m0609_camera/Collected_m0609_red_block/omniverse-content-production.s3-us-west-2.amazonaws.com/Assets/Isaac/5.1/Isaac/Materials/Base/Metals/Aluminum_Anodized) by extension 'ros'
[0.119s] Level 1:colcon.colcon_core.package_identification:_identify(isaacpjt/M0609/Collected_m0609_camera/Collected_m0609_red_block/omniverse-content-production.s3-us-west-2.amazonaws.com/Assets/Isaac/5.1/Isaac/Materials/Base/Metals/Aluminum_Anodized) by extensions ['cmake', 'python']
[0.119s] Level 1:colcon.colcon_core.package_identification:_identify(isaacpjt/M0609/Collected_m0609_camera/Collected_m0609_red_block/omniverse-content-production.s3-us-west-2.amazonaws.com/Assets/Isaac/5.1/Isaac/Materials/Base/Metals/Aluminum_Anodized) by extension 'cmake'
[0.119s] Level 1:colcon.colcon_core.package_identification:_identify(isaacpjt/M0609/Collected_m0609_camera/Collected_m0609_red_block/omniverse-content-production.s3-us-west-2.amazonaws.com/Assets/Isaac/5.1/Isaac/Materials/Base/Metals/Aluminum_Anodized) by extension 'python'
[0.119s] Level 1:colcon.colcon_core.package_identification:_identify(isaacpjt/M0609/Collected_m0609_camera/Collected_m0609_red_block/omniverse-content-production.s3-us-west-2.amazonaws.com/Assets/Isaac/5.1/Isaac/Materials/Base/Metals/Aluminum_Anodized) by extensions ['python_setup_py']
[0.119s] Level 1:colcon.colcon_core.package_identification:_identify(isaacpjt/M0609/Collected_m0609_camera/Collected_m0609_red_block/omniverse-content-production.s3-us-west-2.amazonaws.com/Assets/Isaac/5.1/Isaac/Materials/Base/Metals/Aluminum_Anodized) by extension 'python_setup_py'
[0.119s] Level 1:colcon.colcon_core.package_identification:_identify(isaacpjt/M0609/Collected_m0609_camera/Collected_m0609_red_block/omniverse-content-production.s3-us-west-2.amazonaws.com/Assets/Isaac/5.1/Isaac/Materials/Base/Metals/Aluminum_Cast) by extensions ['ignore', 'ignore_ament_install']
[0.119s] Level 1:colcon.colcon_core.package_identification:_identify(isaacpjt/M0609/Collected_m0609_camera/Collected_m0609_red_block/omniverse-content-production.s3-us-west-2.amazonaws.com/Assets/Isaac/5.1/Isaac/Materials/Base/Metals/Aluminum_Cast) by extension 'ignore'
[0.119s] Level 1:colcon.colcon_core.package_identification:_identify(isaacpjt/M0609/Collected_m0609_camera/Collected_m0609_red_block/omniverse-content-production.s3-us-west-2.amazonaws.com/Assets/Isaac/5.1/Isaac/Materials/Base/Metals/Aluminum_Cast) by extension 'ignore_ament_install'
[0.119s] Level 1:colcon.colcon_core.package_identification:_identify(isaacpjt/M0609/Collected_m0609_camera/Collected_m0609_red_block/omniverse-content-production.s3-us-west-2.amazonaws.com/Assets/Isaac/5.1/Isaac/Materials/Base/Metals/Aluminum_Cast) by extensions ['colcon_pkg']
[0.119s] Level 1:colcon.colcon_core.package_identification:_identify(isaacpjt/M0609/Collected_m0609_camera/Collected_m0609_red_block/omniverse-content-production.s3-us-west-2.amazonaws.com/Assets/Isaac/5.1/Isaac/Materials/Base/Metals/Aluminum_Cast) by extension 'colcon_pkg'
[0.119s] Level 1:colcon.colcon_core.package_identification:_identify(isaacpjt/M0609/Collected_m0609_camera/Collected_m0609_red_block/omniverse-content-production.s3-us-west-2.amazonaws.com/Assets/Isaac/5.1/Isaac/Materials/Base/Metals/Aluminum_Cast) by extensions ['colcon_meta']
[0.119s] Level 1:colcon.colcon_core.package_identification:_identify(isaacpjt/M0609/Collected_m0609_camera/Collected_m0609_red_block/omniverse-content-production.s3-us-west-2.amazonaws.com/Assets/Isaac/5.1/Isaac/Materials/Base/Metals/Aluminum_Cast) by extension 'colcon_meta'
[0.119s] Level 1:colcon.colcon_core.package_identification:_identify(isaacpjt/M0609/Collected_m0609_camera/Collected_m0609_red_block/omniverse-content-production.s3-us-west-2.amazonaws.com/Assets/Isaac/5.1/Isaac/Materials/Base/Metals/Aluminum_Cast) by extensions ['ros']
[0.119s] Level 1:colcon.colcon_core.package_identification:_identify(isaacpjt/M0609/Collected_m0609_camera/Collected_m0609_red_block/omniverse-content-production.s3-us-west-2.amazonaws.com/Assets/Isaac/5.1/Isaac/Materials/Base/Metals/Aluminum_Cast) by extension 'ros'
[0.119s] Level 1:colcon.colcon_core.package_identification:_identify(isaacpjt/M0609/Collected_m0609_camera/Collected_m0609_red_block/omniverse-content-production.s3-us-west-2.amazonaws.com/Assets/Isaac/5.1/Isaac/Materials/Base/Metals/Aluminum_Cast) by extensions ['cmake', 'python']
[0.119s] Level 1:colcon.colcon_core.package_identification:_identify(isaacpjt/M0609/Collected_m0609_camera/Collected_m0609_red_block/omniverse-content-production.s3-us-west-2.amazonaws.com/Assets/Isaac/5.1/Isaac/Materials/Base/Metals/Aluminum_Cast) by extension 'cmake'
[0.119s] Level 1:colcon.colcon_core.package_identification:_identify(isaacpjt/M0609/Collected_m0609_camera/Collected_m0609_red_block/omniverse-content-production.s3-us-west-2.amazonaws.com/Assets/Isaac/5.1/Isaac/Materials/Base/Metals/Aluminum_Cast) by extension 'python'
[0.119s] Level 1:colcon.colcon_core.package_identification:_identify(isaacpjt/M0609/Collected_m0609_camera/Collected_m0609_red_block/omniverse-content-production.s3-us-west-2.amazonaws.com/Assets/Isaac/5.1/Isaac/Materials/Base/Metals/Aluminum_Cast) by extensions ['python_setup_py']
[0.119s] Level 1:colcon.colcon_core.package_identification:_identify(isaacpjt/M0609/Collected_m0609_camera/Collected_m0609_red_block/omniverse-content-production.s3-us-west-2.amazonaws.com/Assets/Isaac/5.1/Isaac/Materials/Base/Metals/Aluminum_Cast) by extension 'python_setup_py'
[0.119s] Level 1:colcon.colcon_core.package_identification:_identify(isaacpjt/M0609/Collected_m0609_camera/Collected_m0609_red_block/omniverse-content-production.s3-us-west-2.amazonaws.com/Assets/Isaac/5.1/Isaac/Materials/Base/Plastics) by extensions ['ignore', 'ignore_ament_install']
[0.119s] Level 1:colcon.colcon_core.package_identification:_identify(isaacpjt/M0609/Collected_m0609_camera/Collected_m0609_red_block/omniverse-content-production.s3-us-west-2.amazonaws.com/Assets/Isaac/5.1/Isaac/Materials/Base/Plastics) by extension 'ignore'
[0.119s] Level 1:colcon.colcon_core.package_identification:_identify(isaacpjt/M0609/Collected_m0609_camera/Collected_m0609_red_block/omniverse-content-production.s3-us-west-2.amazonaws.com/Assets/Isaac/5.1/Isaac/Materials/Base/Plastics) by extension 'ignore_ament_install'
[0.119s] Level 1:colcon.colcon_core.package_identification:_identify(isaacpjt/M0609/Collected_m0609_camera/Collected_m0609_red_block/omniverse-content-production.s3-us-west-2.amazonaws.com/Assets/Isaac/5.1/Isaac/Materials/Base/Plastics) by extensions ['colcon_pkg']
[0.119s] Level 1:colcon.colcon_core.package_identification:_identify(isaacpjt/M0609/Collected_m0609_camera/Collected_m0609_red_block/omniverse-content-production.s3-us-west-2.amazonaws.com/Assets/Isaac/5.1/Isaac/Materials/Base/Plastics) by extension 'colcon_pkg'
[0.119s] Level 1:colcon.colcon_core.package_identification:_identify(isaacpjt/M0609/Collected_m0609_camera/Collected_m0609_red_block/omniverse-content-production.s3-us-west-2.amazonaws.com/Assets/Isaac/5.1/Isaac/Materials/Base/Plastics) by extensions ['colcon_meta']
[0.119s] Level 1:colcon.colcon_core.package_identification:_identify(isaacpjt/M0609/Collected_m0609_camera/Collected_m0609_red_block/omniverse-content-production.s3-us-west-2.amazonaws.com/Assets/Isaac/5.1/Isaac/Materials/Base/Plastics) by extension 'colcon_meta'
[0.119s] Level 1:colcon.colcon_core.package_identification:_identify(isaacpjt/M0609/Collected_m0609_camera/Collected_m0609_red_block/omniverse-content-production.s3-us-west-2.amazonaws.com/Assets/Isaac/5.1/Isaac/Materials/Base/Plastics) by extensions ['ros']
[0.119s] Level 1:colcon.colcon_core.package_identification:_identify(isaacpjt/M0609/Collected_m0609_camera/Collected_m0609_red_block/omniverse-content-production.s3-us-west-2.amazonaws.com/Assets/Isaac/5.1/Isaac/Materials/Base/Plastics) by extension 'ros'
[0.119s] Level 1:colcon.colcon_core.package_identification:_identify(isaacpjt/M0609/Collected_m0609_camera/Collected_m0609_red_block/omniverse-content-production.s3-us-west-2.amazonaws.com/Assets/Isaac/5.1/Isaac/Materials/Base/Plastics) by extensions ['cmake', 'python']
[0.119s] Level 1:colcon.colcon_core.package_identification:_identify(isaacpjt/M0609/Collected_m0609_camera/Collected_m0609_red_block/omniverse-content-production.s3-us-west-2.amazonaws.com/Assets/Isaac/5.1/Isaac/Materials/Base/Plastics) by extension 'cmake'
[0.119s] Level 1:colcon.colcon_core.package_identification:_identify(isaacpjt/M0609/Collected_m0609_camera/Collected_m0609_red_block/omniverse-content-production.s3-us-west-2.amazonaws.com/Assets/Isaac/5.1/Isaac/Materials/Base/Plastics) by extension 'python'
[0.119s] Level 1:colcon.colcon_core.package_identification:_identify(isaacpjt/M0609/Collected_m0609_camera/Collected_m0609_red_block/omniverse-content-production.s3-us-west-2.amazonaws.com/Assets/Isaac/5.1/Isaac/Materials/Base/Plastics) by extensions ['python_setup_py']
[0.119s] Level 1:colcon.colcon_core.package_identification:_identify(isaacpjt/M0609/Collected_m0609_camera/Collected_m0609_red_block/omniverse-content-production.s3-us-west-2.amazonaws.com/Assets/Isaac/5.1/Isaac/Materials/Base/Plastics) by extension 'python_setup_py'
[0.119s] Level 1:colcon.colcon_core.package_identification:_identify(isaacpjt/M0609/Collected_m0609_camera/Collected_m0609_red_block/omniverse-content-production.s3-us-west-2.amazonaws.com/Assets/Isaac/5.1/Isaac/Props) by extensions ['ignore', 'ignore_ament_install']
[0.119s] Level 1:colcon.colcon_core.package_identification:_identify(isaacpjt/M0609/Collected_m0609_camera/Collected_m0609_red_block/omniverse-content-production.s3-us-west-2.amazonaws.com/Assets/Isaac/5.1/Isaac/Props) by extension 'ignore'
[0.119s] Level 1:colcon.colcon_core.package_identification:_identify(isaacpjt/M0609/Collected_m0609_camera/Collected_m0609_red_block/omniverse-content-production.s3-us-west-2.amazonaws.com/Assets/Isaac/5.1/Isaac/Props) by extension 'ignore_ament_install'
[0.119s] Level 1:colcon.colcon_core.package_identification:_identify(isaacpjt/M0609/Collected_m0609_camera/Collected_m0609_red_block/omniverse-content-production.s3-us-west-2.amazonaws.com/Assets/Isaac/5.1/Isaac/Props) by extensions ['colcon_pkg']
[0.119s] Level 1:colcon.colcon_core.package_identification:_identify(isaacpjt/M0609/Collected_m0609_camera/Collected_m0609_red_block/omniverse-content-production.s3-us-west-2.amazonaws.com/Assets/Isaac/5.1/Isaac/Props) by extension 'colcon_pkg'
[0.119s] Level 1:colcon.colcon_core.package_identification:_identify(isaacpjt/M0609/Collected_m0609_camera/Collected_m0609_red_block/omniverse-content-production.s3-us-west-2.amazonaws.com/Assets/Isaac/5.1/Isaac/Props) by extensions ['colcon_meta']
[0.119s] Level 1:colcon.colcon_core.package_identification:_identify(isaacpjt/M0609/Collected_m0609_camera/Collected_m0609_red_block/omniverse-content-production.s3-us-west-2.amazonaws.com/Assets/Isaac/5.1/Isaac/Props) by extension 'colcon_meta'
[0.119s] Level 1:colcon.colcon_core.package_identification:_identify(isaacpjt/M0609/Collected_m0609_camera/Collected_m0609_red_block/omniverse-content-production.s3-us-west-2.amazonaws.com/Assets/Isaac/5.1/Isaac/Props) by extensions ['ros']
[0.119s] Level 1:colcon.colcon_core.package_identification:_identify(isaacpjt/M0609/Collected_m0609_camera/Collected_m0609_red_block/omniverse-content-production.s3-us-west-2.amazonaws.com/Assets/Isaac/5.1/Isaac/Props) by extension 'ros'
[0.119s] Level 1:colcon.colcon_core.package_identification:_identify(isaacpjt/M0609/Collected_m0609_camera/Collected_m0609_red_block/omniverse-content-production.s3-us-west-2.amazonaws.com/Assets/Isaac/5.1/Isaac/Props) by extensions ['cmake', 'python']
[0.119s] Level 1:colcon.colcon_core.package_identification:_identify(isaacpjt/M0609/Collected_m0609_camera/Collected_m0609_red_block/omniverse-content-production.s3-us-west-2.amazonaws.com/Assets/Isaac/5.1/Isaac/Props) by extension 'cmake'
[0.119s] Level 1:colcon.colcon_core.package_identification:_identify(isaacpjt/M0609/Collected_m0609_camera/Collected_m0609_red_block/omniverse-content-production.s3-us-west-2.amazonaws.com/Assets/Isaac/5.1/Isaac/Props) by extension 'python'
[0.119s] Level 1:colcon.colcon_core.package_identification:_identify(isaacpjt/M0609/Collected_m0609_camera/Collected_m0609_red_block/omniverse-content-production.s3-us-west-2.amazonaws.com/Assets/Isaac/5.1/Isaac/Props) by extensions ['python_setup_py']
[0.119s] Level 1:colcon.colcon_core.package_identification:_identify(isaacpjt/M0609/Collected_m0609_camera/Collected_m0609_red_block/omniverse-content-production.s3-us-west-2.amazonaws.com/Assets/Isaac/5.1/Isaac/Props) by extension 'python_setup_py'
[0.119s] Level 1:colcon.colcon_core.package_identification:_identify(isaacpjt/M0609/Collected_m0609_camera/Collected_m0609_red_block/omniverse-content-production.s3-us-west-2.amazonaws.com/Assets/Isaac/5.1/Isaac/Props/Blocks) by extensions ['ignore', 'ignore_ament_install']
[0.119s] Level 1:colcon.colcon_core.package_identification:_identify(isaacpjt/M0609/Collected_m0609_camera/Collected_m0609_red_block/omniverse-content-production.s3-us-west-2.amazonaws.com/Assets/Isaac/5.1/Isaac/Props/Blocks) by extension 'ignore'
[0.119s] Level 1:colcon.colcon_core.package_identification:_identify(isaacpjt/M0609/Collected_m0609_camera/Collected_m0609_red_block/omniverse-content-production.s3-us-west-2.amazonaws.com/Assets/Isaac/5.1/Isaac/Props/Blocks) by extension 'ignore_ament_install'
[0.119s] Level 1:colcon.colcon_core.package_identification:_identify(isaacpjt/M0609/Collected_m0609_camera/Collected_m0609_red_block/omniverse-content-production.s3-us-west-2.amazonaws.com/Assets/Isaac/5.1/Isaac/Props/Blocks) by extensions ['colcon_pkg']
[0.119s] Level 1:colcon.colcon_core.package_identification:_identify(isaacpjt/M0609/Collected_m0609_camera/Collected_m0609_red_block/omniverse-content-production.s3-us-west-2.amazonaws.com/Assets/Isaac/5.1/Isaac/Props/Blocks) by extension 'colcon_pkg'
[0.119s] Level 1:colcon.colcon_core.package_identification:_identify(isaacpjt/M0609/Collected_m0609_camera/Collected_m0609_red_block/omniverse-content-production.s3-us-west-2.amazonaws.com/Assets/Isaac/5.1/Isaac/Props/Blocks) by extensions ['colcon_meta']
[0.119s] Level 1:colcon.colcon_core.package_identification:_identify(isaacpjt/M0609/Collected_m0609_camera/Collected_m0609_red_block/omniverse-content-production.s3-us-west-2.amazonaws.com/Assets/Isaac/5.1/Isaac/Props/Blocks) by extension 'colcon_meta'
[0.119s] Level 1:colcon.colcon_core.package_identification:_identify(isaacpjt/M0609/Collected_m0609_camera/Collected_m0609_red_block/omniverse-content-production.s3-us-west-2.amazonaws.com/Assets/Isaac/5.1/Isaac/Props/Blocks) by extensions ['ros']
[0.119s] Level 1:colcon.colcon_core.package_identification:_identify(isaacpjt/M0609/Collected_m0609_camera/Collected_m0609_red_block/omniverse-content-production.s3-us-west-2.amazonaws.com/Assets/Isaac/5.1/Isaac/Props/Blocks) by extension 'ros'
[0.119s] Level 1:colcon.colcon_core.package_identification:_identify(isaacpjt/M0609/Collected_m0609_camera/Collected_m0609_red_block/omniverse-content-production.s3-us-west-2.amazonaws.com/Assets/Isaac/5.1/Isaac/Props/Blocks) by extensions ['cmake', 'python']
[0.120s] Level 1:colcon.colcon_core.package_identification:_identify(isaacpjt/M0609/Collected_m0609_camera/Collected_m0609_red_block/omniverse-content-production.s3-us-west-2.amazonaws.com/Assets/Isaac/5.1/Isaac/Props/Blocks) by extension 'cmake'
[0.120s] Level 1:colcon.colcon_core.package_identification:_identify(isaacpjt/M0609/Collected_m0609_camera/Collected_m0609_red_block/omniverse-content-production.s3-us-west-2.amazonaws.com/Assets/Isaac/5.1/Isaac/Props/Blocks) by extension 'python'
[0.120s] Level 1:colcon.colcon_core.package_identification:_identify(isaacpjt/M0609/Collected_m0609_camera/Collected_m0609_red_block/omniverse-content-production.s3-us-west-2.amazonaws.com/Assets/Isaac/5.1/Isaac/Props/Blocks) by extensions ['python_setup_py']
[0.120s] Level 1:colcon.colcon_core.package_identification:_identify(isaacpjt/M0609/Collected_m0609_camera/Collected_m0609_red_block/omniverse-content-production.s3-us-west-2.amazonaws.com/Assets/Isaac/5.1/Isaac/Props/Blocks) by extension 'python_setup_py'
[0.120s] Level 1:colcon.colcon_core.package_identification:_identify(isaacpjt/M0609/Collected_m0609_camera/Collected_m0609_red_block/omniverse-content-production.s3-us-west-2.amazonaws.com/Assets/Isaac/5.1/Isaac/Props/Blocks/Materials) by extensions ['ignore', 'ignore_ament_install']
[0.120s] Level 1:colcon.colcon_core.package_identification:_identify(isaacpjt/M0609/Collected_m0609_camera/Collected_m0609_red_block/omniverse-content-production.s3-us-west-2.amazonaws.com/Assets/Isaac/5.1/Isaac/Props/Blocks/Materials) by extension 'ignore'
[0.120s] Level 1:colcon.colcon_core.package_identification:_identify(isaacpjt/M0609/Collected_m0609_camera/Collected_m0609_red_block/omniverse-content-production.s3-us-west-2.amazonaws.com/Assets/Isaac/5.1/Isaac/Props/Blocks/Materials) by extension 'ignore_ament_install'
[0.120s] Level 1:colcon.colcon_core.package_identification:_identify(isaacpjt/M0609/Collected_m0609_camera/Collected_m0609_red_block/omniverse-content-production.s3-us-west-2.amazonaws.com/Assets/Isaac/5.1/Isaac/Props/Blocks/Materials) by extensions ['colcon_pkg']
[0.120s] Level 1:colcon.colcon_core.package_identification:_identify(isaacpjt/M0609/Collected_m0609_camera/Collected_m0609_red_block/omniverse-content-production.s3-us-west-2.amazonaws.com/Assets/Isaac/5.1/Isaac/Props/Blocks/Materials) by extension 'colcon_pkg'
[0.120s] Level 1:colcon.colcon_core.package_identification:_identify(isaacpjt/M0609/Collected_m0609_camera/Collected_m0609_red_block/omniverse-content-production.s3-us-west-2.amazonaws.com/Assets/Isaac/5.1/Isaac/Props/Blocks/Materials) by extensions ['colcon_meta']
[0.120s] Level 1:colcon.colcon_core.package_identification:_identify(isaacpjt/M0609/Collected_m0609_camera/Collected_m0609_red_block/omniverse-content-production.s3-us-west-2.amazonaws.com/Assets/Isaac/5.1/Isaac/Props/Blocks/Materials) by extension 'colcon_meta'
[0.120s] Level 1:colcon.colcon_core.package_identification:_identify(isaacpjt/M0609/Collected_m0609_camera/Collected_m0609_red_block/omniverse-content-production.s3-us-west-2.amazonaws.com/Assets/Isaac/5.1/Isaac/Props/Blocks/Materials) by extensions ['ros']
[0.120s] Level 1:colcon.colcon_core.package_identification:_identify(isaacpjt/M0609/Collected_m0609_camera/Collected_m0609_red_block/omniverse-content-production.s3-us-west-2.amazonaws.com/Assets/Isaac/5.1/Isaac/Props/Blocks/Materials) by extension 'ros'
[0.120s] Level 1:colcon.colcon_core.package_identification:_identify(isaacpjt/M0609/Collected_m0609_camera/Collected_m0609_red_block/omniverse-content-production.s3-us-west-2.amazonaws.com/Assets/Isaac/5.1/Isaac/Props/Blocks/Materials) by extensions ['cmake', 'python']
[0.120s] Level 1:colcon.colcon_core.package_identification:_identify(isaacpjt/M0609/Collected_m0609_camera/Collected_m0609_red_block/omniverse-content-production.s3-us-west-2.amazonaws.com/Assets/Isaac/5.1/Isaac/Props/Blocks/Materials) by extension 'cmake'
[0.120s] Level 1:colcon.colcon_core.package_identification:_identify(isaacpjt/M0609/Collected_m0609_camera/Collected_m0609_red_block/omniverse-content-production.s3-us-west-2.amazonaws.com/Assets/Isaac/5.1/Isaac/Props/Blocks/Materials) by extension 'python'
[0.120s] Level 1:colcon.colcon_core.package_identification:_identify(isaacpjt/M0609/Collected_m0609_camera/Collected_m0609_red_block/omniverse-content-production.s3-us-west-2.amazonaws.com/Assets/Isaac/5.1/Isaac/Props/Blocks/Materials) by extensions ['python_setup_py']
[0.120s] Level 1:colcon.colcon_core.package_identification:_identify(isaacpjt/M0609/Collected_m0609_camera/Collected_m0609_red_block/omniverse-content-production.s3-us-west-2.amazonaws.com/Assets/Isaac/5.1/Isaac/Props/Blocks/Materials) by extension 'python_setup_py'
[0.120s] Level 1:colcon.colcon_core.package_identification:_identify(isaacpjt/M0609/Collected_m0609_camera/Collected_m0609_red_block/omniverse-content-production.s3-us-west-2.amazonaws.com/Assets/Isaac/5.1/Isaac/Props/Blocks/Materials/Textures) by extensions ['ignore', 'ignore_ament_install']
[0.120s] Level 1:colcon.colcon_core.package_identification:_identify(isaacpjt/M0609/Collected_m0609_camera/Collected_m0609_red_block/omniverse-content-production.s3-us-west-2.amazonaws.com/Assets/Isaac/5.1/Isaac/Props/Blocks/Materials/Textures) by extension 'ignore'
[0.120s] Level 1:colcon.colcon_core.package_identification:_identify(isaacpjt/M0609/Collected_m0609_camera/Collected_m0609_red_block/omniverse-content-production.s3-us-west-2.amazonaws.com/Assets/Isaac/5.1/Isaac/Props/Blocks/Materials/Textures) by extension 'ignore_ament_install'
[0.120s] Level 1:colcon.colcon_core.package_identification:_identify(isaacpjt/M0609/Collected_m0609_camera/Collected_m0609_red_block/omniverse-content-production.s3-us-west-2.amazonaws.com/Assets/Isaac/5.1/Isaac/Props/Blocks/Materials/Textures) by extensions ['colcon_pkg']
[0.120s] Level 1:colcon.colcon_core.package_identification:_identify(isaacpjt/M0609/Collected_m0609_camera/Collected_m0609_red_block/omniverse-content-production.s3-us-west-2.amazonaws.com/Assets/Isaac/5.1/Isaac/Props/Blocks/Materials/Textures) by extension 'colcon_pkg'
[0.120s] Level 1:colcon.colcon_core.package_identification:_identify(isaacpjt/M0609/Collected_m0609_camera/Collected_m0609_red_block/omniverse-content-production.s3-us-west-2.amazonaws.com/Assets/Isaac/5.1/Isaac/Props/Blocks/Materials/Textures) by extensions ['colcon_meta']
[0.120s] Level 1:colcon.colcon_core.package_identification:_identify(isaacpjt/M0609/Collected_m0609_camera/Collected_m0609_red_block/omniverse-content-production.s3-us-west-2.amazonaws.com/Assets/Isaac/5.1/Isaac/Props/Blocks/Materials/Textures) by extension 'colcon_meta'
[0.120s] Level 1:colcon.colcon_core.package_identification:_identify(isaacpjt/M0609/Collected_m0609_camera/Collected_m0609_red_block/omniverse-content-production.s3-us-west-2.amazonaws.com/Assets/Isaac/5.1/Isaac/Props/Blocks/Materials/Textures) by extensions ['ros']
[0.120s] Level 1:colcon.colcon_core.package_identification:_identify(isaacpjt/M0609/Collected_m0609_camera/Collected_m0609_red_block/omniverse-content-production.s3-us-west-2.amazonaws.com/Assets/Isaac/5.1/Isaac/Props/Blocks/Materials/Textures) by extension 'ros'
[0.120s] Level 1:colcon.colcon_core.package_identification:_identify(isaacpjt/M0609/Collected_m0609_camera/Collected_m0609_red_block/omniverse-content-production.s3-us-west-2.amazonaws.com/Assets/Isaac/5.1/Isaac/Props/Blocks/Materials/Textures) by extensions ['cmake', 'python']
[0.120s] Level 1:colcon.colcon_core.package_identification:_identify(isaacpjt/M0609/Collected_m0609_camera/Collected_m0609_red_block/omniverse-content-production.s3-us-west-2.amazonaws.com/Assets/Isaac/5.1/Isaac/Props/Blocks/Materials/Textures) by extension 'cmake'
[0.120s] Level 1:colcon.colcon_core.package_identification:_identify(isaacpjt/M0609/Collected_m0609_camera/Collected_m0609_red_block/omniverse-content-production.s3-us-west-2.amazonaws.com/Assets/Isaac/5.1/Isaac/Props/Blocks/Materials/Textures) by extension 'python'
[0.120s] Level 1:colcon.colcon_core.package_identification:_identify(isaacpjt/M0609/Collected_m0609_camera/Collected_m0609_red_block/omniverse-content-production.s3-us-west-2.amazonaws.com/Assets/Isaac/5.1/Isaac/Props/Blocks/Materials/Textures) by extensions ['python_setup_py']
[0.120s] Level 1:colcon.colcon_core.package_identification:_identify(isaacpjt/M0609/Collected_m0609_camera/Collected_m0609_red_block/omniverse-content-production.s3-us-west-2.amazonaws.com/Assets/Isaac/5.1/Isaac/Props/Blocks/Materials/Textures) by extension 'python_setup_py'
[0.120s] Level 1:colcon.colcon_core.package_identification:_identify(isaacpjt/M0609/Collected_m0609_camera/Collected_m0609_red_block/omniverse-content-production.s3-us-west-2.amazonaws.com/Assets/Isaac/5.1/Isaac/Sensors) by extensions ['ignore', 'ignore_ament_install']
[0.120s] Level 1:colcon.colcon_core.package_identification:_identify(isaacpjt/M0609/Collected_m0609_camera/Collected_m0609_red_block/omniverse-content-production.s3-us-west-2.amazonaws.com/Assets/Isaac/5.1/Isaac/Sensors) by extension 'ignore'
[0.120s] Level 1:colcon.colcon_core.package_identification:_identify(isaacpjt/M0609/Collected_m0609_camera/Collected_m0609_red_block/omniverse-content-production.s3-us-west-2.amazonaws.com/Assets/Isaac/5.1/Isaac/Sensors) by extension 'ignore_ament_install'
[0.120s] Level 1:colcon.colcon_core.package_identification:_identify(isaacpjt/M0609/Collected_m0609_camera/Collected_m0609_red_block/omniverse-content-production.s3-us-west-2.amazonaws.com/Assets/Isaac/5.1/Isaac/Sensors) by extensions ['colcon_pkg']
[0.120s] Level 1:colcon.colcon_core.package_identification:_identify(isaacpjt/M0609/Collected_m0609_camera/Collected_m0609_red_block/omniverse-content-production.s3-us-west-2.amazonaws.com/Assets/Isaac/5.1/Isaac/Sensors) by extension 'colcon_pkg'
[0.120s] Level 1:colcon.colcon_core.package_identification:_identify(isaacpjt/M0609/Collected_m0609_camera/Collected_m0609_red_block/omniverse-content-production.s3-us-west-2.amazonaws.com/Assets/Isaac/5.1/Isaac/Sensors) by extensions ['colcon_meta']
[0.120s] Level 1:colcon.colcon_core.package_identification:_identify(isaacpjt/M0609/Collected_m0609_camera/Collected_m0609_red_block/omniverse-content-production.s3-us-west-2.amazonaws.com/Assets/Isaac/5.1/Isaac/Sensors) by extension 'colcon_meta'
[0.120s] Level 1:colcon.colcon_core.package_identification:_identify(isaacpjt/M0609/Collected_m0609_camera/Collected_m0609_red_block/omniverse-content-production.s3-us-west-2.amazonaws.com/Assets/Isaac/5.1/Isaac/Sensors) by extensions ['ros']
[0.120s] Level 1:colcon.colcon_core.package_identification:_identify(isaacpjt/M0609/Collected_m0609_camera/Collected_m0609_red_block/omniverse-content-production.s3-us-west-2.amazonaws.com/Assets/Isaac/5.1/Isaac/Sensors) by extension 'ros'
[0.120s] Level 1:colcon.colcon_core.package_identification:_identify(isaacpjt/M0609/Collected_m0609_camera/Collected_m0609_red_block/omniverse-content-production.s3-us-west-2.amazonaws.com/Assets/Isaac/5.1/Isaac/Sensors) by extensions ['cmake', 'python']
[0.120s] Level 1:colcon.colcon_core.package_identification:_identify(isaacpjt/M0609/Collected_m0609_camera/Collected_m0609_red_block/omniverse-content-production.s3-us-west-2.amazonaws.com/Assets/Isaac/5.1/Isaac/Sensors) by extension 'cmake'
[0.120s] Level 1:colcon.colcon_core.package_identification:_identify(isaacpjt/M0609/Collected_m0609_camera/Collected_m0609_red_block/omniverse-content-production.s3-us-west-2.amazonaws.com/Assets/Isaac/5.1/Isaac/Sensors) by extension 'python'
[0.120s] Level 1:colcon.colcon_core.package_identification:_identify(isaacpjt/M0609/Collected_m0609_camera/Collected_m0609_red_block/omniverse-content-production.s3-us-west-2.amazonaws.com/Assets/Isaac/5.1/Isaac/Sensors) by extensions ['python_setup_py']
[0.120s] Level 1:colcon.colcon_core.package_identification:_identify(isaacpjt/M0609/Collected_m0609_camera/Collected_m0609_red_block/omniverse-content-production.s3-us-west-2.amazonaws.com/Assets/Isaac/5.1/Isaac/Sensors) by extension 'python_setup_py'
[0.120s] Level 1:colcon.colcon_core.package_identification:_identify(isaacpjt/M0609/Collected_m0609_camera/Collected_m0609_red_block/omniverse-content-production.s3-us-west-2.amazonaws.com/Assets/Isaac/5.1/Isaac/Sensors/Intel) by extensions ['ignore', 'ignore_ament_install']
[0.120s] Level 1:colcon.colcon_core.package_identification:_identify(isaacpjt/M0609/Collected_m0609_camera/Collected_m0609_red_block/omniverse-content-production.s3-us-west-2.amazonaws.com/Assets/Isaac/5.1/Isaac/Sensors/Intel) by extension 'ignore'
[0.120s] Level 1:colcon.colcon_core.package_identification:_identify(isaacpjt/M0609/Collected_m0609_camera/Collected_m0609_red_block/omniverse-content-production.s3-us-west-2.amazonaws.com/Assets/Isaac/5.1/Isaac/Sensors/Intel) by extension 'ignore_ament_install'
[0.120s] Level 1:colcon.colcon_core.package_identification:_identify(isaacpjt/M0609/Collected_m0609_camera/Collected_m0609_red_block/omniverse-content-production.s3-us-west-2.amazonaws.com/Assets/Isaac/5.1/Isaac/Sensors/Intel) by extensions ['colcon_pkg']
[0.120s] Level 1:colcon.colcon_core.package_identification:_identify(isaacpjt/M0609/Collected_m0609_camera/Collected_m0609_red_block/omniverse-content-production.s3-us-west-2.amazonaws.com/Assets/Isaac/5.1/Isaac/Sensors/Intel) by extension 'colcon_pkg'
[0.120s] Level 1:colcon.colcon_core.package_identification:_identify(isaacpjt/M0609/Collected_m0609_camera/Collected_m0609_red_block/omniverse-content-production.s3-us-west-2.amazonaws.com/Assets/Isaac/5.1/Isaac/Sensors/Intel) by extensions ['colcon_meta']
[0.120s] Level 1:colcon.colcon_core.package_identification:_identify(isaacpjt/M0609/Collected_m0609_camera/Collected_m0609_red_block/omniverse-content-production.s3-us-west-2.amazonaws.com/Assets/Isaac/5.1/Isaac/Sensors/Intel) by extension 'colcon_meta'
[0.120s] Level 1:colcon.colcon_core.package_identification:_identify(isaacpjt/M0609/Collected_m0609_camera/Collected_m0609_red_block/omniverse-content-production.s3-us-west-2.amazonaws.com/Assets/Isaac/5.1/Isaac/Sensors/Intel) by extensions ['ros']
[0.120s] Level 1:colcon.colcon_core.package_identification:_identify(isaacpjt/M0609/Collected_m0609_camera/Collected_m0609_red_block/omniverse-content-production.s3-us-west-2.amazonaws.com/Assets/Isaac/5.1/Isaac/Sensors/Intel) by extension 'ros'
[0.120s] Level 1:colcon.colcon_core.package_identification:_identify(isaacpjt/M0609/Collected_m0609_camera/Collected_m0609_red_block/omniverse-content-production.s3-us-west-2.amazonaws.com/Assets/Isaac/5.1/Isaac/Sensors/Intel) by extensions ['cmake', 'python']
[0.120s] Level 1:colcon.colcon_core.package_identification:_identify(isaacpjt/M0609/Collected_m0609_camera/Collected_m0609_red_block/omniverse-content-production.s3-us-west-2.amazonaws.com/Assets/Isaac/5.1/Isaac/Sensors/Intel) by extension 'cmake'
[0.121s] Level 1:colcon.colcon_core.package_identification:_identify(isaacpjt/M0609/Collected_m0609_camera/Collected_m0609_red_block/omniverse-content-production.s3-us-west-2.amazonaws.com/Assets/Isaac/5.1/Isaac/Sensors/Intel) by extension 'python'
[0.121s] Level 1:colcon.colcon_core.package_identification:_identify(isaacpjt/M0609/Collected_m0609_camera/Collected_m0609_red_block/omniverse-content-production.s3-us-west-2.amazonaws.com/Assets/Isaac/5.1/Isaac/Sensors/Intel) by extensions ['python_setup_py']
[0.121s] Level 1:colcon.colcon_core.package_identification:_identify(isaacpjt/M0609/Collected_m0609_camera/Collected_m0609_red_block/omniverse-content-production.s3-us-west-2.amazonaws.com/Assets/Isaac/5.1/Isaac/Sensors/Intel) by extension 'python_setup_py'
[0.121s] Level 1:colcon.colcon_core.package_identification:_identify(isaacpjt/M0609/Collected_m0609_camera/Collected_m0609_red_block/omniverse-content-production.s3-us-west-2.amazonaws.com/Assets/Isaac/5.1/Isaac/Sensors/Intel/RealSense) by extensions ['ignore', 'ignore_ament_install']
[0.121s] Level 1:colcon.colcon_core.package_identification:_identify(isaacpjt/M0609/Collected_m0609_camera/Collected_m0609_red_block/omniverse-content-production.s3-us-west-2.amazonaws.com/Assets/Isaac/5.1/Isaac/Sensors/Intel/RealSense) by extension 'ignore'
[0.121s] Level 1:colcon.colcon_core.package_identification:_identify(isaacpjt/M0609/Collected_m0609_camera/Collected_m0609_red_block/omniverse-content-production.s3-us-west-2.amazonaws.com/Assets/Isaac/5.1/Isaac/Sensors/Intel/RealSense) by extension 'ignore_ament_install'
[0.121s] Level 1:colcon.colcon_core.package_identification:_identify(isaacpjt/M0609/Collected_m0609_camera/Collected_m0609_red_block/omniverse-content-production.s3-us-west-2.amazonaws.com/Assets/Isaac/5.1/Isaac/Sensors/Intel/RealSense) by extensions ['colcon_pkg']
[0.121s] Level 1:colcon.colcon_core.package_identification:_identify(isaacpjt/M0609/Collected_m0609_camera/Collected_m0609_red_block/omniverse-content-production.s3-us-west-2.amazonaws.com/Assets/Isaac/5.1/Isaac/Sensors/Intel/RealSense) by extension 'colcon_pkg'
[0.121s] Level 1:colcon.colcon_core.package_identification:_identify(isaacpjt/M0609/Collected_m0609_camera/Collected_m0609_red_block/omniverse-content-production.s3-us-west-2.amazonaws.com/Assets/Isaac/5.1/Isaac/Sensors/Intel/RealSense) by extensions ['colcon_meta']
[0.121s] Level 1:colcon.colcon_core.package_identification:_identify(isaacpjt/M0609/Collected_m0609_camera/Collected_m0609_red_block/omniverse-content-production.s3-us-west-2.amazonaws.com/Assets/Isaac/5.1/Isaac/Sensors/Intel/RealSense) by extension 'colcon_meta'
[0.121s] Level 1:colcon.colcon_core.package_identification:_identify(isaacpjt/M0609/Collected_m0609_camera/Collected_m0609_red_block/omniverse-content-production.s3-us-west-2.amazonaws.com/Assets/Isaac/5.1/Isaac/Sensors/Intel/RealSense) by extensions ['ros']
[0.121s] Level 1:colcon.colcon_core.package_identification:_identify(isaacpjt/M0609/Collected_m0609_camera/Collected_m0609_red_block/omniverse-content-production.s3-us-west-2.amazonaws.com/Assets/Isaac/5.1/Isaac/Sensors/Intel/RealSense) by extension 'ros'
[0.121s] Level 1:colcon.colcon_core.package_identification:_identify(isaacpjt/M0609/Collected_m0609_camera/Collected_m0609_red_block/omniverse-content-production.s3-us-west-2.amazonaws.com/Assets/Isaac/5.1/Isaac/Sensors/Intel/RealSense) by extensions ['cmake', 'python']
[0.121s] Level 1:colcon.colcon_core.package_identification:_identify(isaacpjt/M0609/Collected_m0609_camera/Collected_m0609_red_block/omniverse-content-production.s3-us-west-2.amazonaws.com/Assets/Isaac/5.1/Isaac/Sensors/Intel/RealSense) by extension 'cmake'
[0.121s] Level 1:colcon.colcon_core.package_identification:_identify(isaacpjt/M0609/Collected_m0609_camera/Collected_m0609_red_block/omniverse-content-production.s3-us-west-2.amazonaws.com/Assets/Isaac/5.1/Isaac/Sensors/Intel/RealSense) by extension 'python'
[0.121s] Level 1:colcon.colcon_core.package_identification:_identify(isaacpjt/M0609/Collected_m0609_camera/Collected_m0609_red_block/omniverse-content-production.s3-us-west-2.amazonaws.com/Assets/Isaac/5.1/Isaac/Sensors/Intel/RealSense) by extensions ['python_setup_py']
[0.121s] Level 1:colcon.colcon_core.package_identification:_identify(isaacpjt/M0609/Collected_m0609_camera/Collected_m0609_red_block/omniverse-content-production.s3-us-west-2.amazonaws.com/Assets/Isaac/5.1/Isaac/Sensors/Intel/RealSense) by extension 'python_setup_py'
[0.121s] Level 1:colcon.colcon_core.package_identification:_identify(isaacpjt/M0609/Collected_m0609_camera/Collected_m0609_red_block/onrobot_rg2) by extensions ['ignore', 'ignore_ament_install']
[0.121s] Level 1:colcon.colcon_core.package_identification:_identify(isaacpjt/M0609/Collected_m0609_camera/Collected_m0609_red_block/onrobot_rg2) by extension 'ignore'
[0.121s] Level 1:colcon.colcon_core.package_identification:_identify(isaacpjt/M0609/Collected_m0609_camera/Collected_m0609_red_block/onrobot_rg2) by extension 'ignore_ament_install'
[0.121s] Level 1:colcon.colcon_core.package_identification:_identify(isaacpjt/M0609/Collected_m0609_camera/Collected_m0609_red_block/onrobot_rg2) by extensions ['colcon_pkg']
[0.121s] Level 1:colcon.colcon_core.package_identification:_identify(isaacpjt/M0609/Collected_m0609_camera/Collected_m0609_red_block/onrobot_rg2) by extension 'colcon_pkg'
[0.121s] Level 1:colcon.colcon_core.package_identification:_identify(isaacpjt/M0609/Collected_m0609_camera/Collected_m0609_red_block/onrobot_rg2) by extensions ['colcon_meta']
[0.121s] Level 1:colcon.colcon_core.package_identification:_identify(isaacpjt/M0609/Collected_m0609_camera/Collected_m0609_red_block/onrobot_rg2) by extension 'colcon_meta'
[0.121s] Level 1:colcon.colcon_core.package_identification:_identify(isaacpjt/M0609/Collected_m0609_camera/Collected_m0609_red_block/onrobot_rg2) by extensions ['ros']
[0.121s] Level 1:colcon.colcon_core.package_identification:_identify(isaacpjt/M0609/Collected_m0609_camera/Collected_m0609_red_block/onrobot_rg2) by extension 'ros'
[0.121s] Level 1:colcon.colcon_core.package_identification:_identify(isaacpjt/M0609/Collected_m0609_camera/Collected_m0609_red_block/onrobot_rg2) by extensions ['cmake', 'python']
[0.121s] Level 1:colcon.colcon_core.package_identification:_identify(isaacpjt/M0609/Collected_m0609_camera/Collected_m0609_red_block/onrobot_rg2) by extension 'cmake'
[0.121s] Level 1:colcon.colcon_core.package_identification:_identify(isaacpjt/M0609/Collected_m0609_camera/Collected_m0609_red_block/onrobot_rg2) by extension 'python'
[0.121s] Level 1:colcon.colcon_core.package_identification:_identify(isaacpjt/M0609/Collected_m0609_camera/Collected_m0609_red_block/onrobot_rg2) by extensions ['python_setup_py']
[0.121s] Level 1:colcon.colcon_core.package_identification:_identify(isaacpjt/M0609/Collected_m0609_camera/Collected_m0609_red_block/onrobot_rg2) by extension 'python_setup_py'
[0.121s] Level 1:colcon.colcon_core.package_identification:_identify(isaacpjt/M0609/Collected_m0609_camera/Collected_m0609_red_block/onrobot_rg2/urdf) by extensions ['ignore', 'ignore_ament_install']
[0.121s] Level 1:colcon.colcon_core.package_identification:_identify(isaacpjt/M0609/Collected_m0609_camera/Collected_m0609_red_block/onrobot_rg2/urdf) by extension 'ignore'
[0.121s] Level 1:colcon.colcon_core.package_identification:_identify(isaacpjt/M0609/Collected_m0609_camera/Collected_m0609_red_block/onrobot_rg2/urdf) by extension 'ignore_ament_install'
[0.121s] Level 1:colcon.colcon_core.package_identification:_identify(isaacpjt/M0609/Collected_m0609_camera/Collected_m0609_red_block/onrobot_rg2/urdf) by extensions ['colcon_pkg']
[0.121s] Level 1:colcon.colcon_core.package_identification:_identify(isaacpjt/M0609/Collected_m0609_camera/Collected_m0609_red_block/onrobot_rg2/urdf) by extension 'colcon_pkg'
[0.121s] Level 1:colcon.colcon_core.package_identification:_identify(isaacpjt/M0609/Collected_m0609_camera/Collected_m0609_red_block/onrobot_rg2/urdf) by extensions ['colcon_meta']
[0.121s] Level 1:colcon.colcon_core.package_identification:_identify(isaacpjt/M0609/Collected_m0609_camera/Collected_m0609_red_block/onrobot_rg2/urdf) by extension 'colcon_meta'
[0.121s] Level 1:colcon.colcon_core.package_identification:_identify(isaacpjt/M0609/Collected_m0609_camera/Collected_m0609_red_block/onrobot_rg2/urdf) by extensions ['ros']
[0.121s] Level 1:colcon.colcon_core.package_identification:_identify(isaacpjt/M0609/Collected_m0609_camera/Collected_m0609_red_block/onrobot_rg2/urdf) by extension 'ros'
[0.121s] Level 1:colcon.colcon_core.package_identification:_identify(isaacpjt/M0609/Collected_m0609_camera/Collected_m0609_red_block/onrobot_rg2/urdf) by extensions ['cmake', 'python']
[0.121s] Level 1:colcon.colcon_core.package_identification:_identify(isaacpjt/M0609/Collected_m0609_camera/Collected_m0609_red_block/onrobot_rg2/urdf) by extension 'cmake'
[0.121s] Level 1:colcon.colcon_core.package_identification:_identify(isaacpjt/M0609/Collected_m0609_camera/Collected_m0609_red_block/onrobot_rg2/urdf) by extension 'python'
[0.121s] Level 1:colcon.colcon_core.package_identification:_identify(isaacpjt/M0609/Collected_m0609_camera/Collected_m0609_red_block/onrobot_rg2/urdf) by extensions ['python_setup_py']
[0.121s] Level 1:colcon.colcon_core.package_identification:_identify(isaacpjt/M0609/Collected_m0609_camera/Collected_m0609_red_block/onrobot_rg2/urdf) by extension 'python_setup_py'
[0.121s] Level 1:colcon.colcon_core.package_identification:_identify(isaacpjt/M0609/Collected_m0609_camera/Collected_m0609_red_block/onrobot_rg2/urdf/onrobot_rg2) by extensions ['ignore', 'ignore_ament_install']
[0.121s] Level 1:colcon.colcon_core.package_identification:_identify(isaacpjt/M0609/Collected_m0609_camera/Collected_m0609_red_block/onrobot_rg2/urdf/onrobot_rg2) by extension 'ignore'
[0.121s] Level 1:colcon.colcon_core.package_identification:_identify(isaacpjt/M0609/Collected_m0609_camera/Collected_m0609_red_block/onrobot_rg2/urdf/onrobot_rg2) by extension 'ignore_ament_install'
[0.121s] Level 1:colcon.colcon_core.package_identification:_identify(isaacpjt/M0609/Collected_m0609_camera/Collected_m0609_red_block/onrobot_rg2/urdf/onrobot_rg2) by extensions ['colcon_pkg']
[0.121s] Level 1:colcon.colcon_core.package_identification:_identify(isaacpjt/M0609/Collected_m0609_camera/Collected_m0609_red_block/onrobot_rg2/urdf/onrobot_rg2) by extension 'colcon_pkg'
[0.121s] Level 1:colcon.colcon_core.package_identification:_identify(isaacpjt/M0609/Collected_m0609_camera/Collected_m0609_red_block/onrobot_rg2/urdf/onrobot_rg2) by extensions ['colcon_meta']
[0.121s] Level 1:colcon.colcon_core.package_identification:_identify(isaacpjt/M0609/Collected_m0609_camera/Collected_m0609_red_block/onrobot_rg2/urdf/onrobot_rg2) by extension 'colcon_meta'
[0.121s] Level 1:colcon.colcon_core.package_identification:_identify(isaacpjt/M0609/Collected_m0609_camera/Collected_m0609_red_block/onrobot_rg2/urdf/onrobot_rg2) by extensions ['ros']
[0.121s] Level 1:colcon.colcon_core.package_identification:_identify(isaacpjt/M0609/Collected_m0609_camera/Collected_m0609_red_block/onrobot_rg2/urdf/onrobot_rg2) by extension 'ros'
[0.122s] Level 1:colcon.colcon_core.package_identification:_identify(isaacpjt/M0609/Collected_m0609_camera/Collected_m0609_red_block/onrobot_rg2/urdf/onrobot_rg2) by extensions ['cmake', 'python']
[0.122s] Level 1:colcon.colcon_core.package_identification:_identify(isaacpjt/M0609/Collected_m0609_camera/Collected_m0609_red_block/onrobot_rg2/urdf/onrobot_rg2) by extension 'cmake'
[0.122s] Level 1:colcon.colcon_core.package_identification:_identify(isaacpjt/M0609/Collected_m0609_camera/Collected_m0609_red_block/onrobot_rg2/urdf/onrobot_rg2) by extension 'python'
[0.122s] Level 1:colcon.colcon_core.package_identification:_identify(isaacpjt/M0609/Collected_m0609_camera/Collected_m0609_red_block/onrobot_rg2/urdf/onrobot_rg2) by extensions ['python_setup_py']
[0.122s] Level 1:colcon.colcon_core.package_identification:_identify(isaacpjt/M0609/Collected_m0609_camera/Collected_m0609_red_block/onrobot_rg2/urdf/onrobot_rg2) by extension 'python_setup_py'
[0.122s] Level 1:colcon.colcon_core.package_identification:_identify(isaacpjt/M0609/Collected_m0609_camera/Collected_m0609_red_block/onrobot_rg2/urdf/onrobot_rg2/configuration) by extensions ['ignore', 'ignore_ament_install']
[0.122s] Level 1:colcon.colcon_core.package_identification:_identify(isaacpjt/M0609/Collected_m0609_camera/Collected_m0609_red_block/onrobot_rg2/urdf/onrobot_rg2/configuration) by extension 'ignore'
[0.122s] Level 1:colcon.colcon_core.package_identification:_identify(isaacpjt/M0609/Collected_m0609_camera/Collected_m0609_red_block/onrobot_rg2/urdf/onrobot_rg2/configuration) by extension 'ignore_ament_install'
[0.122s] Level 1:colcon.colcon_core.package_identification:_identify(isaacpjt/M0609/Collected_m0609_camera/Collected_m0609_red_block/onrobot_rg2/urdf/onrobot_rg2/configuration) by extensions ['colcon_pkg']
[0.122s] Level 1:colcon.colcon_core.package_identification:_identify(isaacpjt/M0609/Collected_m0609_camera/Collected_m0609_red_block/onrobot_rg2/urdf/onrobot_rg2/configuration) by extension 'colcon_pkg'
[0.122s] Level 1:colcon.colcon_core.package_identification:_identify(isaacpjt/M0609/Collected_m0609_camera/Collected_m0609_red_block/onrobot_rg2/urdf/onrobot_rg2/configuration) by extensions ['colcon_meta']
[0.122s] Level 1:colcon.colcon_core.package_identification:_identify(isaacpjt/M0609/Collected_m0609_camera/Collected_m0609_red_block/onrobot_rg2/urdf/onrobot_rg2/configuration) by extension 'colcon_meta'
[0.122s] Level 1:colcon.colcon_core.package_identification:_identify(isaacpjt/M0609/Collected_m0609_camera/Collected_m0609_red_block/onrobot_rg2/urdf/onrobot_rg2/configuration) by extensions ['ros']
[0.122s] Level 1:colcon.colcon_core.package_identification:_identify(isaacpjt/M0609/Collected_m0609_camera/Collected_m0609_red_block/onrobot_rg2/urdf/onrobot_rg2/configuration) by extension 'ros'
[0.122s] Level 1:colcon.colcon_core.package_identification:_identify(isaacpjt/M0609/Collected_m0609_camera/Collected_m0609_red_block/onrobot_rg2/urdf/onrobot_rg2/configuration) by extensions ['cmake', 'python']
[0.122s] Level 1:colcon.colcon_core.package_identification:_identify(isaacpjt/M0609/Collected_m0609_camera/Collected_m0609_red_block/onrobot_rg2/urdf/onrobot_rg2/configuration) by extension 'cmake'
[0.122s] Level 1:colcon.colcon_core.package_identification:_identify(isaacpjt/M0609/Collected_m0609_camera/Collected_m0609_red_block/onrobot_rg2/urdf/onrobot_rg2/configuration) by extension 'python'
[0.122s] Level 1:colcon.colcon_core.package_identification:_identify(isaacpjt/M0609/Collected_m0609_camera/Collected_m0609_red_block/onrobot_rg2/urdf/onrobot_rg2/configuration) by extensions ['python_setup_py']
[0.122s] Level 1:colcon.colcon_core.package_identification:_identify(isaacpjt/M0609/Collected_m0609_camera/Collected_m0609_red_block/onrobot_rg2/urdf/onrobot_rg2/configuration) by extension 'python_setup_py'
[0.122s] Level 1:colcon.colcon_core.package_identification:_identify(isaacpjt/M0609/Collected_m0609_camera/doosan-robot2) by extensions ['ignore', 'ignore_ament_install']
[0.122s] Level 1:colcon.colcon_core.package_identification:_identify(isaacpjt/M0609/Collected_m0609_camera/doosan-robot2) by extension 'ignore'
[0.122s] Level 1:colcon.colcon_core.package_identification:_identify(isaacpjt/M0609/Collected_m0609_camera/doosan-robot2) by extension 'ignore_ament_install'
[0.122s] Level 1:colcon.colcon_core.package_identification:_identify(isaacpjt/M0609/Collected_m0609_camera/doosan-robot2) by extensions ['colcon_pkg']
[0.122s] Level 1:colcon.colcon_core.package_identification:_identify(isaacpjt/M0609/Collected_m0609_camera/doosan-robot2) by extension 'colcon_pkg'
[0.122s] Level 1:colcon.colcon_core.package_identification:_identify(isaacpjt/M0609/Collected_m0609_camera/doosan-robot2) by extensions ['colcon_meta']
[0.122s] Level 1:colcon.colcon_core.package_identification:_identify(isaacpjt/M0609/Collected_m0609_camera/doosan-robot2) by extension 'colcon_meta'
[0.122s] Level 1:colcon.colcon_core.package_identification:_identify(isaacpjt/M0609/Collected_m0609_camera/doosan-robot2) by extensions ['ros']
[0.122s] Level 1:colcon.colcon_core.package_identification:_identify(isaacpjt/M0609/Collected_m0609_camera/doosan-robot2) by extension 'ros'
[0.122s] Level 1:colcon.colcon_core.package_identification:_identify(isaacpjt/M0609/Collected_m0609_camera/doosan-robot2) by extensions ['cmake', 'python']
[0.122s] Level 1:colcon.colcon_core.package_identification:_identify(isaacpjt/M0609/Collected_m0609_camera/doosan-robot2) by extension 'cmake'
[0.122s] Level 1:colcon.colcon_core.package_identification:_identify(isaacpjt/M0609/Collected_m0609_camera/doosan-robot2) by extension 'python'
[0.122s] Level 1:colcon.colcon_core.package_identification:_identify(isaacpjt/M0609/Collected_m0609_camera/doosan-robot2) by extensions ['python_setup_py']
[0.122s] Level 1:colcon.colcon_core.package_identification:_identify(isaacpjt/M0609/Collected_m0609_camera/doosan-robot2) by extension 'python_setup_py'
[0.122s] Level 1:colcon.colcon_core.package_identification:_identify(isaacpjt/M0609/Collected_m0609_camera/doosan-robot2/urdf) by extensions ['ignore', 'ignore_ament_install']
[0.122s] Level 1:colcon.colcon_core.package_identification:_identify(isaacpjt/M0609/Collected_m0609_camera/doosan-robot2/urdf) by extension 'ignore'
[0.122s] Level 1:colcon.colcon_core.package_identification:_identify(isaacpjt/M0609/Collected_m0609_camera/doosan-robot2/urdf) by extension 'ignore_ament_install'
[0.122s] Level 1:colcon.colcon_core.package_identification:_identify(isaacpjt/M0609/Collected_m0609_camera/doosan-robot2/urdf) by extensions ['colcon_pkg']
[0.122s] Level 1:colcon.colcon_core.package_identification:_identify(isaacpjt/M0609/Collected_m0609_camera/doosan-robot2/urdf) by extension 'colcon_pkg'
[0.122s] Level 1:colcon.colcon_core.package_identification:_identify(isaacpjt/M0609/Collected_m0609_camera/doosan-robot2/urdf) by extensions ['colcon_meta']
[0.122s] Level 1:colcon.colcon_core.package_identification:_identify(isaacpjt/M0609/Collected_m0609_camera/doosan-robot2/urdf) by extension 'colcon_meta'
[0.122s] Level 1:colcon.colcon_core.package_identification:_identify(isaacpjt/M0609/Collected_m0609_camera/doosan-robot2/urdf) by extensions ['ros']
[0.122s] Level 1:colcon.colcon_core.package_identification:_identify(isaacpjt/M0609/Collected_m0609_camera/doosan-robot2/urdf) by extension 'ros'
[0.122s] Level 1:colcon.colcon_core.package_identification:_identify(isaacpjt/M0609/Collected_m0609_camera/doosan-robot2/urdf) by extensions ['cmake', 'python']
[0.122s] Level 1:colcon.colcon_core.package_identification:_identify(isaacpjt/M0609/Collected_m0609_camera/doosan-robot2/urdf) by extension 'cmake'
[0.122s] Level 1:colcon.colcon_core.package_identification:_identify(isaacpjt/M0609/Collected_m0609_camera/doosan-robot2/urdf) by extension 'python'
[0.122s] Level 1:colcon.colcon_core.package_identification:_identify(isaacpjt/M0609/Collected_m0609_camera/doosan-robot2/urdf) by extensions ['python_setup_py']
[0.122s] Level 1:colcon.colcon_core.package_identification:_identify(isaacpjt/M0609/Collected_m0609_camera/doosan-robot2/urdf) by extension 'python_setup_py'
[0.122s] Level 1:colcon.colcon_core.package_identification:_identify(isaacpjt/M0609/Collected_m0609_camera/doosan-robot2/urdf/m0609_isaac_sim) by extensions ['ignore', 'ignore_ament_install']
[0.122s] Level 1:colcon.colcon_core.package_identification:_identify(isaacpjt/M0609/Collected_m0609_camera/doosan-robot2/urdf/m0609_isaac_sim) by extension 'ignore'
[0.122s] Level 1:colcon.colcon_core.package_identification:_identify(isaacpjt/M0609/Collected_m0609_camera/doosan-robot2/urdf/m0609_isaac_sim) by extension 'ignore_ament_install'
[0.122s] Level 1:colcon.colcon_core.package_identification:_identify(isaacpjt/M0609/Collected_m0609_camera/doosan-robot2/urdf/m0609_isaac_sim) by extensions ['colcon_pkg']
[0.122s] Level 1:colcon.colcon_core.package_identification:_identify(isaacpjt/M0609/Collected_m0609_camera/doosan-robot2/urdf/m0609_isaac_sim) by extension 'colcon_pkg'
[0.122s] Level 1:colcon.colcon_core.package_identification:_identify(isaacpjt/M0609/Collected_m0609_camera/doosan-robot2/urdf/m0609_isaac_sim) by extensions ['colcon_meta']
[0.122s] Level 1:colcon.colcon_core.package_identification:_identify(isaacpjt/M0609/Collected_m0609_camera/doosan-robot2/urdf/m0609_isaac_sim) by extension 'colcon_meta'
[0.122s] Level 1:colcon.colcon_core.package_identification:_identify(isaacpjt/M0609/Collected_m0609_camera/doosan-robot2/urdf/m0609_isaac_sim) by extensions ['ros']
[0.122s] Level 1:colcon.colcon_core.package_identification:_identify(isaacpjt/M0609/Collected_m0609_camera/doosan-robot2/urdf/m0609_isaac_sim) by extension 'ros'
[0.122s] Level 1:colcon.colcon_core.package_identification:_identify(isaacpjt/M0609/Collected_m0609_camera/doosan-robot2/urdf/m0609_isaac_sim) by extensions ['cmake', 'python']
[0.123s] Level 1:colcon.colcon_core.package_identification:_identify(isaacpjt/M0609/Collected_m0609_camera/doosan-robot2/urdf/m0609_isaac_sim) by extension 'cmake'
[0.123s] Level 1:colcon.colcon_core.package_identification:_identify(isaacpjt/M0609/Collected_m0609_camera/doosan-robot2/urdf/m0609_isaac_sim) by extension 'python'
[0.123s] Level 1:colcon.colcon_core.package_identification:_identify(isaacpjt/M0609/Collected_m0609_camera/doosan-robot2/urdf/m0609_isaac_sim) by extensions ['python_setup_py']
[0.123s] Level 1:colcon.colcon_core.package_identification:_identify(isaacpjt/M0609/Collected_m0609_camera/doosan-robot2/urdf/m0609_isaac_sim) by extension 'python_setup_py'
[0.123s] Level 1:colcon.colcon_core.package_identification:_identify(isaacpjt/M0609/Collected_m0609_camera/doosan-robot2/urdf/m0609_isaac_sim/configuration) by extensions ['ignore', 'ignore_ament_install']
[0.123s] Level 1:colcon.colcon_core.package_identification:_identify(isaacpjt/M0609/Collected_m0609_camera/doosan-robot2/urdf/m0609_isaac_sim/configuration) by extension 'ignore'
[0.123s] Level 1:colcon.colcon_core.package_identification:_identify(isaacpjt/M0609/Collected_m0609_camera/doosan-robot2/urdf/m0609_isaac_sim/configuration) by extension 'ignore_ament_install'
[0.123s] Level 1:colcon.colcon_core.package_identification:_identify(isaacpjt/M0609/Collected_m0609_camera/doosan-robot2/urdf/m0609_isaac_sim/configuration) by extensions ['colcon_pkg']
[0.123s] Level 1:colcon.colcon_core.package_identification:_identify(isaacpjt/M0609/Collected_m0609_camera/doosan-robot2/urdf/m0609_isaac_sim/configuration) by extension 'colcon_pkg'
[0.123s] Level 1:colcon.colcon_core.package_identification:_identify(isaacpjt/M0609/Collected_m0609_camera/doosan-robot2/urdf/m0609_isaac_sim/configuration) by extensions ['colcon_meta']
[0.123s] Level 1:colcon.colcon_core.package_identification:_identify(isaacpjt/M0609/Collected_m0609_camera/doosan-robot2/urdf/m0609_isaac_sim/configuration) by extension 'colcon_meta'
[0.123s] Level 1:colcon.colcon_core.package_identification:_identify(isaacpjt/M0609/Collected_m0609_camera/doosan-robot2/urdf/m0609_isaac_sim/configuration) by extensions ['ros']
[0.123s] Level 1:colcon.colcon_core.package_identification:_identify(isaacpjt/M0609/Collected_m0609_camera/doosan-robot2/urdf/m0609_isaac_sim/configuration) by extension 'ros'
[0.123s] Level 1:colcon.colcon_core.package_identification:_identify(isaacpjt/M0609/Collected_m0609_camera/doosan-robot2/urdf/m0609_isaac_sim/configuration) by extensions ['cmake', 'python']
[0.123s] Level 1:colcon.colcon_core.package_identification:_identify(isaacpjt/M0609/Collected_m0609_camera/doosan-robot2/urdf/m0609_isaac_sim/configuration) by extension 'cmake'
[0.123s] Level 1:colcon.colcon_core.package_identification:_identify(isaacpjt/M0609/Collected_m0609_camera/doosan-robot2/urdf/m0609_isaac_sim/configuration) by extension 'python'
[0.123s] Level 1:colcon.colcon_core.package_identification:_identify(isaacpjt/M0609/Collected_m0609_camera/doosan-robot2/urdf/m0609_isaac_sim/configuration) by extensions ['python_setup_py']
[0.123s] Level 1:colcon.colcon_core.package_identification:_identify(isaacpjt/M0609/Collected_m0609_camera/doosan-robot2/urdf/m0609_isaac_sim/configuration) by extension 'python_setup_py'
[0.123s] Level 1:colcon.colcon_core.package_identification:_identify(isaacpjt/M0609/Collected_m0609_camera/omniverse-content-production.s3-us-west-2.amazonaws.com) by extensions ['ignore', 'ignore_ament_install']
[0.123s] Level 1:colcon.colcon_core.package_identification:_identify(isaacpjt/M0609/Collected_m0609_camera/omniverse-content-production.s3-us-west-2.amazonaws.com) by extension 'ignore'
[0.123s] Level 1:colcon.colcon_core.package_identification:_identify(isaacpjt/M0609/Collected_m0609_camera/omniverse-content-production.s3-us-west-2.amazonaws.com) by extension 'ignore_ament_install'
[0.123s] Level 1:colcon.colcon_core.package_identification:_identify(isaacpjt/M0609/Collected_m0609_camera/omniverse-content-production.s3-us-west-2.amazonaws.com) by extensions ['colcon_pkg']
[0.123s] Level 1:colcon.colcon_core.package_identification:_identify(isaacpjt/M0609/Collected_m0609_camera/omniverse-content-production.s3-us-west-2.amazonaws.com) by extension 'colcon_pkg'
[0.123s] Level 1:colcon.colcon_core.package_identification:_identify(isaacpjt/M0609/Collected_m0609_camera/omniverse-content-production.s3-us-west-2.amazonaws.com) by extensions ['colcon_meta']
[0.123s] Level 1:colcon.colcon_core.package_identification:_identify(isaacpjt/M0609/Collected_m0609_camera/omniverse-content-production.s3-us-west-2.amazonaws.com) by extension 'colcon_meta'
[0.123s] Level 1:colcon.colcon_core.package_identification:_identify(isaacpjt/M0609/Collected_m0609_camera/omniverse-content-production.s3-us-west-2.amazonaws.com) by extensions ['ros']
[0.123s] Level 1:colcon.colcon_core.package_identification:_identify(isaacpjt/M0609/Collected_m0609_camera/omniverse-content-production.s3-us-west-2.amazonaws.com) by extension 'ros'
[0.123s] Level 1:colcon.colcon_core.package_identification:_identify(isaacpjt/M0609/Collected_m0609_camera/omniverse-content-production.s3-us-west-2.amazonaws.com) by extensions ['cmake', 'python']
[0.123s] Level 1:colcon.colcon_core.package_identification:_identify(isaacpjt/M0609/Collected_m0609_camera/omniverse-content-production.s3-us-west-2.amazonaws.com) by extension 'cmake'
[0.123s] Level 1:colcon.colcon_core.package_identification:_identify(isaacpjt/M0609/Collected_m0609_camera/omniverse-content-production.s3-us-west-2.amazonaws.com) by extension 'python'
[0.123s] Level 1:colcon.colcon_core.package_identification:_identify(isaacpjt/M0609/Collected_m0609_camera/omniverse-content-production.s3-us-west-2.amazonaws.com) by extensions ['python_setup_py']
[0.123s] Level 1:colcon.colcon_core.package_identification:_identify(isaacpjt/M0609/Collected_m0609_camera/omniverse-content-production.s3-us-west-2.amazonaws.com) by extension 'python_setup_py'
[0.123s] Level 1:colcon.colcon_core.package_identification:_identify(isaacpjt/M0609/Collected_m0609_camera/omniverse-content-production.s3-us-west-2.amazonaws.com/Assets) by extensions ['ignore', 'ignore_ament_install']
[0.123s] Level 1:colcon.colcon_core.package_identification:_identify(isaacpjt/M0609/Collected_m0609_camera/omniverse-content-production.s3-us-west-2.amazonaws.com/Assets) by extension 'ignore'
[0.123s] Level 1:colcon.colcon_core.package_identification:_identify(isaacpjt/M0609/Collected_m0609_camera/omniverse-content-production.s3-us-west-2.amazonaws.com/Assets) by extension 'ignore_ament_install'
[0.123s] Level 1:colcon.colcon_core.package_identification:_identify(isaacpjt/M0609/Collected_m0609_camera/omniverse-content-production.s3-us-west-2.amazonaws.com/Assets) by extensions ['colcon_pkg']
[0.123s] Level 1:colcon.colcon_core.package_identification:_identify(isaacpjt/M0609/Collected_m0609_camera/omniverse-content-production.s3-us-west-2.amazonaws.com/Assets) by extension 'colcon_pkg'
[0.123s] Level 1:colcon.colcon_core.package_identification:_identify(isaacpjt/M0609/Collected_m0609_camera/omniverse-content-production.s3-us-west-2.amazonaws.com/Assets) by extensions ['colcon_meta']
[0.123s] Level 1:colcon.colcon_core.package_identification:_identify(isaacpjt/M0609/Collected_m0609_camera/omniverse-content-production.s3-us-west-2.amazonaws.com/Assets) by extension 'colcon_meta'
[0.123s] Level 1:colcon.colcon_core.package_identification:_identify(isaacpjt/M0609/Collected_m0609_camera/omniverse-content-production.s3-us-west-2.amazonaws.com/Assets) by extensions ['ros']
[0.123s] Level 1:colcon.colcon_core.package_identification:_identify(isaacpjt/M0609/Collected_m0609_camera/omniverse-content-production.s3-us-west-2.amazonaws.com/Assets) by extension 'ros'
[0.123s] Level 1:colcon.colcon_core.package_identification:_identify(isaacpjt/M0609/Collected_m0609_camera/omniverse-content-production.s3-us-west-2.amazonaws.com/Assets) by extensions ['cmake', 'python']
[0.123s] Level 1:colcon.colcon_core.package_identification:_identify(isaacpjt/M0609/Collected_m0609_camera/omniverse-content-production.s3-us-west-2.amazonaws.com/Assets) by extension 'cmake'
[0.123s] Level 1:colcon.colcon_core.package_identification:_identify(isaacpjt/M0609/Collected_m0609_camera/omniverse-content-production.s3-us-west-2.amazonaws.com/Assets) by extension 'python'
[0.123s] Level 1:colcon.colcon_core.package_identification:_identify(isaacpjt/M0609/Collected_m0609_camera/omniverse-content-production.s3-us-west-2.amazonaws.com/Assets) by extensions ['python_setup_py']
[0.123s] Level 1:colcon.colcon_core.package_identification:_identify(isaacpjt/M0609/Collected_m0609_camera/omniverse-content-production.s3-us-west-2.amazonaws.com/Assets) by extension 'python_setup_py'
[0.123s] Level 1:colcon.colcon_core.package_identification:_identify(isaacpjt/M0609/Collected_m0609_camera/omniverse-content-production.s3-us-west-2.amazonaws.com/Assets/Isaac) by extensions ['ignore', 'ignore_ament_install']
[0.123s] Level 1:colcon.colcon_core.package_identification:_identify(isaacpjt/M0609/Collected_m0609_camera/omniverse-content-production.s3-us-west-2.amazonaws.com/Assets/Isaac) by extension 'ignore'
[0.123s] Level 1:colcon.colcon_core.package_identification:_identify(isaacpjt/M0609/Collected_m0609_camera/omniverse-content-production.s3-us-west-2.amazonaws.com/Assets/Isaac) by extension 'ignore_ament_install'
[0.123s] Level 1:colcon.colcon_core.package_identification:_identify(isaacpjt/M0609/Collected_m0609_camera/omniverse-content-production.s3-us-west-2.amazonaws.com/Assets/Isaac) by extensions ['colcon_pkg']
[0.123s] Level 1:colcon.colcon_core.package_identification:_identify(isaacpjt/M0609/Collected_m0609_camera/omniverse-content-production.s3-us-west-2.amazonaws.com/Assets/Isaac) by extension 'colcon_pkg'
[0.123s] Level 1:colcon.colcon_core.package_identification:_identify(isaacpjt/M0609/Collected_m0609_camera/omniverse-content-production.s3-us-west-2.amazonaws.com/Assets/Isaac) by extensions ['colcon_meta']
[0.123s] Level 1:colcon.colcon_core.package_identification:_identify(isaacpjt/M0609/Collected_m0609_camera/omniverse-content-production.s3-us-west-2.amazonaws.com/Assets/Isaac) by extension 'colcon_meta'
[0.123s] Level 1:colcon.colcon_core.package_identification:_identify(isaacpjt/M0609/Collected_m0609_camera/omniverse-content-production.s3-us-west-2.amazonaws.com/Assets/Isaac) by extensions ['ros']
[0.123s] Level 1:colcon.colcon_core.package_identification:_identify(isaacpjt/M0609/Collected_m0609_camera/omniverse-content-production.s3-us-west-2.amazonaws.com/Assets/Isaac) by extension 'ros'
[0.123s] Level 1:colcon.colcon_core.package_identification:_identify(isaacpjt/M0609/Collected_m0609_camera/omniverse-content-production.s3-us-west-2.amazonaws.com/Assets/Isaac) by extensions ['cmake', 'python']
[0.123s] Level 1:colcon.colcon_core.package_identification:_identify(isaacpjt/M0609/Collected_m0609_camera/omniverse-content-production.s3-us-west-2.amazonaws.com/Assets/Isaac) by extension 'cmake'
[0.123s] Level 1:colcon.colcon_core.package_identification:_identify(isaacpjt/M0609/Collected_m0609_camera/omniverse-content-production.s3-us-west-2.amazonaws.com/Assets/Isaac) by extension 'python'
[0.123s] Level 1:colcon.colcon_core.package_identification:_identify(isaacpjt/M0609/Collected_m0609_camera/omniverse-content-production.s3-us-west-2.amazonaws.com/Assets/Isaac) by extensions ['python_setup_py']
[0.123s] Level 1:colcon.colcon_core.package_identification:_identify(isaacpjt/M0609/Collected_m0609_camera/omniverse-content-production.s3-us-west-2.amazonaws.com/Assets/Isaac) by extension 'python_setup_py'
[0.124s] Level 1:colcon.colcon_core.package_identification:_identify(isaacpjt/M0609/Collected_m0609_camera/omniverse-content-production.s3-us-west-2.amazonaws.com/Assets/Isaac/5.1) by extensions ['ignore', 'ignore_ament_install']
[0.124s] Level 1:colcon.colcon_core.package_identification:_identify(isaacpjt/M0609/Collected_m0609_camera/omniverse-content-production.s3-us-west-2.amazonaws.com/Assets/Isaac/5.1) by extension 'ignore'
[0.124s] Level 1:colcon.colcon_core.package_identification:_identify(isaacpjt/M0609/Collected_m0609_camera/omniverse-content-production.s3-us-west-2.amazonaws.com/Assets/Isaac/5.1) by extension 'ignore_ament_install'
[0.124s] Level 1:colcon.colcon_core.package_identification:_identify(isaacpjt/M0609/Collected_m0609_camera/omniverse-content-production.s3-us-west-2.amazonaws.com/Assets/Isaac/5.1) by extensions ['colcon_pkg']
[0.124s] Level 1:colcon.colcon_core.package_identification:_identify(isaacpjt/M0609/Collected_m0609_camera/omniverse-content-production.s3-us-west-2.amazonaws.com/Assets/Isaac/5.1) by extension 'colcon_pkg'
[0.124s] Level 1:colcon.colcon_core.package_identification:_identify(isaacpjt/M0609/Collected_m0609_camera/omniverse-content-production.s3-us-west-2.amazonaws.com/Assets/Isaac/5.1) by extensions ['colcon_meta']
[0.124s] Level 1:colcon.colcon_core.package_identification:_identify(isaacpjt/M0609/Collected_m0609_camera/omniverse-content-production.s3-us-west-2.amazonaws.com/Assets/Isaac/5.1) by extension 'colcon_meta'
[0.124s] Level 1:colcon.colcon_core.package_identification:_identify(isaacpjt/M0609/Collected_m0609_camera/omniverse-content-production.s3-us-west-2.amazonaws.com/Assets/Isaac/5.1) by extensions ['ros']
[0.124s] Level 1:colcon.colcon_core.package_identification:_identify(isaacpjt/M0609/Collected_m0609_camera/omniverse-content-production.s3-us-west-2.amazonaws.com/Assets/Isaac/5.1) by extension 'ros'
[0.124s] Level 1:colcon.colcon_core.package_identification:_identify(isaacpjt/M0609/Collected_m0609_camera/omniverse-content-production.s3-us-west-2.amazonaws.com/Assets/Isaac/5.1) by extensions ['cmake', 'python']
[0.124s] Level 1:colcon.colcon_core.package_identification:_identify(isaacpjt/M0609/Collected_m0609_camera/omniverse-content-production.s3-us-west-2.amazonaws.com/Assets/Isaac/5.1) by extension 'cmake'
[0.124s] Level 1:colcon.colcon_core.package_identification:_identify(isaacpjt/M0609/Collected_m0609_camera/omniverse-content-production.s3-us-west-2.amazonaws.com/Assets/Isaac/5.1) by extension 'python'
[0.124s] Level 1:colcon.colcon_core.package_identification:_identify(isaacpjt/M0609/Collected_m0609_camera/omniverse-content-production.s3-us-west-2.amazonaws.com/Assets/Isaac/5.1) by extensions ['python_setup_py']
[0.124s] Level 1:colcon.colcon_core.package_identification:_identify(isaacpjt/M0609/Collected_m0609_camera/omniverse-content-production.s3-us-west-2.amazonaws.com/Assets/Isaac/5.1) by extension 'python_setup_py'
[0.124s] Level 1:colcon.colcon_core.package_identification:_identify(isaacpjt/M0609/Collected_m0609_camera/omniverse-content-production.s3-us-west-2.amazonaws.com/Assets/Isaac/5.1/Isaac) by extensions ['ignore', 'ignore_ament_install']
[0.124s] Level 1:colcon.colcon_core.package_identification:_identify(isaacpjt/M0609/Collected_m0609_camera/omniverse-content-production.s3-us-west-2.amazonaws.com/Assets/Isaac/5.1/Isaac) by extension 'ignore'
[0.124s] Level 1:colcon.colcon_core.package_identification:_identify(isaacpjt/M0609/Collected_m0609_camera/omniverse-content-production.s3-us-west-2.amazonaws.com/Assets/Isaac/5.1/Isaac) by extension 'ignore_ament_install'
[0.124s] Level 1:colcon.colcon_core.package_identification:_identify(isaacpjt/M0609/Collected_m0609_camera/omniverse-content-production.s3-us-west-2.amazonaws.com/Assets/Isaac/5.1/Isaac) by extensions ['colcon_pkg']
[0.124s] Level 1:colcon.colcon_core.package_identification:_identify(isaacpjt/M0609/Collected_m0609_camera/omniverse-content-production.s3-us-west-2.amazonaws.com/Assets/Isaac/5.1/Isaac) by extension 'colcon_pkg'
[0.124s] Level 1:colcon.colcon_core.package_identification:_identify(isaacpjt/M0609/Collected_m0609_camera/omniverse-content-production.s3-us-west-2.amazonaws.com/Assets/Isaac/5.1/Isaac) by extensions ['colcon_meta']
[0.124s] Level 1:colcon.colcon_core.package_identification:_identify(isaacpjt/M0609/Collected_m0609_camera/omniverse-content-production.s3-us-west-2.amazonaws.com/Assets/Isaac/5.1/Isaac) by extension 'colcon_meta'
[0.124s] Level 1:colcon.colcon_core.package_identification:_identify(isaacpjt/M0609/Collected_m0609_camera/omniverse-content-production.s3-us-west-2.amazonaws.com/Assets/Isaac/5.1/Isaac) by extensions ['ros']
[0.124s] Level 1:colcon.colcon_core.package_identification:_identify(isaacpjt/M0609/Collected_m0609_camera/omniverse-content-production.s3-us-west-2.amazonaws.com/Assets/Isaac/5.1/Isaac) by extension 'ros'
[0.124s] Level 1:colcon.colcon_core.package_identification:_identify(isaacpjt/M0609/Collected_m0609_camera/omniverse-content-production.s3-us-west-2.amazonaws.com/Assets/Isaac/5.1/Isaac) by extensions ['cmake', 'python']
[0.124s] Level 1:colcon.colcon_core.package_identification:_identify(isaacpjt/M0609/Collected_m0609_camera/omniverse-content-production.s3-us-west-2.amazonaws.com/Assets/Isaac/5.1/Isaac) by extension 'cmake'
[0.124s] Level 1:colcon.colcon_core.package_identification:_identify(isaacpjt/M0609/Collected_m0609_camera/omniverse-content-production.s3-us-west-2.amazonaws.com/Assets/Isaac/5.1/Isaac) by extension 'python'
[0.124s] Level 1:colcon.colcon_core.package_identification:_identify(isaacpjt/M0609/Collected_m0609_camera/omniverse-content-production.s3-us-west-2.amazonaws.com/Assets/Isaac/5.1/Isaac) by extensions ['python_setup_py']
[0.124s] Level 1:colcon.colcon_core.package_identification:_identify(isaacpjt/M0609/Collected_m0609_camera/omniverse-content-production.s3-us-west-2.amazonaws.com/Assets/Isaac/5.1/Isaac) by extension 'python_setup_py'
[0.124s] Level 1:colcon.colcon_core.package_identification:_identify(isaacpjt/M0609/Collected_m0609_camera/omniverse-content-production.s3-us-west-2.amazonaws.com/Assets/Isaac/5.1/Isaac/Materials) by extensions ['ignore', 'ignore_ament_install']
[0.124s] Level 1:colcon.colcon_core.package_identification:_identify(isaacpjt/M0609/Collected_m0609_camera/omniverse-content-production.s3-us-west-2.amazonaws.com/Assets/Isaac/5.1/Isaac/Materials) by extension 'ignore'
[0.124s] Level 1:colcon.colcon_core.package_identification:_identify(isaacpjt/M0609/Collected_m0609_camera/omniverse-content-production.s3-us-west-2.amazonaws.com/Assets/Isaac/5.1/Isaac/Materials) by extension 'ignore_ament_install'
[0.124s] Level 1:colcon.colcon_core.package_identification:_identify(isaacpjt/M0609/Collected_m0609_camera/omniverse-content-production.s3-us-west-2.amazonaws.com/Assets/Isaac/5.1/Isaac/Materials) by extensions ['colcon_pkg']
[0.124s] Level 1:colcon.colcon_core.package_identification:_identify(isaacpjt/M0609/Collected_m0609_camera/omniverse-content-production.s3-us-west-2.amazonaws.com/Assets/Isaac/5.1/Isaac/Materials) by extension 'colcon_pkg'
[0.124s] Level 1:colcon.colcon_core.package_identification:_identify(isaacpjt/M0609/Collected_m0609_camera/omniverse-content-production.s3-us-west-2.amazonaws.com/Assets/Isaac/5.1/Isaac/Materials) by extensions ['colcon_meta']
[0.124s] Level 1:colcon.colcon_core.package_identification:_identify(isaacpjt/M0609/Collected_m0609_camera/omniverse-content-production.s3-us-west-2.amazonaws.com/Assets/Isaac/5.1/Isaac/Materials) by extension 'colcon_meta'
[0.124s] Level 1:colcon.colcon_core.package_identification:_identify(isaacpjt/M0609/Collected_m0609_camera/omniverse-content-production.s3-us-west-2.amazonaws.com/Assets/Isaac/5.1/Isaac/Materials) by extensions ['ros']
[0.124s] Level 1:colcon.colcon_core.package_identification:_identify(isaacpjt/M0609/Collected_m0609_camera/omniverse-content-production.s3-us-west-2.amazonaws.com/Assets/Isaac/5.1/Isaac/Materials) by extension 'ros'
[0.124s] Level 1:colcon.colcon_core.package_identification:_identify(isaacpjt/M0609/Collected_m0609_camera/omniverse-content-production.s3-us-west-2.amazonaws.com/Assets/Isaac/5.1/Isaac/Materials) by extensions ['cmake', 'python']
[0.124s] Level 1:colcon.colcon_core.package_identification:_identify(isaacpjt/M0609/Collected_m0609_camera/omniverse-content-production.s3-us-west-2.amazonaws.com/Assets/Isaac/5.1/Isaac/Materials) by extension 'cmake'
[0.124s] Level 1:colcon.colcon_core.package_identification:_identify(isaacpjt/M0609/Collected_m0609_camera/omniverse-content-production.s3-us-west-2.amazonaws.com/Assets/Isaac/5.1/Isaac/Materials) by extension 'python'
[0.124s] Level 1:colcon.colcon_core.package_identification:_identify(isaacpjt/M0609/Collected_m0609_camera/omniverse-content-production.s3-us-west-2.amazonaws.com/Assets/Isaac/5.1/Isaac/Materials) by extensions ['python_setup_py']
[0.124s] Level 1:colcon.colcon_core.package_identification:_identify(isaacpjt/M0609/Collected_m0609_camera/omniverse-content-production.s3-us-west-2.amazonaws.com/Assets/Isaac/5.1/Isaac/Materials) by extension 'python_setup_py'
[0.124s] Level 1:colcon.colcon_core.package_identification:_identify(isaacpjt/M0609/Collected_m0609_camera/omniverse-content-production.s3-us-west-2.amazonaws.com/Assets/Isaac/5.1/Isaac/Materials/Base) by extensions ['ignore', 'ignore_ament_install']
[0.124s] Level 1:colcon.colcon_core.package_identification:_identify(isaacpjt/M0609/Collected_m0609_camera/omniverse-content-production.s3-us-west-2.amazonaws.com/Assets/Isaac/5.1/Isaac/Materials/Base) by extension 'ignore'
[0.124s] Level 1:colcon.colcon_core.package_identification:_identify(isaacpjt/M0609/Collected_m0609_camera/omniverse-content-production.s3-us-west-2.amazonaws.com/Assets/Isaac/5.1/Isaac/Materials/Base) by extension 'ignore_ament_install'
[0.124s] Level 1:colcon.colcon_core.package_identification:_identify(isaacpjt/M0609/Collected_m0609_camera/omniverse-content-production.s3-us-west-2.amazonaws.com/Assets/Isaac/5.1/Isaac/Materials/Base) by extensions ['colcon_pkg']
[0.124s] Level 1:colcon.colcon_core.package_identification:_identify(isaacpjt/M0609/Collected_m0609_camera/omniverse-content-production.s3-us-west-2.amazonaws.com/Assets/Isaac/5.1/Isaac/Materials/Base) by extension 'colcon_pkg'
[0.124s] Level 1:colcon.colcon_core.package_identification:_identify(isaacpjt/M0609/Collected_m0609_camera/omniverse-content-production.s3-us-west-2.amazonaws.com/Assets/Isaac/5.1/Isaac/Materials/Base) by extensions ['colcon_meta']
[0.124s] Level 1:colcon.colcon_core.package_identification:_identify(isaacpjt/M0609/Collected_m0609_camera/omniverse-content-production.s3-us-west-2.amazonaws.com/Assets/Isaac/5.1/Isaac/Materials/Base) by extension 'colcon_meta'
[0.124s] Level 1:colcon.colcon_core.package_identification:_identify(isaacpjt/M0609/Collected_m0609_camera/omniverse-content-production.s3-us-west-2.amazonaws.com/Assets/Isaac/5.1/Isaac/Materials/Base) by extensions ['ros']
[0.124s] Level 1:colcon.colcon_core.package_identification:_identify(isaacpjt/M0609/Collected_m0609_camera/omniverse-content-production.s3-us-west-2.amazonaws.com/Assets/Isaac/5.1/Isaac/Materials/Base) by extension 'ros'
[0.124s] Level 1:colcon.colcon_core.package_identification:_identify(isaacpjt/M0609/Collected_m0609_camera/omniverse-content-production.s3-us-west-2.amazonaws.com/Assets/Isaac/5.1/Isaac/Materials/Base) by extensions ['cmake', 'python']
[0.124s] Level 1:colcon.colcon_core.package_identification:_identify(isaacpjt/M0609/Collected_m0609_camera/omniverse-content-production.s3-us-west-2.amazonaws.com/Assets/Isaac/5.1/Isaac/Materials/Base) by extension 'cmake'
[0.124s] Level 1:colcon.colcon_core.package_identification:_identify(isaacpjt/M0609/Collected_m0609_camera/omniverse-content-production.s3-us-west-2.amazonaws.com/Assets/Isaac/5.1/Isaac/Materials/Base) by extension 'python'
[0.124s] Level 1:colcon.colcon_core.package_identification:_identify(isaacpjt/M0609/Collected_m0609_camera/omniverse-content-production.s3-us-west-2.amazonaws.com/Assets/Isaac/5.1/Isaac/Materials/Base) by extensions ['python_setup_py']
[0.124s] Level 1:colcon.colcon_core.package_identification:_identify(isaacpjt/M0609/Collected_m0609_camera/omniverse-content-production.s3-us-west-2.amazonaws.com/Assets/Isaac/5.1/Isaac/Materials/Base) by extension 'python_setup_py'
[0.125s] Level 1:colcon.colcon_core.package_identification:_identify(isaacpjt/M0609/Collected_m0609_camera/omniverse-content-production.s3-us-west-2.amazonaws.com/Assets/Isaac/5.1/Isaac/Materials/Base/Metals) by extensions ['ignore', 'ignore_ament_install']
[0.125s] Level 1:colcon.colcon_core.package_identification:_identify(isaacpjt/M0609/Collected_m0609_camera/omniverse-content-production.s3-us-west-2.amazonaws.com/Assets/Isaac/5.1/Isaac/Materials/Base/Metals) by extension 'ignore'
[0.125s] Level 1:colcon.colcon_core.package_identification:_identify(isaacpjt/M0609/Collected_m0609_camera/omniverse-content-production.s3-us-west-2.amazonaws.com/Assets/Isaac/5.1/Isaac/Materials/Base/Metals) by extension 'ignore_ament_install'
[0.125s] Level 1:colcon.colcon_core.package_identification:_identify(isaacpjt/M0609/Collected_m0609_camera/omniverse-content-production.s3-us-west-2.amazonaws.com/Assets/Isaac/5.1/Isaac/Materials/Base/Metals) by extensions ['colcon_pkg']
[0.125s] Level 1:colcon.colcon_core.package_identification:_identify(isaacpjt/M0609/Collected_m0609_camera/omniverse-content-production.s3-us-west-2.amazonaws.com/Assets/Isaac/5.1/Isaac/Materials/Base/Metals) by extension 'colcon_pkg'
[0.125s] Level 1:colcon.colcon_core.package_identification:_identify(isaacpjt/M0609/Collected_m0609_camera/omniverse-content-production.s3-us-west-2.amazonaws.com/Assets/Isaac/5.1/Isaac/Materials/Base/Metals) by extensions ['colcon_meta']
[0.125s] Level 1:colcon.colcon_core.package_identification:_identify(isaacpjt/M0609/Collected_m0609_camera/omniverse-content-production.s3-us-west-2.amazonaws.com/Assets/Isaac/5.1/Isaac/Materials/Base/Metals) by extension 'colcon_meta'
[0.125s] Level 1:colcon.colcon_core.package_identification:_identify(isaacpjt/M0609/Collected_m0609_camera/omniverse-content-production.s3-us-west-2.amazonaws.com/Assets/Isaac/5.1/Isaac/Materials/Base/Metals) by extensions ['ros']
[0.125s] Level 1:colcon.colcon_core.package_identification:_identify(isaacpjt/M0609/Collected_m0609_camera/omniverse-content-production.s3-us-west-2.amazonaws.com/Assets/Isaac/5.1/Isaac/Materials/Base/Metals) by extension 'ros'
[0.125s] Level 1:colcon.colcon_core.package_identification:_identify(isaacpjt/M0609/Collected_m0609_camera/omniverse-content-production.s3-us-west-2.amazonaws.com/Assets/Isaac/5.1/Isaac/Materials/Base/Metals) by extensions ['cmake', 'python']
[0.125s] Level 1:colcon.colcon_core.package_identification:_identify(isaacpjt/M0609/Collected_m0609_camera/omniverse-content-production.s3-us-west-2.amazonaws.com/Assets/Isaac/5.1/Isaac/Materials/Base/Metals) by extension 'cmake'
[0.125s] Level 1:colcon.colcon_core.package_identification:_identify(isaacpjt/M0609/Collected_m0609_camera/omniverse-content-production.s3-us-west-2.amazonaws.com/Assets/Isaac/5.1/Isaac/Materials/Base/Metals) by extension 'python'
[0.125s] Level 1:colcon.colcon_core.package_identification:_identify(isaacpjt/M0609/Collected_m0609_camera/omniverse-content-production.s3-us-west-2.amazonaws.com/Assets/Isaac/5.1/Isaac/Materials/Base/Metals) by extensions ['python_setup_py']
[0.125s] Level 1:colcon.colcon_core.package_identification:_identify(isaacpjt/M0609/Collected_m0609_camera/omniverse-content-production.s3-us-west-2.amazonaws.com/Assets/Isaac/5.1/Isaac/Materials/Base/Metals) by extension 'python_setup_py'
[0.125s] Level 1:colcon.colcon_core.package_identification:_identify(isaacpjt/M0609/Collected_m0609_camera/omniverse-content-production.s3-us-west-2.amazonaws.com/Assets/Isaac/5.1/Isaac/Materials/Base/Metals/Aluminum_Anodized) by extensions ['ignore', 'ignore_ament_install']
[0.125s] Level 1:colcon.colcon_core.package_identification:_identify(isaacpjt/M0609/Collected_m0609_camera/omniverse-content-production.s3-us-west-2.amazonaws.com/Assets/Isaac/5.1/Isaac/Materials/Base/Metals/Aluminum_Anodized) by extension 'ignore'
[0.125s] Level 1:colcon.colcon_core.package_identification:_identify(isaacpjt/M0609/Collected_m0609_camera/omniverse-content-production.s3-us-west-2.amazonaws.com/Assets/Isaac/5.1/Isaac/Materials/Base/Metals/Aluminum_Anodized) by extension 'ignore_ament_install'
[0.125s] Level 1:colcon.colcon_core.package_identification:_identify(isaacpjt/M0609/Collected_m0609_camera/omniverse-content-production.s3-us-west-2.amazonaws.com/Assets/Isaac/5.1/Isaac/Materials/Base/Metals/Aluminum_Anodized) by extensions ['colcon_pkg']
[0.125s] Level 1:colcon.colcon_core.package_identification:_identify(isaacpjt/M0609/Collected_m0609_camera/omniverse-content-production.s3-us-west-2.amazonaws.com/Assets/Isaac/5.1/Isaac/Materials/Base/Metals/Aluminum_Anodized) by extension 'colcon_pkg'
[0.125s] Level 1:colcon.colcon_core.package_identification:_identify(isaacpjt/M0609/Collected_m0609_camera/omniverse-content-production.s3-us-west-2.amazonaws.com/Assets/Isaac/5.1/Isaac/Materials/Base/Metals/Aluminum_Anodized) by extensions ['colcon_meta']
[0.125s] Level 1:colcon.colcon_core.package_identification:_identify(isaacpjt/M0609/Collected_m0609_camera/omniverse-content-production.s3-us-west-2.amazonaws.com/Assets/Isaac/5.1/Isaac/Materials/Base/Metals/Aluminum_Anodized) by extension 'colcon_meta'
[0.125s] Level 1:colcon.colcon_core.package_identification:_identify(isaacpjt/M0609/Collected_m0609_camera/omniverse-content-production.s3-us-west-2.amazonaws.com/Assets/Isaac/5.1/Isaac/Materials/Base/Metals/Aluminum_Anodized) by extensions ['ros']
[0.125s] Level 1:colcon.colcon_core.package_identification:_identify(isaacpjt/M0609/Collected_m0609_camera/omniverse-content-production.s3-us-west-2.amazonaws.com/Assets/Isaac/5.1/Isaac/Materials/Base/Metals/Aluminum_Anodized) by extension 'ros'
[0.125s] Level 1:colcon.colcon_core.package_identification:_identify(isaacpjt/M0609/Collected_m0609_camera/omniverse-content-production.s3-us-west-2.amazonaws.com/Assets/Isaac/5.1/Isaac/Materials/Base/Metals/Aluminum_Anodized) by extensions ['cmake', 'python']
[0.125s] Level 1:colcon.colcon_core.package_identification:_identify(isaacpjt/M0609/Collected_m0609_camera/omniverse-content-production.s3-us-west-2.amazonaws.com/Assets/Isaac/5.1/Isaac/Materials/Base/Metals/Aluminum_Anodized) by extension 'cmake'
[0.125s] Level 1:colcon.colcon_core.package_identification:_identify(isaacpjt/M0609/Collected_m0609_camera/omniverse-content-production.s3-us-west-2.amazonaws.com/Assets/Isaac/5.1/Isaac/Materials/Base/Metals/Aluminum_Anodized) by extension 'python'
[0.125s] Level 1:colcon.colcon_core.package_identification:_identify(isaacpjt/M0609/Collected_m0609_camera/omniverse-content-production.s3-us-west-2.amazonaws.com/Assets/Isaac/5.1/Isaac/Materials/Base/Metals/Aluminum_Anodized) by extensions ['python_setup_py']
[0.125s] Level 1:colcon.colcon_core.package_identification:_identify(isaacpjt/M0609/Collected_m0609_camera/omniverse-content-production.s3-us-west-2.amazonaws.com/Assets/Isaac/5.1/Isaac/Materials/Base/Metals/Aluminum_Anodized) by extension 'python_setup_py'
[0.125s] Level 1:colcon.colcon_core.package_identification:_identify(isaacpjt/M0609/Collected_m0609_camera/omniverse-content-production.s3-us-west-2.amazonaws.com/Assets/Isaac/5.1/Isaac/Materials/Base/Metals/Aluminum_Cast) by extensions ['ignore', 'ignore_ament_install']
[0.125s] Level 1:colcon.colcon_core.package_identification:_identify(isaacpjt/M0609/Collected_m0609_camera/omniverse-content-production.s3-us-west-2.amazonaws.com/Assets/Isaac/5.1/Isaac/Materials/Base/Metals/Aluminum_Cast) by extension 'ignore'
[0.125s] Level 1:colcon.colcon_core.package_identification:_identify(isaacpjt/M0609/Collected_m0609_camera/omniverse-content-production.s3-us-west-2.amazonaws.com/Assets/Isaac/5.1/Isaac/Materials/Base/Metals/Aluminum_Cast) by extension 'ignore_ament_install'
[0.125s] Level 1:colcon.colcon_core.package_identification:_identify(isaacpjt/M0609/Collected_m0609_camera/omniverse-content-production.s3-us-west-2.amazonaws.com/Assets/Isaac/5.1/Isaac/Materials/Base/Metals/Aluminum_Cast) by extensions ['colcon_pkg']
[0.125s] Level 1:colcon.colcon_core.package_identification:_identify(isaacpjt/M0609/Collected_m0609_camera/omniverse-content-production.s3-us-west-2.amazonaws.com/Assets/Isaac/5.1/Isaac/Materials/Base/Metals/Aluminum_Cast) by extension 'colcon_pkg'
[0.125s] Level 1:colcon.colcon_core.package_identification:_identify(isaacpjt/M0609/Collected_m0609_camera/omniverse-content-production.s3-us-west-2.amazonaws.com/Assets/Isaac/5.1/Isaac/Materials/Base/Metals/Aluminum_Cast) by extensions ['colcon_meta']
[0.125s] Level 1:colcon.colcon_core.package_identification:_identify(isaacpjt/M0609/Collected_m0609_camera/omniverse-content-production.s3-us-west-2.amazonaws.com/Assets/Isaac/5.1/Isaac/Materials/Base/Metals/Aluminum_Cast) by extension 'colcon_meta'
[0.125s] Level 1:colcon.colcon_core.package_identification:_identify(isaacpjt/M0609/Collected_m0609_camera/omniverse-content-production.s3-us-west-2.amazonaws.com/Assets/Isaac/5.1/Isaac/Materials/Base/Metals/Aluminum_Cast) by extensions ['ros']
[0.125s] Level 1:colcon.colcon_core.package_identification:_identify(isaacpjt/M0609/Collected_m0609_camera/omniverse-content-production.s3-us-west-2.amazonaws.com/Assets/Isaac/5.1/Isaac/Materials/Base/Metals/Aluminum_Cast) by extension 'ros'
[0.125s] Level 1:colcon.colcon_core.package_identification:_identify(isaacpjt/M0609/Collected_m0609_camera/omniverse-content-production.s3-us-west-2.amazonaws.com/Assets/Isaac/5.1/Isaac/Materials/Base/Metals/Aluminum_Cast) by extensions ['cmake', 'python']
[0.125s] Level 1:colcon.colcon_core.package_identification:_identify(isaacpjt/M0609/Collected_m0609_camera/omniverse-content-production.s3-us-west-2.amazonaws.com/Assets/Isaac/5.1/Isaac/Materials/Base/Metals/Aluminum_Cast) by extension 'cmake'
[0.125s] Level 1:colcon.colcon_core.package_identification:_identify(isaacpjt/M0609/Collected_m0609_camera/omniverse-content-production.s3-us-west-2.amazonaws.com/Assets/Isaac/5.1/Isaac/Materials/Base/Metals/Aluminum_Cast) by extension 'python'
[0.125s] Level 1:colcon.colcon_core.package_identification:_identify(isaacpjt/M0609/Collected_m0609_camera/omniverse-content-production.s3-us-west-2.amazonaws.com/Assets/Isaac/5.1/Isaac/Materials/Base/Metals/Aluminum_Cast) by extensions ['python_setup_py']
[0.125s] Level 1:colcon.colcon_core.package_identification:_identify(isaacpjt/M0609/Collected_m0609_camera/omniverse-content-production.s3-us-west-2.amazonaws.com/Assets/Isaac/5.1/Isaac/Materials/Base/Metals/Aluminum_Cast) by extension 'python_setup_py'
[0.125s] Level 1:colcon.colcon_core.package_identification:_identify(isaacpjt/M0609/Collected_m0609_camera/omniverse-content-production.s3-us-west-2.amazonaws.com/Assets/Isaac/5.1/Isaac/Materials/Base/Plastics) by extensions ['ignore', 'ignore_ament_install']
[0.125s] Level 1:colcon.colcon_core.package_identification:_identify(isaacpjt/M0609/Collected_m0609_camera/omniverse-content-production.s3-us-west-2.amazonaws.com/Assets/Isaac/5.1/Isaac/Materials/Base/Plastics) by extension 'ignore'
[0.125s] Level 1:colcon.colcon_core.package_identification:_identify(isaacpjt/M0609/Collected_m0609_camera/omniverse-content-production.s3-us-west-2.amazonaws.com/Assets/Isaac/5.1/Isaac/Materials/Base/Plastics) by extension 'ignore_ament_install'
[0.125s] Level 1:colcon.colcon_core.package_identification:_identify(isaacpjt/M0609/Collected_m0609_camera/omniverse-content-production.s3-us-west-2.amazonaws.com/Assets/Isaac/5.1/Isaac/Materials/Base/Plastics) by extensions ['colcon_pkg']
[0.125s] Level 1:colcon.colcon_core.package_identification:_identify(isaacpjt/M0609/Collected_m0609_camera/omniverse-content-production.s3-us-west-2.amazonaws.com/Assets/Isaac/5.1/Isaac/Materials/Base/Plastics) by extension 'colcon_pkg'
[0.125s] Level 1:colcon.colcon_core.package_identification:_identify(isaacpjt/M0609/Collected_m0609_camera/omniverse-content-production.s3-us-west-2.amazonaws.com/Assets/Isaac/5.1/Isaac/Materials/Base/Plastics) by extensions ['colcon_meta']
[0.125s] Level 1:colcon.colcon_core.package_identification:_identify(isaacpjt/M0609/Collected_m0609_camera/omniverse-content-production.s3-us-west-2.amazonaws.com/Assets/Isaac/5.1/Isaac/Materials/Base/Plastics) by extension 'colcon_meta'
[0.125s] Level 1:colcon.colcon_core.package_identification:_identify(isaacpjt/M0609/Collected_m0609_camera/omniverse-content-production.s3-us-west-2.amazonaws.com/Assets/Isaac/5.1/Isaac/Materials/Base/Plastics) by extensions ['ros']
[0.125s] Level 1:colcon.colcon_core.package_identification:_identify(isaacpjt/M0609/Collected_m0609_camera/omniverse-content-production.s3-us-west-2.amazonaws.com/Assets/Isaac/5.1/Isaac/Materials/Base/Plastics) by extension 'ros'
[0.125s] Level 1:colcon.colcon_core.package_identification:_identify(isaacpjt/M0609/Collected_m0609_camera/omniverse-content-production.s3-us-west-2.amazonaws.com/Assets/Isaac/5.1/Isaac/Materials/Base/Plastics) by extensions ['cmake', 'python']
[0.125s] Level 1:colcon.colcon_core.package_identification:_identify(isaacpjt/M0609/Collected_m0609_camera/omniverse-content-production.s3-us-west-2.amazonaws.com/Assets/Isaac/5.1/Isaac/Materials/Base/Plastics) by extension 'cmake'
[0.125s] Level 1:colcon.colcon_core.package_identification:_identify(isaacpjt/M0609/Collected_m0609_camera/omniverse-content-production.s3-us-west-2.amazonaws.com/Assets/Isaac/5.1/Isaac/Materials/Base/Plastics) by extension 'python'
[0.125s] Level 1:colcon.colcon_core.package_identification:_identify(isaacpjt/M0609/Collected_m0609_camera/omniverse-content-production.s3-us-west-2.amazonaws.com/Assets/Isaac/5.1/Isaac/Materials/Base/Plastics) by extensions ['python_setup_py']
[0.125s] Level 1:colcon.colcon_core.package_identification:_identify(isaacpjt/M0609/Collected_m0609_camera/omniverse-content-production.s3-us-west-2.amazonaws.com/Assets/Isaac/5.1/Isaac/Materials/Base/Plastics) by extension 'python_setup_py'
[0.126s] Level 1:colcon.colcon_core.package_identification:_identify(isaacpjt/M0609/Collected_m0609_camera/omniverse-content-production.s3-us-west-2.amazonaws.com/Assets/Isaac/5.1/Isaac/Sensors) by extensions ['ignore', 'ignore_ament_install']
[0.126s] Level 1:colcon.colcon_core.package_identification:_identify(isaacpjt/M0609/Collected_m0609_camera/omniverse-content-production.s3-us-west-2.amazonaws.com/Assets/Isaac/5.1/Isaac/Sensors) by extension 'ignore'
[0.126s] Level 1:colcon.colcon_core.package_identification:_identify(isaacpjt/M0609/Collected_m0609_camera/omniverse-content-production.s3-us-west-2.amazonaws.com/Assets/Isaac/5.1/Isaac/Sensors) by extension 'ignore_ament_install'
[0.126s] Level 1:colcon.colcon_core.package_identification:_identify(isaacpjt/M0609/Collected_m0609_camera/omniverse-content-production.s3-us-west-2.amazonaws.com/Assets/Isaac/5.1/Isaac/Sensors) by extensions ['colcon_pkg']
[0.126s] Level 1:colcon.colcon_core.package_identification:_identify(isaacpjt/M0609/Collected_m0609_camera/omniverse-content-production.s3-us-west-2.amazonaws.com/Assets/Isaac/5.1/Isaac/Sensors) by extension 'colcon_pkg'
[0.126s] Level 1:colcon.colcon_core.package_identification:_identify(isaacpjt/M0609/Collected_m0609_camera/omniverse-content-production.s3-us-west-2.amazonaws.com/Assets/Isaac/5.1/Isaac/Sensors) by extensions ['colcon_meta']
[0.126s] Level 1:colcon.colcon_core.package_identification:_identify(isaacpjt/M0609/Collected_m0609_camera/omniverse-content-production.s3-us-west-2.amazonaws.com/Assets/Isaac/5.1/Isaac/Sensors) by extension 'colcon_meta'
[0.126s] Level 1:colcon.colcon_core.package_identification:_identify(isaacpjt/M0609/Collected_m0609_camera/omniverse-content-production.s3-us-west-2.amazonaws.com/Assets/Isaac/5.1/Isaac/Sensors) by extensions ['ros']
[0.126s] Level 1:colcon.colcon_core.package_identification:_identify(isaacpjt/M0609/Collected_m0609_camera/omniverse-content-production.s3-us-west-2.amazonaws.com/Assets/Isaac/5.1/Isaac/Sensors) by extension 'ros'
[0.126s] Level 1:colcon.colcon_core.package_identification:_identify(isaacpjt/M0609/Collected_m0609_camera/omniverse-content-production.s3-us-west-2.amazonaws.com/Assets/Isaac/5.1/Isaac/Sensors) by extensions ['cmake', 'python']
[0.126s] Level 1:colcon.colcon_core.package_identification:_identify(isaacpjt/M0609/Collected_m0609_camera/omniverse-content-production.s3-us-west-2.amazonaws.com/Assets/Isaac/5.1/Isaac/Sensors) by extension 'cmake'
[0.126s] Level 1:colcon.colcon_core.package_identification:_identify(isaacpjt/M0609/Collected_m0609_camera/omniverse-content-production.s3-us-west-2.amazonaws.com/Assets/Isaac/5.1/Isaac/Sensors) by extension 'python'
[0.126s] Level 1:colcon.colcon_core.package_identification:_identify(isaacpjt/M0609/Collected_m0609_camera/omniverse-content-production.s3-us-west-2.amazonaws.com/Assets/Isaac/5.1/Isaac/Sensors) by extensions ['python_setup_py']
[0.126s] Level 1:colcon.colcon_core.package_identification:_identify(isaacpjt/M0609/Collected_m0609_camera/omniverse-content-production.s3-us-west-2.amazonaws.com/Assets/Isaac/5.1/Isaac/Sensors) by extension 'python_setup_py'
[0.126s] Level 1:colcon.colcon_core.package_identification:_identify(isaacpjt/M0609/Collected_m0609_camera/omniverse-content-production.s3-us-west-2.amazonaws.com/Assets/Isaac/5.1/Isaac/Sensors/Intel) by extensions ['ignore', 'ignore_ament_install']
[0.126s] Level 1:colcon.colcon_core.package_identification:_identify(isaacpjt/M0609/Collected_m0609_camera/omniverse-content-production.s3-us-west-2.amazonaws.com/Assets/Isaac/5.1/Isaac/Sensors/Intel) by extension 'ignore'
[0.126s] Level 1:colcon.colcon_core.package_identification:_identify(isaacpjt/M0609/Collected_m0609_camera/omniverse-content-production.s3-us-west-2.amazonaws.com/Assets/Isaac/5.1/Isaac/Sensors/Intel) by extension 'ignore_ament_install'
[0.126s] Level 1:colcon.colcon_core.package_identification:_identify(isaacpjt/M0609/Collected_m0609_camera/omniverse-content-production.s3-us-west-2.amazonaws.com/Assets/Isaac/5.1/Isaac/Sensors/Intel) by extensions ['colcon_pkg']
[0.126s] Level 1:colcon.colcon_core.package_identification:_identify(isaacpjt/M0609/Collected_m0609_camera/omniverse-content-production.s3-us-west-2.amazonaws.com/Assets/Isaac/5.1/Isaac/Sensors/Intel) by extension 'colcon_pkg'
[0.126s] Level 1:colcon.colcon_core.package_identification:_identify(isaacpjt/M0609/Collected_m0609_camera/omniverse-content-production.s3-us-west-2.amazonaws.com/Assets/Isaac/5.1/Isaac/Sensors/Intel) by extensions ['colcon_meta']
[0.126s] Level 1:colcon.colcon_core.package_identification:_identify(isaacpjt/M0609/Collected_m0609_camera/omniverse-content-production.s3-us-west-2.amazonaws.com/Assets/Isaac/5.1/Isaac/Sensors/Intel) by extension 'colcon_meta'
[0.126s] Level 1:colcon.colcon_core.package_identification:_identify(isaacpjt/M0609/Collected_m0609_camera/omniverse-content-production.s3-us-west-2.amazonaws.com/Assets/Isaac/5.1/Isaac/Sensors/Intel) by extensions ['ros']
[0.126s] Level 1:colcon.colcon_core.package_identification:_identify(isaacpjt/M0609/Collected_m0609_camera/omniverse-content-production.s3-us-west-2.amazonaws.com/Assets/Isaac/5.1/Isaac/Sensors/Intel) by extension 'ros'
[0.126s] Level 1:colcon.colcon_core.package_identification:_identify(isaacpjt/M0609/Collected_m0609_camera/omniverse-content-production.s3-us-west-2.amazonaws.com/Assets/Isaac/5.1/Isaac/Sensors/Intel) by extensions ['cmake', 'python']
[0.126s] Level 1:colcon.colcon_core.package_identification:_identify(isaacpjt/M0609/Collected_m0609_camera/omniverse-content-production.s3-us-west-2.amazonaws.com/Assets/Isaac/5.1/Isaac/Sensors/Intel) by extension 'cmake'
[0.126s] Level 1:colcon.colcon_core.package_identification:_identify(isaacpjt/M0609/Collected_m0609_camera/omniverse-content-production.s3-us-west-2.amazonaws.com/Assets/Isaac/5.1/Isaac/Sensors/Intel) by extension 'python'
[0.126s] Level 1:colcon.colcon_core.package_identification:_identify(isaacpjt/M0609/Collected_m0609_camera/omniverse-content-production.s3-us-west-2.amazonaws.com/Assets/Isaac/5.1/Isaac/Sensors/Intel) by extensions ['python_setup_py']
[0.126s] Level 1:colcon.colcon_core.package_identification:_identify(isaacpjt/M0609/Collected_m0609_camera/omniverse-content-production.s3-us-west-2.amazonaws.com/Assets/Isaac/5.1/Isaac/Sensors/Intel) by extension 'python_setup_py'
[0.126s] Level 1:colcon.colcon_core.package_identification:_identify(isaacpjt/M0609/Collected_m0609_camera/omniverse-content-production.s3-us-west-2.amazonaws.com/Assets/Isaac/5.1/Isaac/Sensors/Intel/RealSense) by extensions ['ignore', 'ignore_ament_install']
[0.126s] Level 1:colcon.colcon_core.package_identification:_identify(isaacpjt/M0609/Collected_m0609_camera/omniverse-content-production.s3-us-west-2.amazonaws.com/Assets/Isaac/5.1/Isaac/Sensors/Intel/RealSense) by extension 'ignore'
[0.126s] Level 1:colcon.colcon_core.package_identification:_identify(isaacpjt/M0609/Collected_m0609_camera/omniverse-content-production.s3-us-west-2.amazonaws.com/Assets/Isaac/5.1/Isaac/Sensors/Intel/RealSense) by extension 'ignore_ament_install'
[0.126s] Level 1:colcon.colcon_core.package_identification:_identify(isaacpjt/M0609/Collected_m0609_camera/omniverse-content-production.s3-us-west-2.amazonaws.com/Assets/Isaac/5.1/Isaac/Sensors/Intel/RealSense) by extensions ['colcon_pkg']
[0.126s] Level 1:colcon.colcon_core.package_identification:_identify(isaacpjt/M0609/Collected_m0609_camera/omniverse-content-production.s3-us-west-2.amazonaws.com/Assets/Isaac/5.1/Isaac/Sensors/Intel/RealSense) by extension 'colcon_pkg'
[0.126s] Level 1:colcon.colcon_core.package_identification:_identify(isaacpjt/M0609/Collected_m0609_camera/omniverse-content-production.s3-us-west-2.amazonaws.com/Assets/Isaac/5.1/Isaac/Sensors/Intel/RealSense) by extensions ['colcon_meta']
[0.126s] Level 1:colcon.colcon_core.package_identification:_identify(isaacpjt/M0609/Collected_m0609_camera/omniverse-content-production.s3-us-west-2.amazonaws.com/Assets/Isaac/5.1/Isaac/Sensors/Intel/RealSense) by extension 'colcon_meta'
[0.126s] Level 1:colcon.colcon_core.package_identification:_identify(isaacpjt/M0609/Collected_m0609_camera/omniverse-content-production.s3-us-west-2.amazonaws.com/Assets/Isaac/5.1/Isaac/Sensors/Intel/RealSense) by extensions ['ros']
[0.126s] Level 1:colcon.colcon_core.package_identification:_identify(isaacpjt/M0609/Collected_m0609_camera/omniverse-content-production.s3-us-west-2.amazonaws.com/Assets/Isaac/5.1/Isaac/Sensors/Intel/RealSense) by extension 'ros'
[0.126s] Level 1:colcon.colcon_core.package_identification:_identify(isaacpjt/M0609/Collected_m0609_camera/omniverse-content-production.s3-us-west-2.amazonaws.com/Assets/Isaac/5.1/Isaac/Sensors/Intel/RealSense) by extensions ['cmake', 'python']
[0.126s] Level 1:colcon.colcon_core.package_identification:_identify(isaacpjt/M0609/Collected_m0609_camera/omniverse-content-production.s3-us-west-2.amazonaws.com/Assets/Isaac/5.1/Isaac/Sensors/Intel/RealSense) by extension 'cmake'
[0.126s] Level 1:colcon.colcon_core.package_identification:_identify(isaacpjt/M0609/Collected_m0609_camera/omniverse-content-production.s3-us-west-2.amazonaws.com/Assets/Isaac/5.1/Isaac/Sensors/Intel/RealSense) by extension 'python'
[0.126s] Level 1:colcon.colcon_core.package_identification:_identify(isaacpjt/M0609/Collected_m0609_camera/omniverse-content-production.s3-us-west-2.amazonaws.com/Assets/Isaac/5.1/Isaac/Sensors/Intel/RealSense) by extensions ['python_setup_py']
[0.126s] Level 1:colcon.colcon_core.package_identification:_identify(isaacpjt/M0609/Collected_m0609_camera/omniverse-content-production.s3-us-west-2.amazonaws.com/Assets/Isaac/5.1/Isaac/Sensors/Intel/RealSense) by extension 'python_setup_py'
[0.126s] Level 1:colcon.colcon_core.package_identification:_identify(isaacpjt/M0609/Collected_m0609_camera/onrobot_rg2) by extensions ['ignore', 'ignore_ament_install']
[0.126s] Level 1:colcon.colcon_core.package_identification:_identify(isaacpjt/M0609/Collected_m0609_camera/onrobot_rg2) by extension 'ignore'
[0.126s] Level 1:colcon.colcon_core.package_identification:_identify(isaacpjt/M0609/Collected_m0609_camera/onrobot_rg2) by extension 'ignore_ament_install'
[0.126s] Level 1:colcon.colcon_core.package_identification:_identify(isaacpjt/M0609/Collected_m0609_camera/onrobot_rg2) by extensions ['colcon_pkg']
[0.126s] Level 1:colcon.colcon_core.package_identification:_identify(isaacpjt/M0609/Collected_m0609_camera/onrobot_rg2) by extension 'colcon_pkg'
[0.126s] Level 1:colcon.colcon_core.package_identification:_identify(isaacpjt/M0609/Collected_m0609_camera/onrobot_rg2) by extensions ['colcon_meta']
[0.126s] Level 1:colcon.colcon_core.package_identification:_identify(isaacpjt/M0609/Collected_m0609_camera/onrobot_rg2) by extension 'colcon_meta'
[0.126s] Level 1:colcon.colcon_core.package_identification:_identify(isaacpjt/M0609/Collected_m0609_camera/onrobot_rg2) by extensions ['ros']
[0.126s] Level 1:colcon.colcon_core.package_identification:_identify(isaacpjt/M0609/Collected_m0609_camera/onrobot_rg2) by extension 'ros'
[0.126s] Level 1:colcon.colcon_core.package_identification:_identify(isaacpjt/M0609/Collected_m0609_camera/onrobot_rg2) by extensions ['cmake', 'python']
[0.126s] Level 1:colcon.colcon_core.package_identification:_identify(isaacpjt/M0609/Collected_m0609_camera/onrobot_rg2) by extension 'cmake'
[0.126s] Level 1:colcon.colcon_core.package_identification:_identify(isaacpjt/M0609/Collected_m0609_camera/onrobot_rg2) by extension 'python'
[0.126s] Level 1:colcon.colcon_core.package_identification:_identify(isaacpjt/M0609/Collected_m0609_camera/onrobot_rg2) by extensions ['python_setup_py']
[0.126s] Level 1:colcon.colcon_core.package_identification:_identify(isaacpjt/M0609/Collected_m0609_camera/onrobot_rg2) by extension 'python_setup_py'
[0.126s] Level 1:colcon.colcon_core.package_identification:_identify(isaacpjt/M0609/Collected_m0609_camera/onrobot_rg2/urdf) by extensions ['ignore', 'ignore_ament_install']
[0.127s] Level 1:colcon.colcon_core.package_identification:_identify(isaacpjt/M0609/Collected_m0609_camera/onrobot_rg2/urdf) by extension 'ignore'
[0.127s] Level 1:colcon.colcon_core.package_identification:_identify(isaacpjt/M0609/Collected_m0609_camera/onrobot_rg2/urdf) by extension 'ignore_ament_install'
[0.127s] Level 1:colcon.colcon_core.package_identification:_identify(isaacpjt/M0609/Collected_m0609_camera/onrobot_rg2/urdf) by extensions ['colcon_pkg']
[0.127s] Level 1:colcon.colcon_core.package_identification:_identify(isaacpjt/M0609/Collected_m0609_camera/onrobot_rg2/urdf) by extension 'colcon_pkg'
[0.127s] Level 1:colcon.colcon_core.package_identification:_identify(isaacpjt/M0609/Collected_m0609_camera/onrobot_rg2/urdf) by extensions ['colcon_meta']
[0.127s] Level 1:colcon.colcon_core.package_identification:_identify(isaacpjt/M0609/Collected_m0609_camera/onrobot_rg2/urdf) by extension 'colcon_meta'
[0.127s] Level 1:colcon.colcon_core.package_identification:_identify(isaacpjt/M0609/Collected_m0609_camera/onrobot_rg2/urdf) by extensions ['ros']
[0.127s] Level 1:colcon.colcon_core.package_identification:_identify(isaacpjt/M0609/Collected_m0609_camera/onrobot_rg2/urdf) by extension 'ros'
[0.127s] Level 1:colcon.colcon_core.package_identification:_identify(isaacpjt/M0609/Collected_m0609_camera/onrobot_rg2/urdf) by extensions ['cmake', 'python']
[0.127s] Level 1:colcon.colcon_core.package_identification:_identify(isaacpjt/M0609/Collected_m0609_camera/onrobot_rg2/urdf) by extension 'cmake'
[0.127s] Level 1:colcon.colcon_core.package_identification:_identify(isaacpjt/M0609/Collected_m0609_camera/onrobot_rg2/urdf) by extension 'python'
[0.127s] Level 1:colcon.colcon_core.package_identification:_identify(isaacpjt/M0609/Collected_m0609_camera/onrobot_rg2/urdf) by extensions ['python_setup_py']
[0.127s] Level 1:colcon.colcon_core.package_identification:_identify(isaacpjt/M0609/Collected_m0609_camera/onrobot_rg2/urdf) by extension 'python_setup_py'
[0.127s] Level 1:colcon.colcon_core.package_identification:_identify(isaacpjt/M0609/Collected_m0609_camera/onrobot_rg2/urdf/onrobot_rg2) by extensions ['ignore', 'ignore_ament_install']
[0.127s] Level 1:colcon.colcon_core.package_identification:_identify(isaacpjt/M0609/Collected_m0609_camera/onrobot_rg2/urdf/onrobot_rg2) by extension 'ignore'
[0.127s] Level 1:colcon.colcon_core.package_identification:_identify(isaacpjt/M0609/Collected_m0609_camera/onrobot_rg2/urdf/onrobot_rg2) by extension 'ignore_ament_install'
[0.127s] Level 1:colcon.colcon_core.package_identification:_identify(isaacpjt/M0609/Collected_m0609_camera/onrobot_rg2/urdf/onrobot_rg2) by extensions ['colcon_pkg']
[0.127s] Level 1:colcon.colcon_core.package_identification:_identify(isaacpjt/M0609/Collected_m0609_camera/onrobot_rg2/urdf/onrobot_rg2) by extension 'colcon_pkg'
[0.127s] Level 1:colcon.colcon_core.package_identification:_identify(isaacpjt/M0609/Collected_m0609_camera/onrobot_rg2/urdf/onrobot_rg2) by extensions ['colcon_meta']
[0.127s] Level 1:colcon.colcon_core.package_identification:_identify(isaacpjt/M0609/Collected_m0609_camera/onrobot_rg2/urdf/onrobot_rg2) by extension 'colcon_meta'
[0.127s] Level 1:colcon.colcon_core.package_identification:_identify(isaacpjt/M0609/Collected_m0609_camera/onrobot_rg2/urdf/onrobot_rg2) by extensions ['ros']
[0.127s] Level 1:colcon.colcon_core.package_identification:_identify(isaacpjt/M0609/Collected_m0609_camera/onrobot_rg2/urdf/onrobot_rg2) by extension 'ros'
[0.127s] Level 1:colcon.colcon_core.package_identification:_identify(isaacpjt/M0609/Collected_m0609_camera/onrobot_rg2/urdf/onrobot_rg2) by extensions ['cmake', 'python']
[0.127s] Level 1:colcon.colcon_core.package_identification:_identify(isaacpjt/M0609/Collected_m0609_camera/onrobot_rg2/urdf/onrobot_rg2) by extension 'cmake'
[0.127s] Level 1:colcon.colcon_core.package_identification:_identify(isaacpjt/M0609/Collected_m0609_camera/onrobot_rg2/urdf/onrobot_rg2) by extension 'python'
[0.127s] Level 1:colcon.colcon_core.package_identification:_identify(isaacpjt/M0609/Collected_m0609_camera/onrobot_rg2/urdf/onrobot_rg2) by extensions ['python_setup_py']
[0.127s] Level 1:colcon.colcon_core.package_identification:_identify(isaacpjt/M0609/Collected_m0609_camera/onrobot_rg2/urdf/onrobot_rg2) by extension 'python_setup_py'
[0.127s] Level 1:colcon.colcon_core.package_identification:_identify(isaacpjt/M0609/Collected_m0609_camera/onrobot_rg2/urdf/onrobot_rg2/configuration) by extensions ['ignore', 'ignore_ament_install']
[0.127s] Level 1:colcon.colcon_core.package_identification:_identify(isaacpjt/M0609/Collected_m0609_camera/onrobot_rg2/urdf/onrobot_rg2/configuration) by extension 'ignore'
[0.127s] Level 1:colcon.colcon_core.package_identification:_identify(isaacpjt/M0609/Collected_m0609_camera/onrobot_rg2/urdf/onrobot_rg2/configuration) by extension 'ignore_ament_install'
[0.127s] Level 1:colcon.colcon_core.package_identification:_identify(isaacpjt/M0609/Collected_m0609_camera/onrobot_rg2/urdf/onrobot_rg2/configuration) by extensions ['colcon_pkg']
[0.127s] Level 1:colcon.colcon_core.package_identification:_identify(isaacpjt/M0609/Collected_m0609_camera/onrobot_rg2/urdf/onrobot_rg2/configuration) by extension 'colcon_pkg'
[0.127s] Level 1:colcon.colcon_core.package_identification:_identify(isaacpjt/M0609/Collected_m0609_camera/onrobot_rg2/urdf/onrobot_rg2/configuration) by extensions ['colcon_meta']
[0.127s] Level 1:colcon.colcon_core.package_identification:_identify(isaacpjt/M0609/Collected_m0609_camera/onrobot_rg2/urdf/onrobot_rg2/configuration) by extension 'colcon_meta'
[0.127s] Level 1:colcon.colcon_core.package_identification:_identify(isaacpjt/M0609/Collected_m0609_camera/onrobot_rg2/urdf/onrobot_rg2/configuration) by extensions ['ros']
[0.127s] Level 1:colcon.colcon_core.package_identification:_identify(isaacpjt/M0609/Collected_m0609_camera/onrobot_rg2/urdf/onrobot_rg2/configuration) by extension 'ros'
[0.127s] Level 1:colcon.colcon_core.package_identification:_identify(isaacpjt/M0609/Collected_m0609_camera/onrobot_rg2/urdf/onrobot_rg2/configuration) by extensions ['cmake', 'python']
[0.127s] Level 1:colcon.colcon_core.package_identification:_identify(isaacpjt/M0609/Collected_m0609_camera/onrobot_rg2/urdf/onrobot_rg2/configuration) by extension 'cmake'
[0.127s] Level 1:colcon.colcon_core.package_identification:_identify(isaacpjt/M0609/Collected_m0609_camera/onrobot_rg2/urdf/onrobot_rg2/configuration) by extension 'python'
[0.127s] Level 1:colcon.colcon_core.package_identification:_identify(isaacpjt/M0609/Collected_m0609_camera/onrobot_rg2/urdf/onrobot_rg2/configuration) by extensions ['python_setup_py']
[0.127s] Level 1:colcon.colcon_core.package_identification:_identify(isaacpjt/M0609/Collected_m0609_camera/onrobot_rg2/urdf/onrobot_rg2/configuration) by extension 'python_setup_py'
[0.127s] Level 1:colcon.colcon_core.package_identification:_identify(isaacpjt/M0609/Collected_m0609_gripper) by extensions ['ignore', 'ignore_ament_install']
[0.127s] Level 1:colcon.colcon_core.package_identification:_identify(isaacpjt/M0609/Collected_m0609_gripper) by extension 'ignore'
[0.127s] Level 1:colcon.colcon_core.package_identification:_identify(isaacpjt/M0609/Collected_m0609_gripper) by extension 'ignore_ament_install'
[0.127s] Level 1:colcon.colcon_core.package_identification:_identify(isaacpjt/M0609/Collected_m0609_gripper) by extensions ['colcon_pkg']
[0.127s] Level 1:colcon.colcon_core.package_identification:_identify(isaacpjt/M0609/Collected_m0609_gripper) by extension 'colcon_pkg'
[0.127s] Level 1:colcon.colcon_core.package_identification:_identify(isaacpjt/M0609/Collected_m0609_gripper) by extensions ['colcon_meta']
[0.127s] Level 1:colcon.colcon_core.package_identification:_identify(isaacpjt/M0609/Collected_m0609_gripper) by extension 'colcon_meta'
[0.127s] Level 1:colcon.colcon_core.package_identification:_identify(isaacpjt/M0609/Collected_m0609_gripper) by extensions ['ros']
[0.127s] Level 1:colcon.colcon_core.package_identification:_identify(isaacpjt/M0609/Collected_m0609_gripper) by extension 'ros'
[0.127s] Level 1:colcon.colcon_core.package_identification:_identify(isaacpjt/M0609/Collected_m0609_gripper) by extensions ['cmake', 'python']
[0.127s] Level 1:colcon.colcon_core.package_identification:_identify(isaacpjt/M0609/Collected_m0609_gripper) by extension 'cmake'
[0.127s] Level 1:colcon.colcon_core.package_identification:_identify(isaacpjt/M0609/Collected_m0609_gripper) by extension 'python'
[0.127s] Level 1:colcon.colcon_core.package_identification:_identify(isaacpjt/M0609/Collected_m0609_gripper) by extensions ['python_setup_py']
[0.127s] Level 1:colcon.colcon_core.package_identification:_identify(isaacpjt/M0609/Collected_m0609_gripper) by extension 'python_setup_py'
[0.127s] Level 1:colcon.colcon_core.package_identification:_identify(isaacpjt/M0609/Collected_m0609_gripper/Collected_m0609_gripper) by extensions ['ignore', 'ignore_ament_install']
[0.127s] Level 1:colcon.colcon_core.package_identification:_identify(isaacpjt/M0609/Collected_m0609_gripper/Collected_m0609_gripper) by extension 'ignore'
[0.127s] Level 1:colcon.colcon_core.package_identification:_identify(isaacpjt/M0609/Collected_m0609_gripper/Collected_m0609_gripper) by extension 'ignore_ament_install'
[0.127s] Level 1:colcon.colcon_core.package_identification:_identify(isaacpjt/M0609/Collected_m0609_gripper/Collected_m0609_gripper) by extensions ['colcon_pkg']
[0.128s] Level 1:colcon.colcon_core.package_identification:_identify(isaacpjt/M0609/Collected_m0609_gripper/Collected_m0609_gripper) by extension 'colcon_pkg'
[0.128s] Level 1:colcon.colcon_core.package_identification:_identify(isaacpjt/M0609/Collected_m0609_gripper/Collected_m0609_gripper) by extensions ['colcon_meta']
[0.128s] Level 1:colcon.colcon_core.package_identification:_identify(isaacpjt/M0609/Collected_m0609_gripper/Collected_m0609_gripper) by extension 'colcon_meta'
[0.128s] Level 1:colcon.colcon_core.package_identification:_identify(isaacpjt/M0609/Collected_m0609_gripper/Collected_m0609_gripper) by extensions ['ros']
[0.128s] Level 1:colcon.colcon_core.package_identification:_identify(isaacpjt/M0609/Collected_m0609_gripper/Collected_m0609_gripper) by extension 'ros'
[0.128s] Level 1:colcon.colcon_core.package_identification:_identify(isaacpjt/M0609/Collected_m0609_gripper/Collected_m0609_gripper) by extensions ['cmake', 'python']
[0.128s] Level 1:colcon.colcon_core.package_identification:_identify(isaacpjt/M0609/Collected_m0609_gripper/Collected_m0609_gripper) by extension 'cmake'
[0.128s] Level 1:colcon.colcon_core.package_identification:_identify(isaacpjt/M0609/Collected_m0609_gripper/Collected_m0609_gripper) by extension 'python'
[0.128s] Level 1:colcon.colcon_core.package_identification:_identify(isaacpjt/M0609/Collected_m0609_gripper/Collected_m0609_gripper) by extensions ['python_setup_py']
[0.128s] Level 1:colcon.colcon_core.package_identification:_identify(isaacpjt/M0609/Collected_m0609_gripper/Collected_m0609_gripper) by extension 'python_setup_py'
[0.128s] Level 1:colcon.colcon_core.package_identification:_identify(isaacpjt/M0609/Collected_m0609_gripper/Collected_m0609_gripper/doosan-robot2) by extensions ['ignore', 'ignore_ament_install']
[0.128s] Level 1:colcon.colcon_core.package_identification:_identify(isaacpjt/M0609/Collected_m0609_gripper/Collected_m0609_gripper/doosan-robot2) by extension 'ignore'
[0.128s] Level 1:colcon.colcon_core.package_identification:_identify(isaacpjt/M0609/Collected_m0609_gripper/Collected_m0609_gripper/doosan-robot2) by extension 'ignore_ament_install'
[0.128s] Level 1:colcon.colcon_core.package_identification:_identify(isaacpjt/M0609/Collected_m0609_gripper/Collected_m0609_gripper/doosan-robot2) by extensions ['colcon_pkg']
[0.128s] Level 1:colcon.colcon_core.package_identification:_identify(isaacpjt/M0609/Collected_m0609_gripper/Collected_m0609_gripper/doosan-robot2) by extension 'colcon_pkg'
[0.128s] Level 1:colcon.colcon_core.package_identification:_identify(isaacpjt/M0609/Collected_m0609_gripper/Collected_m0609_gripper/doosan-robot2) by extensions ['colcon_meta']
[0.128s] Level 1:colcon.colcon_core.package_identification:_identify(isaacpjt/M0609/Collected_m0609_gripper/Collected_m0609_gripper/doosan-robot2) by extension 'colcon_meta'
[0.128s] Level 1:colcon.colcon_core.package_identification:_identify(isaacpjt/M0609/Collected_m0609_gripper/Collected_m0609_gripper/doosan-robot2) by extensions ['ros']
[0.128s] Level 1:colcon.colcon_core.package_identification:_identify(isaacpjt/M0609/Collected_m0609_gripper/Collected_m0609_gripper/doosan-robot2) by extension 'ros'
[0.128s] Level 1:colcon.colcon_core.package_identification:_identify(isaacpjt/M0609/Collected_m0609_gripper/Collected_m0609_gripper/doosan-robot2) by extensions ['cmake', 'python']
[0.128s] Level 1:colcon.colcon_core.package_identification:_identify(isaacpjt/M0609/Collected_m0609_gripper/Collected_m0609_gripper/doosan-robot2) by extension 'cmake'
[0.128s] Level 1:colcon.colcon_core.package_identification:_identify(isaacpjt/M0609/Collected_m0609_gripper/Collected_m0609_gripper/doosan-robot2) by extension 'python'
[0.128s] Level 1:colcon.colcon_core.package_identification:_identify(isaacpjt/M0609/Collected_m0609_gripper/Collected_m0609_gripper/doosan-robot2) by extensions ['python_setup_py']
[0.128s] Level 1:colcon.colcon_core.package_identification:_identify(isaacpjt/M0609/Collected_m0609_gripper/Collected_m0609_gripper/doosan-robot2) by extension 'python_setup_py'
[0.128s] Level 1:colcon.colcon_core.package_identification:_identify(isaacpjt/M0609/Collected_m0609_gripper/Collected_m0609_gripper/doosan-robot2/urdf) by extensions ['ignore', 'ignore_ament_install']
[0.128s] Level 1:colcon.colcon_core.package_identification:_identify(isaacpjt/M0609/Collected_m0609_gripper/Collected_m0609_gripper/doosan-robot2/urdf) by extension 'ignore'
[0.128s] Level 1:colcon.colcon_core.package_identification:_identify(isaacpjt/M0609/Collected_m0609_gripper/Collected_m0609_gripper/doosan-robot2/urdf) by extension 'ignore_ament_install'
[0.128s] Level 1:colcon.colcon_core.package_identification:_identify(isaacpjt/M0609/Collected_m0609_gripper/Collected_m0609_gripper/doosan-robot2/urdf) by extensions ['colcon_pkg']
[0.128s] Level 1:colcon.colcon_core.package_identification:_identify(isaacpjt/M0609/Collected_m0609_gripper/Collected_m0609_gripper/doosan-robot2/urdf) by extension 'colcon_pkg'
[0.128s] Level 1:colcon.colcon_core.package_identification:_identify(isaacpjt/M0609/Collected_m0609_gripper/Collected_m0609_gripper/doosan-robot2/urdf) by extensions ['colcon_meta']
[0.128s] Level 1:colcon.colcon_core.package_identification:_identify(isaacpjt/M0609/Collected_m0609_gripper/Collected_m0609_gripper/doosan-robot2/urdf) by extension 'colcon_meta'
[0.128s] Level 1:colcon.colcon_core.package_identification:_identify(isaacpjt/M0609/Collected_m0609_gripper/Collected_m0609_gripper/doosan-robot2/urdf) by extensions ['ros']
[0.128s] Level 1:colcon.colcon_core.package_identification:_identify(isaacpjt/M0609/Collected_m0609_gripper/Collected_m0609_gripper/doosan-robot2/urdf) by extension 'ros'
[0.128s] Level 1:colcon.colcon_core.package_identification:_identify(isaacpjt/M0609/Collected_m0609_gripper/Collected_m0609_gripper/doosan-robot2/urdf) by extensions ['cmake', 'python']
[0.128s] Level 1:colcon.colcon_core.package_identification:_identify(isaacpjt/M0609/Collected_m0609_gripper/Collected_m0609_gripper/doosan-robot2/urdf) by extension 'cmake'
[0.128s] Level 1:colcon.colcon_core.package_identification:_identify(isaacpjt/M0609/Collected_m0609_gripper/Collected_m0609_gripper/doosan-robot2/urdf) by extension 'python'
[0.128s] Level 1:colcon.colcon_core.package_identification:_identify(isaacpjt/M0609/Collected_m0609_gripper/Collected_m0609_gripper/doosan-robot2/urdf) by extensions ['python_setup_py']
[0.128s] Level 1:colcon.colcon_core.package_identification:_identify(isaacpjt/M0609/Collected_m0609_gripper/Collected_m0609_gripper/doosan-robot2/urdf) by extension 'python_setup_py'
[0.128s] Level 1:colcon.colcon_core.package_identification:_identify(isaacpjt/M0609/Collected_m0609_gripper/Collected_m0609_gripper/doosan-robot2/urdf/m0609_isaac_sim) by extensions ['ignore', 'ignore_ament_install']
[0.128s] Level 1:colcon.colcon_core.package_identification:_identify(isaacpjt/M0609/Collected_m0609_gripper/Collected_m0609_gripper/doosan-robot2/urdf/m0609_isaac_sim) by extension 'ignore'
[0.128s] Level 1:colcon.colcon_core.package_identification:_identify(isaacpjt/M0609/Collected_m0609_gripper/Collected_m0609_gripper/doosan-robot2/urdf/m0609_isaac_sim) by extension 'ignore_ament_install'
[0.128s] Level 1:colcon.colcon_core.package_identification:_identify(isaacpjt/M0609/Collected_m0609_gripper/Collected_m0609_gripper/doosan-robot2/urdf/m0609_isaac_sim) by extensions ['colcon_pkg']
[0.128s] Level 1:colcon.colcon_core.package_identification:_identify(isaacpjt/M0609/Collected_m0609_gripper/Collected_m0609_gripper/doosan-robot2/urdf/m0609_isaac_sim) by extension 'colcon_pkg'
[0.128s] Level 1:colcon.colcon_core.package_identification:_identify(isaacpjt/M0609/Collected_m0609_gripper/Collected_m0609_gripper/doosan-robot2/urdf/m0609_isaac_sim) by extensions ['colcon_meta']
[0.128s] Level 1:colcon.colcon_core.package_identification:_identify(isaacpjt/M0609/Collected_m0609_gripper/Collected_m0609_gripper/doosan-robot2/urdf/m0609_isaac_sim) by extension 'colcon_meta'
[0.128s] Level 1:colcon.colcon_core.package_identification:_identify(isaacpjt/M0609/Collected_m0609_gripper/Collected_m0609_gripper/doosan-robot2/urdf/m0609_isaac_sim) by extensions ['ros']
[0.128s] Level 1:colcon.colcon_core.package_identification:_identify(isaacpjt/M0609/Collected_m0609_gripper/Collected_m0609_gripper/doosan-robot2/urdf/m0609_isaac_sim) by extension 'ros'
[0.128s] Level 1:colcon.colcon_core.package_identification:_identify(isaacpjt/M0609/Collected_m0609_gripper/Collected_m0609_gripper/doosan-robot2/urdf/m0609_isaac_sim) by extensions ['cmake', 'python']
[0.128s] Level 1:colcon.colcon_core.package_identification:_identify(isaacpjt/M0609/Collected_m0609_gripper/Collected_m0609_gripper/doosan-robot2/urdf/m0609_isaac_sim) by extension 'cmake'
[0.128s] Level 1:colcon.colcon_core.package_identification:_identify(isaacpjt/M0609/Collected_m0609_gripper/Collected_m0609_gripper/doosan-robot2/urdf/m0609_isaac_sim) by extension 'python'
[0.128s] Level 1:colcon.colcon_core.package_identification:_identify(isaacpjt/M0609/Collected_m0609_gripper/Collected_m0609_gripper/doosan-robot2/urdf/m0609_isaac_sim) by extensions ['python_setup_py']
[0.128s] Level 1:colcon.colcon_core.package_identification:_identify(isaacpjt/M0609/Collected_m0609_gripper/Collected_m0609_gripper/doosan-robot2/urdf/m0609_isaac_sim) by extension 'python_setup_py'
[0.128s] Level 1:colcon.colcon_core.package_identification:_identify(isaacpjt/M0609/Collected_m0609_gripper/Collected_m0609_gripper/doosan-robot2/urdf/m0609_isaac_sim/configuration) by extensions ['ignore', 'ignore_ament_install']
[0.128s] Level 1:colcon.colcon_core.package_identification:_identify(isaacpjt/M0609/Collected_m0609_gripper/Collected_m0609_gripper/doosan-robot2/urdf/m0609_isaac_sim/configuration) by extension 'ignore'
[0.129s] Level 1:colcon.colcon_core.package_identification:_identify(isaacpjt/M0609/Collected_m0609_gripper/Collected_m0609_gripper/doosan-robot2/urdf/m0609_isaac_sim/configuration) by extension 'ignore_ament_install'
[0.129s] Level 1:colcon.colcon_core.package_identification:_identify(isaacpjt/M0609/Collected_m0609_gripper/Collected_m0609_gripper/doosan-robot2/urdf/m0609_isaac_sim/configuration) by extensions ['colcon_pkg']
[0.129s] Level 1:colcon.colcon_core.package_identification:_identify(isaacpjt/M0609/Collected_m0609_gripper/Collected_m0609_gripper/doosan-robot2/urdf/m0609_isaac_sim/configuration) by extension 'colcon_pkg'
[0.129s] Level 1:colcon.colcon_core.package_identification:_identify(isaacpjt/M0609/Collected_m0609_gripper/Collected_m0609_gripper/doosan-robot2/urdf/m0609_isaac_sim/configuration) by extensions ['colcon_meta']
[0.129s] Level 1:colcon.colcon_core.package_identification:_identify(isaacpjt/M0609/Collected_m0609_gripper/Collected_m0609_gripper/doosan-robot2/urdf/m0609_isaac_sim/configuration) by extension 'colcon_meta'
[0.129s] Level 1:colcon.colcon_core.package_identification:_identify(isaacpjt/M0609/Collected_m0609_gripper/Collected_m0609_gripper/doosan-robot2/urdf/m0609_isaac_sim/configuration) by extensions ['ros']
[0.129s] Level 1:colcon.colcon_core.package_identification:_identify(isaacpjt/M0609/Collected_m0609_gripper/Collected_m0609_gripper/doosan-robot2/urdf/m0609_isaac_sim/configuration) by extension 'ros'
[0.129s] Level 1:colcon.colcon_core.package_identification:_identify(isaacpjt/M0609/Collected_m0609_gripper/Collected_m0609_gripper/doosan-robot2/urdf/m0609_isaac_sim/configuration) by extensions ['cmake', 'python']
[0.129s] Level 1:colcon.colcon_core.package_identification:_identify(isaacpjt/M0609/Collected_m0609_gripper/Collected_m0609_gripper/doosan-robot2/urdf/m0609_isaac_sim/configuration) by extension 'cmake'
[0.129s] Level 1:colcon.colcon_core.package_identification:_identify(isaacpjt/M0609/Collected_m0609_gripper/Collected_m0609_gripper/doosan-robot2/urdf/m0609_isaac_sim/configuration) by extension 'python'
[0.129s] Level 1:colcon.colcon_core.package_identification:_identify(isaacpjt/M0609/Collected_m0609_gripper/Collected_m0609_gripper/doosan-robot2/urdf/m0609_isaac_sim/configuration) by extensions ['python_setup_py']
[0.129s] Level 1:colcon.colcon_core.package_identification:_identify(isaacpjt/M0609/Collected_m0609_gripper/Collected_m0609_gripper/doosan-robot2/urdf/m0609_isaac_sim/configuration) by extension 'python_setup_py'
[0.129s] Level 1:colcon.colcon_core.package_identification:_identify(isaacpjt/M0609/Collected_m0609_gripper/Collected_m0609_gripper/onrobot_rg2) by extensions ['ignore', 'ignore_ament_install']
[0.129s] Level 1:colcon.colcon_core.package_identification:_identify(isaacpjt/M0609/Collected_m0609_gripper/Collected_m0609_gripper/onrobot_rg2) by extension 'ignore'
[0.129s] Level 1:colcon.colcon_core.package_identification:_identify(isaacpjt/M0609/Collected_m0609_gripper/Collected_m0609_gripper/onrobot_rg2) by extension 'ignore_ament_install'
[0.129s] Level 1:colcon.colcon_core.package_identification:_identify(isaacpjt/M0609/Collected_m0609_gripper/Collected_m0609_gripper/onrobot_rg2) by extensions ['colcon_pkg']
[0.129s] Level 1:colcon.colcon_core.package_identification:_identify(isaacpjt/M0609/Collected_m0609_gripper/Collected_m0609_gripper/onrobot_rg2) by extension 'colcon_pkg'
[0.129s] Level 1:colcon.colcon_core.package_identification:_identify(isaacpjt/M0609/Collected_m0609_gripper/Collected_m0609_gripper/onrobot_rg2) by extensions ['colcon_meta']
[0.129s] Level 1:colcon.colcon_core.package_identification:_identify(isaacpjt/M0609/Collected_m0609_gripper/Collected_m0609_gripper/onrobot_rg2) by extension 'colcon_meta'
[0.129s] Level 1:colcon.colcon_core.package_identification:_identify(isaacpjt/M0609/Collected_m0609_gripper/Collected_m0609_gripper/onrobot_rg2) by extensions ['ros']
[0.129s] Level 1:colcon.colcon_core.package_identification:_identify(isaacpjt/M0609/Collected_m0609_gripper/Collected_m0609_gripper/onrobot_rg2) by extension 'ros'
[0.129s] Level 1:colcon.colcon_core.package_identification:_identify(isaacpjt/M0609/Collected_m0609_gripper/Collected_m0609_gripper/onrobot_rg2) by extensions ['cmake', 'python']
[0.129s] Level 1:colcon.colcon_core.package_identification:_identify(isaacpjt/M0609/Collected_m0609_gripper/Collected_m0609_gripper/onrobot_rg2) by extension 'cmake'
[0.129s] Level 1:colcon.colcon_core.package_identification:_identify(isaacpjt/M0609/Collected_m0609_gripper/Collected_m0609_gripper/onrobot_rg2) by extension 'python'
[0.129s] Level 1:colcon.colcon_core.package_identification:_identify(isaacpjt/M0609/Collected_m0609_gripper/Collected_m0609_gripper/onrobot_rg2) by extensions ['python_setup_py']
[0.129s] Level 1:colcon.colcon_core.package_identification:_identify(isaacpjt/M0609/Collected_m0609_gripper/Collected_m0609_gripper/onrobot_rg2) by extension 'python_setup_py'
[0.129s] Level 1:colcon.colcon_core.package_identification:_identify(isaacpjt/M0609/Collected_m0609_gripper/Collected_m0609_gripper/onrobot_rg2/urdf) by extensions ['ignore', 'ignore_ament_install']
[0.129s] Level 1:colcon.colcon_core.package_identification:_identify(isaacpjt/M0609/Collected_m0609_gripper/Collected_m0609_gripper/onrobot_rg2/urdf) by extension 'ignore'
[0.129s] Level 1:colcon.colcon_core.package_identification:_identify(isaacpjt/M0609/Collected_m0609_gripper/Collected_m0609_gripper/onrobot_rg2/urdf) by extension 'ignore_ament_install'
[0.129s] Level 1:colcon.colcon_core.package_identification:_identify(isaacpjt/M0609/Collected_m0609_gripper/Collected_m0609_gripper/onrobot_rg2/urdf) by extensions ['colcon_pkg']
[0.129s] Level 1:colcon.colcon_core.package_identification:_identify(isaacpjt/M0609/Collected_m0609_gripper/Collected_m0609_gripper/onrobot_rg2/urdf) by extension 'colcon_pkg'
[0.129s] Level 1:colcon.colcon_core.package_identification:_identify(isaacpjt/M0609/Collected_m0609_gripper/Collected_m0609_gripper/onrobot_rg2/urdf) by extensions ['colcon_meta']
[0.129s] Level 1:colcon.colcon_core.package_identification:_identify(isaacpjt/M0609/Collected_m0609_gripper/Collected_m0609_gripper/onrobot_rg2/urdf) by extension 'colcon_meta'
[0.129s] Level 1:colcon.colcon_core.package_identification:_identify(isaacpjt/M0609/Collected_m0609_gripper/Collected_m0609_gripper/onrobot_rg2/urdf) by extensions ['ros']
[0.129s] Level 1:colcon.colcon_core.package_identification:_identify(isaacpjt/M0609/Collected_m0609_gripper/Collected_m0609_gripper/onrobot_rg2/urdf) by extension 'ros'
[0.129s] Level 1:colcon.colcon_core.package_identification:_identify(isaacpjt/M0609/Collected_m0609_gripper/Collected_m0609_gripper/onrobot_rg2/urdf) by extensions ['cmake', 'python']
[0.129s] Level 1:colcon.colcon_core.package_identification:_identify(isaacpjt/M0609/Collected_m0609_gripper/Collected_m0609_gripper/onrobot_rg2/urdf) by extension 'cmake'
[0.129s] Level 1:colcon.colcon_core.package_identification:_identify(isaacpjt/M0609/Collected_m0609_gripper/Collected_m0609_gripper/onrobot_rg2/urdf) by extension 'python'
[0.129s] Level 1:colcon.colcon_core.package_identification:_identify(isaacpjt/M0609/Collected_m0609_gripper/Collected_m0609_gripper/onrobot_rg2/urdf) by extensions ['python_setup_py']
[0.129s] Level 1:colcon.colcon_core.package_identification:_identify(isaacpjt/M0609/Collected_m0609_gripper/Collected_m0609_gripper/onrobot_rg2/urdf) by extension 'python_setup_py'
[0.129s] Level 1:colcon.colcon_core.package_identification:_identify(isaacpjt/M0609/Collected_m0609_gripper/Collected_m0609_gripper/onrobot_rg2/urdf/onrobot_rg2) by extensions ['ignore', 'ignore_ament_install']
[0.129s] Level 1:colcon.colcon_core.package_identification:_identify(isaacpjt/M0609/Collected_m0609_gripper/Collected_m0609_gripper/onrobot_rg2/urdf/onrobot_rg2) by extension 'ignore'
[0.129s] Level 1:colcon.colcon_core.package_identification:_identify(isaacpjt/M0609/Collected_m0609_gripper/Collected_m0609_gripper/onrobot_rg2/urdf/onrobot_rg2) by extension 'ignore_ament_install'
[0.129s] Level 1:colcon.colcon_core.package_identification:_identify(isaacpjt/M0609/Collected_m0609_gripper/Collected_m0609_gripper/onrobot_rg2/urdf/onrobot_rg2) by extensions ['colcon_pkg']
[0.129s] Level 1:colcon.colcon_core.package_identification:_identify(isaacpjt/M0609/Collected_m0609_gripper/Collected_m0609_gripper/onrobot_rg2/urdf/onrobot_rg2) by extension 'colcon_pkg'
[0.129s] Level 1:colcon.colcon_core.package_identification:_identify(isaacpjt/M0609/Collected_m0609_gripper/Collected_m0609_gripper/onrobot_rg2/urdf/onrobot_rg2) by extensions ['colcon_meta']
[0.129s] Level 1:colcon.colcon_core.package_identification:_identify(isaacpjt/M0609/Collected_m0609_gripper/Collected_m0609_gripper/onrobot_rg2/urdf/onrobot_rg2) by extension 'colcon_meta'
[0.129s] Level 1:colcon.colcon_core.package_identification:_identify(isaacpjt/M0609/Collected_m0609_gripper/Collected_m0609_gripper/onrobot_rg2/urdf/onrobot_rg2) by extensions ['ros']
[0.129s] Level 1:colcon.colcon_core.package_identification:_identify(isaacpjt/M0609/Collected_m0609_gripper/Collected_m0609_gripper/onrobot_rg2/urdf/onrobot_rg2) by extension 'ros'
[0.129s] Level 1:colcon.colcon_core.package_identification:_identify(isaacpjt/M0609/Collected_m0609_gripper/Collected_m0609_gripper/onrobot_rg2/urdf/onrobot_rg2) by extensions ['cmake', 'python']
[0.129s] Level 1:colcon.colcon_core.package_identification:_identify(isaacpjt/M0609/Collected_m0609_gripper/Collected_m0609_gripper/onrobot_rg2/urdf/onrobot_rg2) by extension 'cmake'
[0.129s] Level 1:colcon.colcon_core.package_identification:_identify(isaacpjt/M0609/Collected_m0609_gripper/Collected_m0609_gripper/onrobot_rg2/urdf/onrobot_rg2) by extension 'python'
[0.129s] Level 1:colcon.colcon_core.package_identification:_identify(isaacpjt/M0609/Collected_m0609_gripper/Collected_m0609_gripper/onrobot_rg2/urdf/onrobot_rg2) by extensions ['python_setup_py']
[0.129s] Level 1:colcon.colcon_core.package_identification:_identify(isaacpjt/M0609/Collected_m0609_gripper/Collected_m0609_gripper/onrobot_rg2/urdf/onrobot_rg2) by extension 'python_setup_py'
[0.129s] Level 1:colcon.colcon_core.package_identification:_identify(isaacpjt/M0609/Collected_m0609_gripper/Collected_m0609_gripper/onrobot_rg2/urdf/onrobot_rg2/configuration) by extensions ['ignore', 'ignore_ament_install']
[0.129s] Level 1:colcon.colcon_core.package_identification:_identify(isaacpjt/M0609/Collected_m0609_gripper/Collected_m0609_gripper/onrobot_rg2/urdf/onrobot_rg2/configuration) by extension 'ignore'
[0.129s] Level 1:colcon.colcon_core.package_identification:_identify(isaacpjt/M0609/Collected_m0609_gripper/Collected_m0609_gripper/onrobot_rg2/urdf/onrobot_rg2/configuration) by extension 'ignore_ament_install'
[0.129s] Level 1:colcon.colcon_core.package_identification:_identify(isaacpjt/M0609/Collected_m0609_gripper/Collected_m0609_gripper/onrobot_rg2/urdf/onrobot_rg2/configuration) by extensions ['colcon_pkg']
[0.129s] Level 1:colcon.colcon_core.package_identification:_identify(isaacpjt/M0609/Collected_m0609_gripper/Collected_m0609_gripper/onrobot_rg2/urdf/onrobot_rg2/configuration) by extension 'colcon_pkg'
[0.130s] Level 1:colcon.colcon_core.package_identification:_identify(isaacpjt/M0609/Collected_m0609_gripper/Collected_m0609_gripper/onrobot_rg2/urdf/onrobot_rg2/configuration) by extensions ['colcon_meta']
[0.130s] Level 1:colcon.colcon_core.package_identification:_identify(isaacpjt/M0609/Collected_m0609_gripper/Collected_m0609_gripper/onrobot_rg2/urdf/onrobot_rg2/configuration) by extension 'colcon_meta'
[0.130s] Level 1:colcon.colcon_core.package_identification:_identify(isaacpjt/M0609/Collected_m0609_gripper/Collected_m0609_gripper/onrobot_rg2/urdf/onrobot_rg2/configuration) by extensions ['ros']
[0.130s] Level 1:colcon.colcon_core.package_identification:_identify(isaacpjt/M0609/Collected_m0609_gripper/Collected_m0609_gripper/onrobot_rg2/urdf/onrobot_rg2/configuration) by extension 'ros'
[0.130s] Level 1:colcon.colcon_core.package_identification:_identify(isaacpjt/M0609/Collected_m0609_gripper/Collected_m0609_gripper/onrobot_rg2/urdf/onrobot_rg2/configuration) by extensions ['cmake', 'python']
[0.130s] Level 1:colcon.colcon_core.package_identification:_identify(isaacpjt/M0609/Collected_m0609_gripper/Collected_m0609_gripper/onrobot_rg2/urdf/onrobot_rg2/configuration) by extension 'cmake'
[0.130s] Level 1:colcon.colcon_core.package_identification:_identify(isaacpjt/M0609/Collected_m0609_gripper/Collected_m0609_gripper/onrobot_rg2/urdf/onrobot_rg2/configuration) by extension 'python'
[0.130s] Level 1:colcon.colcon_core.package_identification:_identify(isaacpjt/M0609/Collected_m0609_gripper/Collected_m0609_gripper/onrobot_rg2/urdf/onrobot_rg2/configuration) by extensions ['python_setup_py']
[0.130s] Level 1:colcon.colcon_core.package_identification:_identify(isaacpjt/M0609/Collected_m0609_gripper/Collected_m0609_gripper/onrobot_rg2/urdf/onrobot_rg2/configuration) by extension 'python_setup_py'
[0.130s] Level 1:colcon.colcon_core.package_identification:_identify(isaacpjt/M0609/__pycache__) by extensions ['ignore', 'ignore_ament_install']
[0.130s] Level 1:colcon.colcon_core.package_identification:_identify(isaacpjt/M0609/__pycache__) by extension 'ignore'
[0.130s] Level 1:colcon.colcon_core.package_identification:_identify(isaacpjt/M0609/__pycache__) by extension 'ignore_ament_install'
[0.130s] Level 1:colcon.colcon_core.package_identification:_identify(isaacpjt/M0609/__pycache__) by extensions ['colcon_pkg']
[0.130s] Level 1:colcon.colcon_core.package_identification:_identify(isaacpjt/M0609/__pycache__) by extension 'colcon_pkg'
[0.130s] Level 1:colcon.colcon_core.package_identification:_identify(isaacpjt/M0609/__pycache__) by extensions ['colcon_meta']
[0.130s] Level 1:colcon.colcon_core.package_identification:_identify(isaacpjt/M0609/__pycache__) by extension 'colcon_meta'
[0.130s] Level 1:colcon.colcon_core.package_identification:_identify(isaacpjt/M0609/__pycache__) by extensions ['ros']
[0.130s] Level 1:colcon.colcon_core.package_identification:_identify(isaacpjt/M0609/__pycache__) by extension 'ros'
[0.130s] Level 1:colcon.colcon_core.package_identification:_identify(isaacpjt/M0609/__pycache__) by extensions ['cmake', 'python']
[0.130s] Level 1:colcon.colcon_core.package_identification:_identify(isaacpjt/M0609/__pycache__) by extension 'cmake'
[0.130s] Level 1:colcon.colcon_core.package_identification:_identify(isaacpjt/M0609/__pycache__) by extension 'python'
[0.130s] Level 1:colcon.colcon_core.package_identification:_identify(isaacpjt/M0609/__pycache__) by extensions ['python_setup_py']
[0.130s] Level 1:colcon.colcon_core.package_identification:_identify(isaacpjt/M0609/__pycache__) by extension 'python_setup_py'
[0.130s] Level 1:colcon.colcon_core.package_identification:_identify(isaacpjt/M0609/doosan-robot2) by extensions ['ignore', 'ignore_ament_install']
[0.130s] Level 1:colcon.colcon_core.package_identification:_identify(isaacpjt/M0609/doosan-robot2) by extension 'ignore'
[0.130s] Level 1:colcon.colcon_core.package_identification:_identify(isaacpjt/M0609/doosan-robot2) by extension 'ignore_ament_install'
[0.130s] Level 1:colcon.colcon_core.package_identification:_identify(isaacpjt/M0609/doosan-robot2) by extensions ['colcon_pkg']
[0.130s] Level 1:colcon.colcon_core.package_identification:_identify(isaacpjt/M0609/doosan-robot2) by extension 'colcon_pkg'
[0.130s] Level 1:colcon.colcon_core.package_identification:_identify(isaacpjt/M0609/doosan-robot2) by extensions ['colcon_meta']
[0.130s] Level 1:colcon.colcon_core.package_identification:_identify(isaacpjt/M0609/doosan-robot2) by extension 'colcon_meta'
[0.130s] Level 1:colcon.colcon_core.package_identification:_identify(isaacpjt/M0609/doosan-robot2) by extensions ['ros']
[0.130s] Level 1:colcon.colcon_core.package_identification:_identify(isaacpjt/M0609/doosan-robot2) by extension 'ros'
[0.130s] Level 1:colcon.colcon_core.package_identification:_identify(isaacpjt/M0609/doosan-robot2) by extensions ['cmake', 'python']
[0.130s] Level 1:colcon.colcon_core.package_identification:_identify(isaacpjt/M0609/doosan-robot2) by extension 'cmake'
[0.130s] Level 1:colcon.colcon_core.package_identification:_identify(isaacpjt/M0609/doosan-robot2) by extension 'python'
[0.130s] Level 1:colcon.colcon_core.package_identification:_identify(isaacpjt/M0609/doosan-robot2) by extensions ['python_setup_py']
[0.130s] Level 1:colcon.colcon_core.package_identification:_identify(isaacpjt/M0609/doosan-robot2) by extension 'python_setup_py'
[0.130s] Level 1:colcon.colcon_core.package_identification:_identify(isaacpjt/M0609/doosan-robot2/urdf) by extensions ['ignore', 'ignore_ament_install']
[0.130s] Level 1:colcon.colcon_core.package_identification:_identify(isaacpjt/M0609/doosan-robot2/urdf) by extension 'ignore'
[0.130s] Level 1:colcon.colcon_core.package_identification:_identify(isaacpjt/M0609/doosan-robot2/urdf) by extension 'ignore_ament_install'
[0.130s] Level 1:colcon.colcon_core.package_identification:_identify(isaacpjt/M0609/doosan-robot2/urdf) by extensions ['colcon_pkg']
[0.130s] Level 1:colcon.colcon_core.package_identification:_identify(isaacpjt/M0609/doosan-robot2/urdf) by extension 'colcon_pkg'
[0.130s] Level 1:colcon.colcon_core.package_identification:_identify(isaacpjt/M0609/doosan-robot2/urdf) by extensions ['colcon_meta']
[0.130s] Level 1:colcon.colcon_core.package_identification:_identify(isaacpjt/M0609/doosan-robot2/urdf) by extension 'colcon_meta'
[0.130s] Level 1:colcon.colcon_core.package_identification:_identify(isaacpjt/M0609/doosan-robot2/urdf) by extensions ['ros']
[0.130s] Level 1:colcon.colcon_core.package_identification:_identify(isaacpjt/M0609/doosan-robot2/urdf) by extension 'ros'
[0.130s] Level 1:colcon.colcon_core.package_identification:_identify(isaacpjt/M0609/doosan-robot2/urdf) by extensions ['cmake', 'python']
[0.130s] Level 1:colcon.colcon_core.package_identification:_identify(isaacpjt/M0609/doosan-robot2/urdf) by extension 'cmake'
[0.130s] Level 1:colcon.colcon_core.package_identification:_identify(isaacpjt/M0609/doosan-robot2/urdf) by extension 'python'
[0.130s] Level 1:colcon.colcon_core.package_identification:_identify(isaacpjt/M0609/doosan-robot2/urdf) by extensions ['python_setup_py']
[0.130s] Level 1:colcon.colcon_core.package_identification:_identify(isaacpjt/M0609/doosan-robot2/urdf) by extension 'python_setup_py'
[0.130s] Level 1:colcon.colcon_core.package_identification:_identify(isaacpjt/M0609/doosan-robot2/urdf/m0609_isaac_sim) by extensions ['ignore', 'ignore_ament_install']
[0.130s] Level 1:colcon.colcon_core.package_identification:_identify(isaacpjt/M0609/doosan-robot2/urdf/m0609_isaac_sim) by extension 'ignore'
[0.130s] Level 1:colcon.colcon_core.package_identification:_identify(isaacpjt/M0609/doosan-robot2/urdf/m0609_isaac_sim) by extension 'ignore_ament_install'
[0.130s] Level 1:colcon.colcon_core.package_identification:_identify(isaacpjt/M0609/doosan-robot2/urdf/m0609_isaac_sim) by extensions ['colcon_pkg']
[0.130s] Level 1:colcon.colcon_core.package_identification:_identify(isaacpjt/M0609/doosan-robot2/urdf/m0609_isaac_sim) by extension 'colcon_pkg'
[0.130s] Level 1:colcon.colcon_core.package_identification:_identify(isaacpjt/M0609/doosan-robot2/urdf/m0609_isaac_sim) by extensions ['colcon_meta']
[0.130s] Level 1:colcon.colcon_core.package_identification:_identify(isaacpjt/M0609/doosan-robot2/urdf/m0609_isaac_sim) by extension 'colcon_meta'
[0.130s] Level 1:colcon.colcon_core.package_identification:_identify(isaacpjt/M0609/doosan-robot2/urdf/m0609_isaac_sim) by extensions ['ros']
[0.130s] Level 1:colcon.colcon_core.package_identification:_identify(isaacpjt/M0609/doosan-robot2/urdf/m0609_isaac_sim) by extension 'ros'
[0.130s] Level 1:colcon.colcon_core.package_identification:_identify(isaacpjt/M0609/doosan-robot2/urdf/m0609_isaac_sim) by extensions ['cmake', 'python']
[0.130s] Level 1:colcon.colcon_core.package_identification:_identify(isaacpjt/M0609/doosan-robot2/urdf/m0609_isaac_sim) by extension 'cmake'
[0.131s] Level 1:colcon.colcon_core.package_identification:_identify(isaacpjt/M0609/doosan-robot2/urdf/m0609_isaac_sim) by extension 'python'
[0.131s] Level 1:colcon.colcon_core.package_identification:_identify(isaacpjt/M0609/doosan-robot2/urdf/m0609_isaac_sim) by extensions ['python_setup_py']
[0.131s] Level 1:colcon.colcon_core.package_identification:_identify(isaacpjt/M0609/doosan-robot2/urdf/m0609_isaac_sim) by extension 'python_setup_py'
[0.131s] Level 1:colcon.colcon_core.package_identification:_identify(isaacpjt/M0609/doosan-robot2/urdf/m0609_isaac_sim/configuration) by extensions ['ignore', 'ignore_ament_install']
[0.131s] Level 1:colcon.colcon_core.package_identification:_identify(isaacpjt/M0609/doosan-robot2/urdf/m0609_isaac_sim/configuration) by extension 'ignore'
[0.131s] Level 1:colcon.colcon_core.package_identification:_identify(isaacpjt/M0609/doosan-robot2/urdf/m0609_isaac_sim/configuration) by extension 'ignore_ament_install'
[0.131s] Level 1:colcon.colcon_core.package_identification:_identify(isaacpjt/M0609/doosan-robot2/urdf/m0609_isaac_sim/configuration) by extensions ['colcon_pkg']
[0.131s] Level 1:colcon.colcon_core.package_identification:_identify(isaacpjt/M0609/doosan-robot2/urdf/m0609_isaac_sim/configuration) by extension 'colcon_pkg'
[0.131s] Level 1:colcon.colcon_core.package_identification:_identify(isaacpjt/M0609/doosan-robot2/urdf/m0609_isaac_sim/configuration) by extensions ['colcon_meta']
[0.131s] Level 1:colcon.colcon_core.package_identification:_identify(isaacpjt/M0609/doosan-robot2/urdf/m0609_isaac_sim/configuration) by extension 'colcon_meta'
[0.131s] Level 1:colcon.colcon_core.package_identification:_identify(isaacpjt/M0609/doosan-robot2/urdf/m0609_isaac_sim/configuration) by extensions ['ros']
[0.131s] Level 1:colcon.colcon_core.package_identification:_identify(isaacpjt/M0609/doosan-robot2/urdf/m0609_isaac_sim/configuration) by extension 'ros'
[0.131s] Level 1:colcon.colcon_core.package_identification:_identify(isaacpjt/M0609/doosan-robot2/urdf/m0609_isaac_sim/configuration) by extensions ['cmake', 'python']
[0.131s] Level 1:colcon.colcon_core.package_identification:_identify(isaacpjt/M0609/doosan-robot2/urdf/m0609_isaac_sim/configuration) by extension 'cmake'
[0.131s] Level 1:colcon.colcon_core.package_identification:_identify(isaacpjt/M0609/doosan-robot2/urdf/m0609_isaac_sim/configuration) by extension 'python'
[0.131s] Level 1:colcon.colcon_core.package_identification:_identify(isaacpjt/M0609/doosan-robot2/urdf/m0609_isaac_sim/configuration) by extensions ['python_setup_py']
[0.131s] Level 1:colcon.colcon_core.package_identification:_identify(isaacpjt/M0609/doosan-robot2/urdf/m0609_isaac_sim/configuration) by extension 'python_setup_py'
[0.131s] Level 1:colcon.colcon_core.package_identification:_identify(isaacpjt/M0609/doosan-robot2/urdf/meshes) by extensions ['ignore', 'ignore_ament_install']
[0.131s] Level 1:colcon.colcon_core.package_identification:_identify(isaacpjt/M0609/doosan-robot2/urdf/meshes) by extension 'ignore'
[0.131s] Level 1:colcon.colcon_core.package_identification:_identify(isaacpjt/M0609/doosan-robot2/urdf/meshes) by extension 'ignore_ament_install'
[0.131s] Level 1:colcon.colcon_core.package_identification:_identify(isaacpjt/M0609/doosan-robot2/urdf/meshes) by extensions ['colcon_pkg']
[0.131s] Level 1:colcon.colcon_core.package_identification:_identify(isaacpjt/M0609/doosan-robot2/urdf/meshes) by extension 'colcon_pkg'
[0.131s] Level 1:colcon.colcon_core.package_identification:_identify(isaacpjt/M0609/doosan-robot2/urdf/meshes) by extensions ['colcon_meta']
[0.131s] Level 1:colcon.colcon_core.package_identification:_identify(isaacpjt/M0609/doosan-robot2/urdf/meshes) by extension 'colcon_meta'
[0.131s] Level 1:colcon.colcon_core.package_identification:_identify(isaacpjt/M0609/doosan-robot2/urdf/meshes) by extensions ['ros']
[0.131s] Level 1:colcon.colcon_core.package_identification:_identify(isaacpjt/M0609/doosan-robot2/urdf/meshes) by extension 'ros'
[0.131s] Level 1:colcon.colcon_core.package_identification:_identify(isaacpjt/M0609/doosan-robot2/urdf/meshes) by extensions ['cmake', 'python']
[0.131s] Level 1:colcon.colcon_core.package_identification:_identify(isaacpjt/M0609/doosan-robot2/urdf/meshes) by extension 'cmake'
[0.131s] Level 1:colcon.colcon_core.package_identification:_identify(isaacpjt/M0609/doosan-robot2/urdf/meshes) by extension 'python'
[0.131s] Level 1:colcon.colcon_core.package_identification:_identify(isaacpjt/M0609/doosan-robot2/urdf/meshes) by extensions ['python_setup_py']
[0.131s] Level 1:colcon.colcon_core.package_identification:_identify(isaacpjt/M0609/doosan-robot2/urdf/meshes) by extension 'python_setup_py'
[0.131s] Level 1:colcon.colcon_core.package_identification:_identify(isaacpjt/M0609/doosan-robot2/urdf/meshes/gripper) by extensions ['ignore', 'ignore_ament_install']
[0.131s] Level 1:colcon.colcon_core.package_identification:_identify(isaacpjt/M0609/doosan-robot2/urdf/meshes/gripper) by extension 'ignore'
[0.131s] Level 1:colcon.colcon_core.package_identification:_identify(isaacpjt/M0609/doosan-robot2/urdf/meshes/gripper) by extension 'ignore_ament_install'
[0.131s] Level 1:colcon.colcon_core.package_identification:_identify(isaacpjt/M0609/doosan-robot2/urdf/meshes/gripper) by extensions ['colcon_pkg']
[0.131s] Level 1:colcon.colcon_core.package_identification:_identify(isaacpjt/M0609/doosan-robot2/urdf/meshes/gripper) by extension 'colcon_pkg'
[0.131s] Level 1:colcon.colcon_core.package_identification:_identify(isaacpjt/M0609/doosan-robot2/urdf/meshes/gripper) by extensions ['colcon_meta']
[0.131s] Level 1:colcon.colcon_core.package_identification:_identify(isaacpjt/M0609/doosan-robot2/urdf/meshes/gripper) by extension 'colcon_meta'
[0.131s] Level 1:colcon.colcon_core.package_identification:_identify(isaacpjt/M0609/doosan-robot2/urdf/meshes/gripper) by extensions ['ros']
[0.131s] Level 1:colcon.colcon_core.package_identification:_identify(isaacpjt/M0609/doosan-robot2/urdf/meshes/gripper) by extension 'ros'
[0.131s] Level 1:colcon.colcon_core.package_identification:_identify(isaacpjt/M0609/doosan-robot2/urdf/meshes/gripper) by extensions ['cmake', 'python']
[0.131s] Level 1:colcon.colcon_core.package_identification:_identify(isaacpjt/M0609/doosan-robot2/urdf/meshes/gripper) by extension 'cmake'
[0.131s] Level 1:colcon.colcon_core.package_identification:_identify(isaacpjt/M0609/doosan-robot2/urdf/meshes/gripper) by extension 'python'
[0.131s] Level 1:colcon.colcon_core.package_identification:_identify(isaacpjt/M0609/doosan-robot2/urdf/meshes/gripper) by extensions ['python_setup_py']
[0.131s] Level 1:colcon.colcon_core.package_identification:_identify(isaacpjt/M0609/doosan-robot2/urdf/meshes/gripper) by extension 'python_setup_py'
[0.131s] Level 1:colcon.colcon_core.package_identification:_identify(isaacpjt/M0609/doosan-robot2/urdf/meshes/gripper/robotiq) by extensions ['ignore', 'ignore_ament_install']
[0.131s] Level 1:colcon.colcon_core.package_identification:_identify(isaacpjt/M0609/doosan-robot2/urdf/meshes/gripper/robotiq) by extension 'ignore'
[0.131s] Level 1:colcon.colcon_core.package_identification:_identify(isaacpjt/M0609/doosan-robot2/urdf/meshes/gripper/robotiq) by extension 'ignore_ament_install'
[0.131s] Level 1:colcon.colcon_core.package_identification:_identify(isaacpjt/M0609/doosan-robot2/urdf/meshes/gripper/robotiq) by extensions ['colcon_pkg']
[0.131s] Level 1:colcon.colcon_core.package_identification:_identify(isaacpjt/M0609/doosan-robot2/urdf/meshes/gripper/robotiq) by extension 'colcon_pkg'
[0.131s] Level 1:colcon.colcon_core.package_identification:_identify(isaacpjt/M0609/doosan-robot2/urdf/meshes/gripper/robotiq) by extensions ['colcon_meta']
[0.131s] Level 1:colcon.colcon_core.package_identification:_identify(isaacpjt/M0609/doosan-robot2/urdf/meshes/gripper/robotiq) by extension 'colcon_meta'
[0.131s] Level 1:colcon.colcon_core.package_identification:_identify(isaacpjt/M0609/doosan-robot2/urdf/meshes/gripper/robotiq) by extensions ['ros']
[0.131s] Level 1:colcon.colcon_core.package_identification:_identify(isaacpjt/M0609/doosan-robot2/urdf/meshes/gripper/robotiq) by extension 'ros'
[0.131s] Level 1:colcon.colcon_core.package_identification:_identify(isaacpjt/M0609/doosan-robot2/urdf/meshes/gripper/robotiq) by extensions ['cmake', 'python']
[0.131s] Level 1:colcon.colcon_core.package_identification:_identify(isaacpjt/M0609/doosan-robot2/urdf/meshes/gripper/robotiq) by extension 'cmake'
[0.131s] Level 1:colcon.colcon_core.package_identification:_identify(isaacpjt/M0609/doosan-robot2/urdf/meshes/gripper/robotiq) by extension 'python'
[0.131s] Level 1:colcon.colcon_core.package_identification:_identify(isaacpjt/M0609/doosan-robot2/urdf/meshes/gripper/robotiq) by extensions ['python_setup_py']
[0.131s] Level 1:colcon.colcon_core.package_identification:_identify(isaacpjt/M0609/doosan-robot2/urdf/meshes/gripper/robotiq) by extension 'python_setup_py'
[0.131s] Level 1:colcon.colcon_core.package_identification:_identify(isaacpjt/M0609/doosan-robot2/urdf/meshes/gripper/robotiq/85_2f) by extensions ['ignore', 'ignore_ament_install']
[0.132s] Level 1:colcon.colcon_core.package_identification:_identify(isaacpjt/M0609/doosan-robot2/urdf/meshes/gripper/robotiq/85_2f) by extension 'ignore'
[0.132s] Level 1:colcon.colcon_core.package_identification:_identify(isaacpjt/M0609/doosan-robot2/urdf/meshes/gripper/robotiq/85_2f) by extension 'ignore_ament_install'
[0.132s] Level 1:colcon.colcon_core.package_identification:_identify(isaacpjt/M0609/doosan-robot2/urdf/meshes/gripper/robotiq/85_2f) by extensions ['colcon_pkg']
[0.132s] Level 1:colcon.colcon_core.package_identification:_identify(isaacpjt/M0609/doosan-robot2/urdf/meshes/gripper/robotiq/85_2f) by extension 'colcon_pkg'
[0.132s] Level 1:colcon.colcon_core.package_identification:_identify(isaacpjt/M0609/doosan-robot2/urdf/meshes/gripper/robotiq/85_2f) by extensions ['colcon_meta']
[0.132s] Level 1:colcon.colcon_core.package_identification:_identify(isaacpjt/M0609/doosan-robot2/urdf/meshes/gripper/robotiq/85_2f) by extension 'colcon_meta'
[0.132s] Level 1:colcon.colcon_core.package_identification:_identify(isaacpjt/M0609/doosan-robot2/urdf/meshes/gripper/robotiq/85_2f) by extensions ['ros']
[0.132s] Level 1:colcon.colcon_core.package_identification:_identify(isaacpjt/M0609/doosan-robot2/urdf/meshes/gripper/robotiq/85_2f) by extension 'ros'
[0.132s] Level 1:colcon.colcon_core.package_identification:_identify(isaacpjt/M0609/doosan-robot2/urdf/meshes/gripper/robotiq/85_2f) by extensions ['cmake', 'python']
[0.132s] Level 1:colcon.colcon_core.package_identification:_identify(isaacpjt/M0609/doosan-robot2/urdf/meshes/gripper/robotiq/85_2f) by extension 'cmake'
[0.132s] Level 1:colcon.colcon_core.package_identification:_identify(isaacpjt/M0609/doosan-robot2/urdf/meshes/gripper/robotiq/85_2f) by extension 'python'
[0.132s] Level 1:colcon.colcon_core.package_identification:_identify(isaacpjt/M0609/doosan-robot2/urdf/meshes/gripper/robotiq/85_2f) by extensions ['python_setup_py']
[0.132s] Level 1:colcon.colcon_core.package_identification:_identify(isaacpjt/M0609/doosan-robot2/urdf/meshes/gripper/robotiq/85_2f) by extension 'python_setup_py'
[0.132s] Level 1:colcon.colcon_core.package_identification:_identify(isaacpjt/M0609/doosan-robot2/urdf/meshes/gripper/robotiq/85_2f/collision) by extensions ['ignore', 'ignore_ament_install']
[0.132s] Level 1:colcon.colcon_core.package_identification:_identify(isaacpjt/M0609/doosan-robot2/urdf/meshes/gripper/robotiq/85_2f/collision) by extension 'ignore'
[0.132s] Level 1:colcon.colcon_core.package_identification:_identify(isaacpjt/M0609/doosan-robot2/urdf/meshes/gripper/robotiq/85_2f/collision) by extension 'ignore_ament_install'
[0.132s] Level 1:colcon.colcon_core.package_identification:_identify(isaacpjt/M0609/doosan-robot2/urdf/meshes/gripper/robotiq/85_2f/collision) by extensions ['colcon_pkg']
[0.132s] Level 1:colcon.colcon_core.package_identification:_identify(isaacpjt/M0609/doosan-robot2/urdf/meshes/gripper/robotiq/85_2f/collision) by extension 'colcon_pkg'
[0.132s] Level 1:colcon.colcon_core.package_identification:_identify(isaacpjt/M0609/doosan-robot2/urdf/meshes/gripper/robotiq/85_2f/collision) by extensions ['colcon_meta']
[0.132s] Level 1:colcon.colcon_core.package_identification:_identify(isaacpjt/M0609/doosan-robot2/urdf/meshes/gripper/robotiq/85_2f/collision) by extension 'colcon_meta'
[0.132s] Level 1:colcon.colcon_core.package_identification:_identify(isaacpjt/M0609/doosan-robot2/urdf/meshes/gripper/robotiq/85_2f/collision) by extensions ['ros']
[0.132s] Level 1:colcon.colcon_core.package_identification:_identify(isaacpjt/M0609/doosan-robot2/urdf/meshes/gripper/robotiq/85_2f/collision) by extension 'ros'
[0.132s] Level 1:colcon.colcon_core.package_identification:_identify(isaacpjt/M0609/doosan-robot2/urdf/meshes/gripper/robotiq/85_2f/collision) by extensions ['cmake', 'python']
[0.132s] Level 1:colcon.colcon_core.package_identification:_identify(isaacpjt/M0609/doosan-robot2/urdf/meshes/gripper/robotiq/85_2f/collision) by extension 'cmake'
[0.132s] Level 1:colcon.colcon_core.package_identification:_identify(isaacpjt/M0609/doosan-robot2/urdf/meshes/gripper/robotiq/85_2f/collision) by extension 'python'
[0.132s] Level 1:colcon.colcon_core.package_identification:_identify(isaacpjt/M0609/doosan-robot2/urdf/meshes/gripper/robotiq/85_2f/collision) by extensions ['python_setup_py']
[0.132s] Level 1:colcon.colcon_core.package_identification:_identify(isaacpjt/M0609/doosan-robot2/urdf/meshes/gripper/robotiq/85_2f/collision) by extension 'python_setup_py'
[0.132s] Level 1:colcon.colcon_core.package_identification:_identify(isaacpjt/M0609/doosan-robot2/urdf/meshes/gripper/robotiq/85_2f/visual) by extensions ['ignore', 'ignore_ament_install']
[0.132s] Level 1:colcon.colcon_core.package_identification:_identify(isaacpjt/M0609/doosan-robot2/urdf/meshes/gripper/robotiq/85_2f/visual) by extension 'ignore'
[0.132s] Level 1:colcon.colcon_core.package_identification:_identify(isaacpjt/M0609/doosan-robot2/urdf/meshes/gripper/robotiq/85_2f/visual) by extension 'ignore_ament_install'
[0.132s] Level 1:colcon.colcon_core.package_identification:_identify(isaacpjt/M0609/doosan-robot2/urdf/meshes/gripper/robotiq/85_2f/visual) by extensions ['colcon_pkg']
[0.132s] Level 1:colcon.colcon_core.package_identification:_identify(isaacpjt/M0609/doosan-robot2/urdf/meshes/gripper/robotiq/85_2f/visual) by extension 'colcon_pkg'
[0.132s] Level 1:colcon.colcon_core.package_identification:_identify(isaacpjt/M0609/doosan-robot2/urdf/meshes/gripper/robotiq/85_2f/visual) by extensions ['colcon_meta']
[0.132s] Level 1:colcon.colcon_core.package_identification:_identify(isaacpjt/M0609/doosan-robot2/urdf/meshes/gripper/robotiq/85_2f/visual) by extension 'colcon_meta'
[0.132s] Level 1:colcon.colcon_core.package_identification:_identify(isaacpjt/M0609/doosan-robot2/urdf/meshes/gripper/robotiq/85_2f/visual) by extensions ['ros']
[0.132s] Level 1:colcon.colcon_core.package_identification:_identify(isaacpjt/M0609/doosan-robot2/urdf/meshes/gripper/robotiq/85_2f/visual) by extension 'ros'
[0.132s] Level 1:colcon.colcon_core.package_identification:_identify(isaacpjt/M0609/doosan-robot2/urdf/meshes/gripper/robotiq/85_2f/visual) by extensions ['cmake', 'python']
[0.132s] Level 1:colcon.colcon_core.package_identification:_identify(isaacpjt/M0609/doosan-robot2/urdf/meshes/gripper/robotiq/85_2f/visual) by extension 'cmake'
[0.132s] Level 1:colcon.colcon_core.package_identification:_identify(isaacpjt/M0609/doosan-robot2/urdf/meshes/gripper/robotiq/85_2f/visual) by extension 'python'
[0.132s] Level 1:colcon.colcon_core.package_identification:_identify(isaacpjt/M0609/doosan-robot2/urdf/meshes/gripper/robotiq/85_2f/visual) by extensions ['python_setup_py']
[0.132s] Level 1:colcon.colcon_core.package_identification:_identify(isaacpjt/M0609/doosan-robot2/urdf/meshes/gripper/robotiq/85_2f/visual) by extension 'python_setup_py'
[0.132s] Level 1:colcon.colcon_core.package_identification:_identify(isaacpjt/M0609/doosan-robot2/urdf/meshes/m0609_blue) by extensions ['ignore', 'ignore_ament_install']
[0.132s] Level 1:colcon.colcon_core.package_identification:_identify(isaacpjt/M0609/doosan-robot2/urdf/meshes/m0609_blue) by extension 'ignore'
[0.132s] Level 1:colcon.colcon_core.package_identification:_identify(isaacpjt/M0609/doosan-robot2/urdf/meshes/m0609_blue) by extension 'ignore_ament_install'
[0.132s] Level 1:colcon.colcon_core.package_identification:_identify(isaacpjt/M0609/doosan-robot2/urdf/meshes/m0609_blue) by extensions ['colcon_pkg']
[0.132s] Level 1:colcon.colcon_core.package_identification:_identify(isaacpjt/M0609/doosan-robot2/urdf/meshes/m0609_blue) by extension 'colcon_pkg'
[0.132s] Level 1:colcon.colcon_core.package_identification:_identify(isaacpjt/M0609/doosan-robot2/urdf/meshes/m0609_blue) by extensions ['colcon_meta']
[0.132s] Level 1:colcon.colcon_core.package_identification:_identify(isaacpjt/M0609/doosan-robot2/urdf/meshes/m0609_blue) by extension 'colcon_meta'
[0.132s] Level 1:colcon.colcon_core.package_identification:_identify(isaacpjt/M0609/doosan-robot2/urdf/meshes/m0609_blue) by extensions ['ros']
[0.132s] Level 1:colcon.colcon_core.package_identification:_identify(isaacpjt/M0609/doosan-robot2/urdf/meshes/m0609_blue) by extension 'ros'
[0.132s] Level 1:colcon.colcon_core.package_identification:_identify(isaacpjt/M0609/doosan-robot2/urdf/meshes/m0609_blue) by extensions ['cmake', 'python']
[0.132s] Level 1:colcon.colcon_core.package_identification:_identify(isaacpjt/M0609/doosan-robot2/urdf/meshes/m0609_blue) by extension 'cmake'
[0.132s] Level 1:colcon.colcon_core.package_identification:_identify(isaacpjt/M0609/doosan-robot2/urdf/meshes/m0609_blue) by extension 'python'
[0.132s] Level 1:colcon.colcon_core.package_identification:_identify(isaacpjt/M0609/doosan-robot2/urdf/meshes/m0609_blue) by extensions ['python_setup_py']
[0.132s] Level 1:colcon.colcon_core.package_identification:_identify(isaacpjt/M0609/doosan-robot2/urdf/meshes/m0609_blue) by extension 'python_setup_py'
[0.132s] Level 1:colcon.colcon_core.package_identification:_identify(isaacpjt/M0609/doosan-robot2/urdf/meshes/m0609_collision) by extensions ['ignore', 'ignore_ament_install']
[0.132s] Level 1:colcon.colcon_core.package_identification:_identify(isaacpjt/M0609/doosan-robot2/urdf/meshes/m0609_collision) by extension 'ignore'
[0.132s] Level 1:colcon.colcon_core.package_identification:_identify(isaacpjt/M0609/doosan-robot2/urdf/meshes/m0609_collision) by extension 'ignore_ament_install'
[0.132s] Level 1:colcon.colcon_core.package_identification:_identify(isaacpjt/M0609/doosan-robot2/urdf/meshes/m0609_collision) by extensions ['colcon_pkg']
[0.132s] Level 1:colcon.colcon_core.package_identification:_identify(isaacpjt/M0609/doosan-robot2/urdf/meshes/m0609_collision) by extension 'colcon_pkg'
[0.133s] Level 1:colcon.colcon_core.package_identification:_identify(isaacpjt/M0609/doosan-robot2/urdf/meshes/m0609_collision) by extensions ['colcon_meta']
[0.133s] Level 1:colcon.colcon_core.package_identification:_identify(isaacpjt/M0609/doosan-robot2/urdf/meshes/m0609_collision) by extension 'colcon_meta'
[0.133s] Level 1:colcon.colcon_core.package_identification:_identify(isaacpjt/M0609/doosan-robot2/urdf/meshes/m0609_collision) by extensions ['ros']
[0.133s] Level 1:colcon.colcon_core.package_identification:_identify(isaacpjt/M0609/doosan-robot2/urdf/meshes/m0609_collision) by extension 'ros'
[0.133s] Level 1:colcon.colcon_core.package_identification:_identify(isaacpjt/M0609/doosan-robot2/urdf/meshes/m0609_collision) by extensions ['cmake', 'python']
[0.133s] Level 1:colcon.colcon_core.package_identification:_identify(isaacpjt/M0609/doosan-robot2/urdf/meshes/m0609_collision) by extension 'cmake'
[0.133s] Level 1:colcon.colcon_core.package_identification:_identify(isaacpjt/M0609/doosan-robot2/urdf/meshes/m0609_collision) by extension 'python'
[0.133s] Level 1:colcon.colcon_core.package_identification:_identify(isaacpjt/M0609/doosan-robot2/urdf/meshes/m0609_collision) by extensions ['python_setup_py']
[0.133s] Level 1:colcon.colcon_core.package_identification:_identify(isaacpjt/M0609/doosan-robot2/urdf/meshes/m0609_collision) by extension 'python_setup_py'
[0.133s] Level 1:colcon.colcon_core.package_identification:_identify(isaacpjt/M0609/doosan-robot2/urdf/meshes/m0609_white) by extensions ['ignore', 'ignore_ament_install']
[0.133s] Level 1:colcon.colcon_core.package_identification:_identify(isaacpjt/M0609/doosan-robot2/urdf/meshes/m0609_white) by extension 'ignore'
[0.133s] Level 1:colcon.colcon_core.package_identification:_identify(isaacpjt/M0609/doosan-robot2/urdf/meshes/m0609_white) by extension 'ignore_ament_install'
[0.133s] Level 1:colcon.colcon_core.package_identification:_identify(isaacpjt/M0609/doosan-robot2/urdf/meshes/m0609_white) by extensions ['colcon_pkg']
[0.133s] Level 1:colcon.colcon_core.package_identification:_identify(isaacpjt/M0609/doosan-robot2/urdf/meshes/m0609_white) by extension 'colcon_pkg'
[0.133s] Level 1:colcon.colcon_core.package_identification:_identify(isaacpjt/M0609/doosan-robot2/urdf/meshes/m0609_white) by extensions ['colcon_meta']
[0.133s] Level 1:colcon.colcon_core.package_identification:_identify(isaacpjt/M0609/doosan-robot2/urdf/meshes/m0609_white) by extension 'colcon_meta'
[0.133s] Level 1:colcon.colcon_core.package_identification:_identify(isaacpjt/M0609/doosan-robot2/urdf/meshes/m0609_white) by extensions ['ros']
[0.133s] Level 1:colcon.colcon_core.package_identification:_identify(isaacpjt/M0609/doosan-robot2/urdf/meshes/m0609_white) by extension 'ros'
[0.133s] Level 1:colcon.colcon_core.package_identification:_identify(isaacpjt/M0609/doosan-robot2/urdf/meshes/m0609_white) by extensions ['cmake', 'python']
[0.133s] Level 1:colcon.colcon_core.package_identification:_identify(isaacpjt/M0609/doosan-robot2/urdf/meshes/m0609_white) by extension 'cmake'
[0.133s] Level 1:colcon.colcon_core.package_identification:_identify(isaacpjt/M0609/doosan-robot2/urdf/meshes/m0609_white) by extension 'python'
[0.133s] Level 1:colcon.colcon_core.package_identification:_identify(isaacpjt/M0609/doosan-robot2/urdf/meshes/m0609_white) by extensions ['python_setup_py']
[0.133s] Level 1:colcon.colcon_core.package_identification:_identify(isaacpjt/M0609/doosan-robot2/urdf/meshes/m0609_white) by extension 'python_setup_py'
[0.133s] Level 1:colcon.colcon_core.package_identification:_identify(isaacpjt/M0609/doosan-robot2/usd) by extensions ['ignore', 'ignore_ament_install']
[0.133s] Level 1:colcon.colcon_core.package_identification:_identify(isaacpjt/M0609/doosan-robot2/usd) by extension 'ignore'
[0.133s] Level 1:colcon.colcon_core.package_identification:_identify(isaacpjt/M0609/doosan-robot2/usd) by extension 'ignore_ament_install'
[0.133s] Level 1:colcon.colcon_core.package_identification:_identify(isaacpjt/M0609/doosan-robot2/usd) by extensions ['colcon_pkg']
[0.133s] Level 1:colcon.colcon_core.package_identification:_identify(isaacpjt/M0609/doosan-robot2/usd) by extension 'colcon_pkg'
[0.133s] Level 1:colcon.colcon_core.package_identification:_identify(isaacpjt/M0609/doosan-robot2/usd) by extensions ['colcon_meta']
[0.133s] Level 1:colcon.colcon_core.package_identification:_identify(isaacpjt/M0609/doosan-robot2/usd) by extension 'colcon_meta'
[0.133s] Level 1:colcon.colcon_core.package_identification:_identify(isaacpjt/M0609/doosan-robot2/usd) by extensions ['ros']
[0.133s] Level 1:colcon.colcon_core.package_identification:_identify(isaacpjt/M0609/doosan-robot2/usd) by extension 'ros'
[0.133s] Level 1:colcon.colcon_core.package_identification:_identify(isaacpjt/M0609/doosan-robot2/usd) by extensions ['cmake', 'python']
[0.133s] Level 1:colcon.colcon_core.package_identification:_identify(isaacpjt/M0609/doosan-robot2/usd) by extension 'cmake'
[0.133s] Level 1:colcon.colcon_core.package_identification:_identify(isaacpjt/M0609/doosan-robot2/usd) by extension 'python'
[0.133s] Level 1:colcon.colcon_core.package_identification:_identify(isaacpjt/M0609/doosan-robot2/usd) by extensions ['python_setup_py']
[0.133s] Level 1:colcon.colcon_core.package_identification:_identify(isaacpjt/M0609/doosan-robot2/usd) by extension 'python_setup_py'
[0.133s] Level 1:colcon.colcon_core.package_identification:_identify(isaacpjt/M0609/onrobot_rg2) by extensions ['ignore', 'ignore_ament_install']
[0.133s] Level 1:colcon.colcon_core.package_identification:_identify(isaacpjt/M0609/onrobot_rg2) by extension 'ignore'
[0.133s] Level 1:colcon.colcon_core.package_identification:_identify(isaacpjt/M0609/onrobot_rg2) by extension 'ignore_ament_install'
[0.133s] Level 1:colcon.colcon_core.package_identification:_identify(isaacpjt/M0609/onrobot_rg2) by extensions ['colcon_pkg']
[0.133s] Level 1:colcon.colcon_core.package_identification:_identify(isaacpjt/M0609/onrobot_rg2) by extension 'colcon_pkg'
[0.133s] Level 1:colcon.colcon_core.package_identification:_identify(isaacpjt/M0609/onrobot_rg2) by extensions ['colcon_meta']
[0.133s] Level 1:colcon.colcon_core.package_identification:_identify(isaacpjt/M0609/onrobot_rg2) by extension 'colcon_meta'
[0.133s] Level 1:colcon.colcon_core.package_identification:_identify(isaacpjt/M0609/onrobot_rg2) by extensions ['ros']
[0.133s] Level 1:colcon.colcon_core.package_identification:_identify(isaacpjt/M0609/onrobot_rg2) by extension 'ros'
[0.133s] Level 1:colcon.colcon_core.package_identification:_identify(isaacpjt/M0609/onrobot_rg2) by extensions ['cmake', 'python']
[0.133s] Level 1:colcon.colcon_core.package_identification:_identify(isaacpjt/M0609/onrobot_rg2) by extension 'cmake'
[0.133s] Level 1:colcon.colcon_core.package_identification:_identify(isaacpjt/M0609/onrobot_rg2) by extension 'python'
[0.133s] Level 1:colcon.colcon_core.package_identification:_identify(isaacpjt/M0609/onrobot_rg2) by extensions ['python_setup_py']
[0.133s] Level 1:colcon.colcon_core.package_identification:_identify(isaacpjt/M0609/onrobot_rg2) by extension 'python_setup_py'
[0.133s] Level 1:colcon.colcon_core.package_identification:_identify(isaacpjt/M0609/onrobot_rg2/meshes) by extensions ['ignore', 'ignore_ament_install']
[0.133s] Level 1:colcon.colcon_core.package_identification:_identify(isaacpjt/M0609/onrobot_rg2/meshes) by extension 'ignore'
[0.133s] Level 1:colcon.colcon_core.package_identification:_identify(isaacpjt/M0609/onrobot_rg2/meshes) by extension 'ignore_ament_install'
[0.133s] Level 1:colcon.colcon_core.package_identification:_identify(isaacpjt/M0609/onrobot_rg2/meshes) by extensions ['colcon_pkg']
[0.133s] Level 1:colcon.colcon_core.package_identification:_identify(isaacpjt/M0609/onrobot_rg2/meshes) by extension 'colcon_pkg'
[0.133s] Level 1:colcon.colcon_core.package_identification:_identify(isaacpjt/M0609/onrobot_rg2/meshes) by extensions ['colcon_meta']
[0.133s] Level 1:colcon.colcon_core.package_identification:_identify(isaacpjt/M0609/onrobot_rg2/meshes) by extension 'colcon_meta'
[0.133s] Level 1:colcon.colcon_core.package_identification:_identify(isaacpjt/M0609/onrobot_rg2/meshes) by extensions ['ros']
[0.133s] Level 1:colcon.colcon_core.package_identification:_identify(isaacpjt/M0609/onrobot_rg2/meshes) by extension 'ros'
[0.133s] Level 1:colcon.colcon_core.package_identification:_identify(isaacpjt/M0609/onrobot_rg2/meshes) by extensions ['cmake', 'python']
[0.133s] Level 1:colcon.colcon_core.package_identification:_identify(isaacpjt/M0609/onrobot_rg2/meshes) by extension 'cmake'
[0.133s] Level 1:colcon.colcon_core.package_identification:_identify(isaacpjt/M0609/onrobot_rg2/meshes) by extension 'python'
[0.134s] Level 1:colcon.colcon_core.package_identification:_identify(isaacpjt/M0609/onrobot_rg2/meshes) by extensions ['python_setup_py']
[0.134s] Level 1:colcon.colcon_core.package_identification:_identify(isaacpjt/M0609/onrobot_rg2/meshes) by extension 'python_setup_py'
[0.134s] Level 1:colcon.colcon_core.package_identification:_identify(isaacpjt/M0609/onrobot_rg2/meshes/collision) by extensions ['ignore', 'ignore_ament_install']
[0.134s] Level 1:colcon.colcon_core.package_identification:_identify(isaacpjt/M0609/onrobot_rg2/meshes/collision) by extension 'ignore'
[0.134s] Level 1:colcon.colcon_core.package_identification:_identify(isaacpjt/M0609/onrobot_rg2/meshes/collision) by extension 'ignore_ament_install'
[0.134s] Level 1:colcon.colcon_core.package_identification:_identify(isaacpjt/M0609/onrobot_rg2/meshes/collision) by extensions ['colcon_pkg']
[0.134s] Level 1:colcon.colcon_core.package_identification:_identify(isaacpjt/M0609/onrobot_rg2/meshes/collision) by extension 'colcon_pkg'
[0.134s] Level 1:colcon.colcon_core.package_identification:_identify(isaacpjt/M0609/onrobot_rg2/meshes/collision) by extensions ['colcon_meta']
[0.134s] Level 1:colcon.colcon_core.package_identification:_identify(isaacpjt/M0609/onrobot_rg2/meshes/collision) by extension 'colcon_meta'
[0.134s] Level 1:colcon.colcon_core.package_identification:_identify(isaacpjt/M0609/onrobot_rg2/meshes/collision) by extensions ['ros']
[0.134s] Level 1:colcon.colcon_core.package_identification:_identify(isaacpjt/M0609/onrobot_rg2/meshes/collision) by extension 'ros'
[0.134s] Level 1:colcon.colcon_core.package_identification:_identify(isaacpjt/M0609/onrobot_rg2/meshes/collision) by extensions ['cmake', 'python']
[0.134s] Level 1:colcon.colcon_core.package_identification:_identify(isaacpjt/M0609/onrobot_rg2/meshes/collision) by extension 'cmake'
[0.134s] Level 1:colcon.colcon_core.package_identification:_identify(isaacpjt/M0609/onrobot_rg2/meshes/collision) by extension 'python'
[0.134s] Level 1:colcon.colcon_core.package_identification:_identify(isaacpjt/M0609/onrobot_rg2/meshes/collision) by extensions ['python_setup_py']
[0.134s] Level 1:colcon.colcon_core.package_identification:_identify(isaacpjt/M0609/onrobot_rg2/meshes/collision) by extension 'python_setup_py'
[0.134s] Level 1:colcon.colcon_core.package_identification:_identify(isaacpjt/M0609/onrobot_rg2/meshes/visual) by extensions ['ignore', 'ignore_ament_install']
[0.134s] Level 1:colcon.colcon_core.package_identification:_identify(isaacpjt/M0609/onrobot_rg2/meshes/visual) by extension 'ignore'
[0.134s] Level 1:colcon.colcon_core.package_identification:_identify(isaacpjt/M0609/onrobot_rg2/meshes/visual) by extension 'ignore_ament_install'
[0.134s] Level 1:colcon.colcon_core.package_identification:_identify(isaacpjt/M0609/onrobot_rg2/meshes/visual) by extensions ['colcon_pkg']
[0.134s] Level 1:colcon.colcon_core.package_identification:_identify(isaacpjt/M0609/onrobot_rg2/meshes/visual) by extension 'colcon_pkg'
[0.134s] Level 1:colcon.colcon_core.package_identification:_identify(isaacpjt/M0609/onrobot_rg2/meshes/visual) by extensions ['colcon_meta']
[0.134s] Level 1:colcon.colcon_core.package_identification:_identify(isaacpjt/M0609/onrobot_rg2/meshes/visual) by extension 'colcon_meta'
[0.134s] Level 1:colcon.colcon_core.package_identification:_identify(isaacpjt/M0609/onrobot_rg2/meshes/visual) by extensions ['ros']
[0.134s] Level 1:colcon.colcon_core.package_identification:_identify(isaacpjt/M0609/onrobot_rg2/meshes/visual) by extension 'ros'
[0.134s] Level 1:colcon.colcon_core.package_identification:_identify(isaacpjt/M0609/onrobot_rg2/meshes/visual) by extensions ['cmake', 'python']
[0.134s] Level 1:colcon.colcon_core.package_identification:_identify(isaacpjt/M0609/onrobot_rg2/meshes/visual) by extension 'cmake'
[0.134s] Level 1:colcon.colcon_core.package_identification:_identify(isaacpjt/M0609/onrobot_rg2/meshes/visual) by extension 'python'
[0.134s] Level 1:colcon.colcon_core.package_identification:_identify(isaacpjt/M0609/onrobot_rg2/meshes/visual) by extensions ['python_setup_py']
[0.134s] Level 1:colcon.colcon_core.package_identification:_identify(isaacpjt/M0609/onrobot_rg2/meshes/visual) by extension 'python_setup_py'
[0.134s] Level 1:colcon.colcon_core.package_identification:_identify(isaacpjt/M0609/onrobot_rg2/urdf) by extensions ['ignore', 'ignore_ament_install']
[0.134s] Level 1:colcon.colcon_core.package_identification:_identify(isaacpjt/M0609/onrobot_rg2/urdf) by extension 'ignore'
[0.134s] Level 1:colcon.colcon_core.package_identification:_identify(isaacpjt/M0609/onrobot_rg2/urdf) by extension 'ignore_ament_install'
[0.134s] Level 1:colcon.colcon_core.package_identification:_identify(isaacpjt/M0609/onrobot_rg2/urdf) by extensions ['colcon_pkg']
[0.134s] Level 1:colcon.colcon_core.package_identification:_identify(isaacpjt/M0609/onrobot_rg2/urdf) by extension 'colcon_pkg'
[0.134s] Level 1:colcon.colcon_core.package_identification:_identify(isaacpjt/M0609/onrobot_rg2/urdf) by extensions ['colcon_meta']
[0.134s] Level 1:colcon.colcon_core.package_identification:_identify(isaacpjt/M0609/onrobot_rg2/urdf) by extension 'colcon_meta'
[0.134s] Level 1:colcon.colcon_core.package_identification:_identify(isaacpjt/M0609/onrobot_rg2/urdf) by extensions ['ros']
[0.134s] Level 1:colcon.colcon_core.package_identification:_identify(isaacpjt/M0609/onrobot_rg2/urdf) by extension 'ros'
[0.134s] Level 1:colcon.colcon_core.package_identification:_identify(isaacpjt/M0609/onrobot_rg2/urdf) by extensions ['cmake', 'python']
[0.134s] Level 1:colcon.colcon_core.package_identification:_identify(isaacpjt/M0609/onrobot_rg2/urdf) by extension 'cmake'
[0.134s] Level 1:colcon.colcon_core.package_identification:_identify(isaacpjt/M0609/onrobot_rg2/urdf) by extension 'python'
[0.134s] Level 1:colcon.colcon_core.package_identification:_identify(isaacpjt/M0609/onrobot_rg2/urdf) by extensions ['python_setup_py']
[0.134s] Level 1:colcon.colcon_core.package_identification:_identify(isaacpjt/M0609/onrobot_rg2/urdf) by extension 'python_setup_py'
[0.134s] Level 1:colcon.colcon_core.package_identification:_identify(isaacpjt/M0609/onrobot_rg2/urdf/onrobot_rg2) by extensions ['ignore', 'ignore_ament_install']
[0.134s] Level 1:colcon.colcon_core.package_identification:_identify(isaacpjt/M0609/onrobot_rg2/urdf/onrobot_rg2) by extension 'ignore'
[0.134s] Level 1:colcon.colcon_core.package_identification:_identify(isaacpjt/M0609/onrobot_rg2/urdf/onrobot_rg2) by extension 'ignore_ament_install'
[0.134s] Level 1:colcon.colcon_core.package_identification:_identify(isaacpjt/M0609/onrobot_rg2/urdf/onrobot_rg2) by extensions ['colcon_pkg']
[0.134s] Level 1:colcon.colcon_core.package_identification:_identify(isaacpjt/M0609/onrobot_rg2/urdf/onrobot_rg2) by extension 'colcon_pkg'
[0.134s] Level 1:colcon.colcon_core.package_identification:_identify(isaacpjt/M0609/onrobot_rg2/urdf/onrobot_rg2) by extensions ['colcon_meta']
[0.134s] Level 1:colcon.colcon_core.package_identification:_identify(isaacpjt/M0609/onrobot_rg2/urdf/onrobot_rg2) by extension 'colcon_meta'
[0.134s] Level 1:colcon.colcon_core.package_identification:_identify(isaacpjt/M0609/onrobot_rg2/urdf/onrobot_rg2) by extensions ['ros']
[0.134s] Level 1:colcon.colcon_core.package_identification:_identify(isaacpjt/M0609/onrobot_rg2/urdf/onrobot_rg2) by extension 'ros'
[0.134s] Level 1:colcon.colcon_core.package_identification:_identify(isaacpjt/M0609/onrobot_rg2/urdf/onrobot_rg2) by extensions ['cmake', 'python']
[0.134s] Level 1:colcon.colcon_core.package_identification:_identify(isaacpjt/M0609/onrobot_rg2/urdf/onrobot_rg2) by extension 'cmake'
[0.134s] Level 1:colcon.colcon_core.package_identification:_identify(isaacpjt/M0609/onrobot_rg2/urdf/onrobot_rg2) by extension 'python'
[0.134s] Level 1:colcon.colcon_core.package_identification:_identify(isaacpjt/M0609/onrobot_rg2/urdf/onrobot_rg2) by extensions ['python_setup_py']
[0.134s] Level 1:colcon.colcon_core.package_identification:_identify(isaacpjt/M0609/onrobot_rg2/urdf/onrobot_rg2) by extension 'python_setup_py'
[0.134s] Level 1:colcon.colcon_core.package_identification:_identify(isaacpjt/M0609/onrobot_rg2/urdf/onrobot_rg2/configuration) by extensions ['ignore', 'ignore_ament_install']
[0.134s] Level 1:colcon.colcon_core.package_identification:_identify(isaacpjt/M0609/onrobot_rg2/urdf/onrobot_rg2/configuration) by extension 'ignore'
[0.135s] Level 1:colcon.colcon_core.package_identification:_identify(isaacpjt/M0609/onrobot_rg2/urdf/onrobot_rg2/configuration) by extension 'ignore_ament_install'
[0.135s] Level 1:colcon.colcon_core.package_identification:_identify(isaacpjt/M0609/onrobot_rg2/urdf/onrobot_rg2/configuration) by extensions ['colcon_pkg']
[0.135s] Level 1:colcon.colcon_core.package_identification:_identify(isaacpjt/M0609/onrobot_rg2/urdf/onrobot_rg2/configuration) by extension 'colcon_pkg'
[0.135s] Level 1:colcon.colcon_core.package_identification:_identify(isaacpjt/M0609/onrobot_rg2/urdf/onrobot_rg2/configuration) by extensions ['colcon_meta']
[0.135s] Level 1:colcon.colcon_core.package_identification:_identify(isaacpjt/M0609/onrobot_rg2/urdf/onrobot_rg2/configuration) by extension 'colcon_meta'
[0.135s] Level 1:colcon.colcon_core.package_identification:_identify(isaacpjt/M0609/onrobot_rg2/urdf/onrobot_rg2/configuration) by extensions ['ros']
[0.135s] Level 1:colcon.colcon_core.package_identification:_identify(isaacpjt/M0609/onrobot_rg2/urdf/onrobot_rg2/configuration) by extension 'ros'
[0.135s] Level 1:colcon.colcon_core.package_identification:_identify(isaacpjt/M0609/onrobot_rg2/urdf/onrobot_rg2/configuration) by extensions ['cmake', 'python']
[0.135s] Level 1:colcon.colcon_core.package_identification:_identify(isaacpjt/M0609/onrobot_rg2/urdf/onrobot_rg2/configuration) by extension 'cmake'
[0.135s] Level 1:colcon.colcon_core.package_identification:_identify(isaacpjt/M0609/onrobot_rg2/urdf/onrobot_rg2/configuration) by extension 'python'
[0.135s] Level 1:colcon.colcon_core.package_identification:_identify(isaacpjt/M0609/onrobot_rg2/urdf/onrobot_rg2/configuration) by extensions ['python_setup_py']
[0.135s] Level 1:colcon.colcon_core.package_identification:_identify(isaacpjt/M0609/onrobot_rg2/urdf/onrobot_rg2/configuration) by extension 'python_setup_py'
[0.135s] Level 1:colcon.colcon_core.package_identification:_identify(isaacpjt/M0609/rmpflow) by extensions ['ignore', 'ignore_ament_install']
[0.135s] Level 1:colcon.colcon_core.package_identification:_identify(isaacpjt/M0609/rmpflow) by extension 'ignore'
[0.135s] Level 1:colcon.colcon_core.package_identification:_identify(isaacpjt/M0609/rmpflow) by extension 'ignore_ament_install'
[0.135s] Level 1:colcon.colcon_core.package_identification:_identify(isaacpjt/M0609/rmpflow) by extensions ['colcon_pkg']
[0.135s] Level 1:colcon.colcon_core.package_identification:_identify(isaacpjt/M0609/rmpflow) by extension 'colcon_pkg'
[0.135s] Level 1:colcon.colcon_core.package_identification:_identify(isaacpjt/M0609/rmpflow) by extensions ['colcon_meta']
[0.135s] Level 1:colcon.colcon_core.package_identification:_identify(isaacpjt/M0609/rmpflow) by extension 'colcon_meta'
[0.135s] Level 1:colcon.colcon_core.package_identification:_identify(isaacpjt/M0609/rmpflow) by extensions ['ros']
[0.135s] Level 1:colcon.colcon_core.package_identification:_identify(isaacpjt/M0609/rmpflow) by extension 'ros'
[0.135s] Level 1:colcon.colcon_core.package_identification:_identify(isaacpjt/M0609/rmpflow) by extensions ['cmake', 'python']
[0.135s] Level 1:colcon.colcon_core.package_identification:_identify(isaacpjt/M0609/rmpflow) by extension 'cmake'
[0.135s] Level 1:colcon.colcon_core.package_identification:_identify(isaacpjt/M0609/rmpflow) by extension 'python'
[0.135s] Level 1:colcon.colcon_core.package_identification:_identify(isaacpjt/M0609/rmpflow) by extensions ['python_setup_py']
[0.135s] Level 1:colcon.colcon_core.package_identification:_identify(isaacpjt/M0609/rmpflow) by extension 'python_setup_py'
[0.135s] Level 1:colcon.colcon_core.package_identification:_identify(isaacpjt/M0609/rmpflow/__pycache__) by extensions ['ignore', 'ignore_ament_install']
[0.135s] Level 1:colcon.colcon_core.package_identification:_identify(isaacpjt/M0609/rmpflow/__pycache__) by extension 'ignore'
[0.135s] Level 1:colcon.colcon_core.package_identification:_identify(isaacpjt/M0609/rmpflow/__pycache__) by extension 'ignore_ament_install'
[0.135s] Level 1:colcon.colcon_core.package_identification:_identify(isaacpjt/M0609/rmpflow/__pycache__) by extensions ['colcon_pkg']
[0.135s] Level 1:colcon.colcon_core.package_identification:_identify(isaacpjt/M0609/rmpflow/__pycache__) by extension 'colcon_pkg'
[0.135s] Level 1:colcon.colcon_core.package_identification:_identify(isaacpjt/M0609/rmpflow/__pycache__) by extensions ['colcon_meta']
[0.135s] Level 1:colcon.colcon_core.package_identification:_identify(isaacpjt/M0609/rmpflow/__pycache__) by extension 'colcon_meta'
[0.135s] Level 1:colcon.colcon_core.package_identification:_identify(isaacpjt/M0609/rmpflow/__pycache__) by extensions ['ros']
[0.135s] Level 1:colcon.colcon_core.package_identification:_identify(isaacpjt/M0609/rmpflow/__pycache__) by extension 'ros'
[0.135s] Level 1:colcon.colcon_core.package_identification:_identify(isaacpjt/M0609/rmpflow/__pycache__) by extensions ['cmake', 'python']
[0.135s] Level 1:colcon.colcon_core.package_identification:_identify(isaacpjt/M0609/rmpflow/__pycache__) by extension 'cmake'
[0.135s] Level 1:colcon.colcon_core.package_identification:_identify(isaacpjt/M0609/rmpflow/__pycache__) by extension 'python'
[0.135s] Level 1:colcon.colcon_core.package_identification:_identify(isaacpjt/M0609/rmpflow/__pycache__) by extensions ['python_setup_py']
[0.135s] Level 1:colcon.colcon_core.package_identification:_identify(isaacpjt/M0609/rmpflow/__pycache__) by extension 'python_setup_py'
[0.135s] Level 1:colcon.colcon_core.package_identification:_identify(isaacpjt/M0609/rmpflow/doosan-robot2) by extensions ['ignore', 'ignore_ament_install']
[0.135s] Level 1:colcon.colcon_core.package_identification:_identify(isaacpjt/M0609/rmpflow/doosan-robot2) by extension 'ignore'
[0.135s] Level 1:colcon.colcon_core.package_identification:_identify(isaacpjt/M0609/rmpflow/doosan-robot2) by extension 'ignore_ament_install'
[0.135s] Level 1:colcon.colcon_core.package_identification:_identify(isaacpjt/M0609/rmpflow/doosan-robot2) by extensions ['colcon_pkg']
[0.135s] Level 1:colcon.colcon_core.package_identification:_identify(isaacpjt/M0609/rmpflow/doosan-robot2) by extension 'colcon_pkg'
[0.135s] Level 1:colcon.colcon_core.package_identification:_identify(isaacpjt/M0609/rmpflow/doosan-robot2) by extensions ['colcon_meta']
[0.135s] Level 1:colcon.colcon_core.package_identification:_identify(isaacpjt/M0609/rmpflow/doosan-robot2) by extension 'colcon_meta'
[0.135s] Level 1:colcon.colcon_core.package_identification:_identify(isaacpjt/M0609/rmpflow/doosan-robot2) by extensions ['ros']
[0.135s] Level 1:colcon.colcon_core.package_identification:_identify(isaacpjt/M0609/rmpflow/doosan-robot2) by extension 'ros'
[0.135s] Level 1:colcon.colcon_core.package_identification:_identify(isaacpjt/M0609/rmpflow/doosan-robot2) by extensions ['cmake', 'python']
[0.135s] Level 1:colcon.colcon_core.package_identification:_identify(isaacpjt/M0609/rmpflow/doosan-robot2) by extension 'cmake'
[0.135s] Level 1:colcon.colcon_core.package_identification:_identify(isaacpjt/M0609/rmpflow/doosan-robot2) by extension 'python'
[0.135s] Level 1:colcon.colcon_core.package_identification:_identify(isaacpjt/M0609/rmpflow/doosan-robot2) by extensions ['python_setup_py']
[0.135s] Level 1:colcon.colcon_core.package_identification:_identify(isaacpjt/M0609/rmpflow/doosan-robot2) by extension 'python_setup_py'
[0.135s] Level 1:colcon.colcon_core.package_identification:_identify(isaacpjt/M0609/rmpflow/doosan-robot2/urdf) by extensions ['ignore', 'ignore_ament_install']
[0.135s] Level 1:colcon.colcon_core.package_identification:_identify(isaacpjt/M0609/rmpflow/doosan-robot2/urdf) by extension 'ignore'
[0.135s] Level 1:colcon.colcon_core.package_identification:_identify(isaacpjt/M0609/rmpflow/doosan-robot2/urdf) by extension 'ignore_ament_install'
[0.135s] Level 1:colcon.colcon_core.package_identification:_identify(isaacpjt/M0609/rmpflow/doosan-robot2/urdf) by extensions ['colcon_pkg']
[0.135s] Level 1:colcon.colcon_core.package_identification:_identify(isaacpjt/M0609/rmpflow/doosan-robot2/urdf) by extension 'colcon_pkg'
[0.135s] Level 1:colcon.colcon_core.package_identification:_identify(isaacpjt/M0609/rmpflow/doosan-robot2/urdf) by extensions ['colcon_meta']
[0.135s] Level 1:colcon.colcon_core.package_identification:_identify(isaacpjt/M0609/rmpflow/doosan-robot2/urdf) by extension 'colcon_meta'
[0.135s] Level 1:colcon.colcon_core.package_identification:_identify(isaacpjt/M0609/rmpflow/doosan-robot2/urdf) by extensions ['ros']
[0.135s] Level 1:colcon.colcon_core.package_identification:_identify(isaacpjt/M0609/rmpflow/doosan-robot2/urdf) by extension 'ros'
[0.136s] Level 1:colcon.colcon_core.package_identification:_identify(isaacpjt/M0609/rmpflow/doosan-robot2/urdf) by extensions ['cmake', 'python']
[0.136s] Level 1:colcon.colcon_core.package_identification:_identify(isaacpjt/M0609/rmpflow/doosan-robot2/urdf) by extension 'cmake'
[0.136s] Level 1:colcon.colcon_core.package_identification:_identify(isaacpjt/M0609/rmpflow/doosan-robot2/urdf) by extension 'python'
[0.136s] Level 1:colcon.colcon_core.package_identification:_identify(isaacpjt/M0609/rmpflow/doosan-robot2/urdf) by extensions ['python_setup_py']
[0.136s] Level 1:colcon.colcon_core.package_identification:_identify(isaacpjt/M0609/rmpflow/doosan-robot2/urdf) by extension 'python_setup_py'
[0.136s] Level 1:colcon.colcon_core.package_identification:_identify(isaacpjt/M0609/rmpflow/doosan-robot2/urdf/m0609_isaac_sim) by extensions ['ignore', 'ignore_ament_install']
[0.136s] Level 1:colcon.colcon_core.package_identification:_identify(isaacpjt/M0609/rmpflow/doosan-robot2/urdf/m0609_isaac_sim) by extension 'ignore'
[0.136s] Level 1:colcon.colcon_core.package_identification:_identify(isaacpjt/M0609/rmpflow/doosan-robot2/urdf/m0609_isaac_sim) by extension 'ignore_ament_install'
[0.136s] Level 1:colcon.colcon_core.package_identification:_identify(isaacpjt/M0609/rmpflow/doosan-robot2/urdf/m0609_isaac_sim) by extensions ['colcon_pkg']
[0.136s] Level 1:colcon.colcon_core.package_identification:_identify(isaacpjt/M0609/rmpflow/doosan-robot2/urdf/m0609_isaac_sim) by extension 'colcon_pkg'
[0.136s] Level 1:colcon.colcon_core.package_identification:_identify(isaacpjt/M0609/rmpflow/doosan-robot2/urdf/m0609_isaac_sim) by extensions ['colcon_meta']
[0.136s] Level 1:colcon.colcon_core.package_identification:_identify(isaacpjt/M0609/rmpflow/doosan-robot2/urdf/m0609_isaac_sim) by extension 'colcon_meta'
[0.136s] Level 1:colcon.colcon_core.package_identification:_identify(isaacpjt/M0609/rmpflow/doosan-robot2/urdf/m0609_isaac_sim) by extensions ['ros']
[0.136s] Level 1:colcon.colcon_core.package_identification:_identify(isaacpjt/M0609/rmpflow/doosan-robot2/urdf/m0609_isaac_sim) by extension 'ros'
[0.136s] Level 1:colcon.colcon_core.package_identification:_identify(isaacpjt/M0609/rmpflow/doosan-robot2/urdf/m0609_isaac_sim) by extensions ['cmake', 'python']
[0.136s] Level 1:colcon.colcon_core.package_identification:_identify(isaacpjt/M0609/rmpflow/doosan-robot2/urdf/m0609_isaac_sim) by extension 'cmake'
[0.136s] Level 1:colcon.colcon_core.package_identification:_identify(isaacpjt/M0609/rmpflow/doosan-robot2/urdf/m0609_isaac_sim) by extension 'python'
[0.136s] Level 1:colcon.colcon_core.package_identification:_identify(isaacpjt/M0609/rmpflow/doosan-robot2/urdf/m0609_isaac_sim) by extensions ['python_setup_py']
[0.136s] Level 1:colcon.colcon_core.package_identification:_identify(isaacpjt/M0609/rmpflow/doosan-robot2/urdf/m0609_isaac_sim) by extension 'python_setup_py'
[0.136s] Level 1:colcon.colcon_core.package_identification:_identify(isaacpjt/M0609/rmpflow/doosan-robot2/urdf/m0609_isaac_sim/configuration) by extensions ['ignore', 'ignore_ament_install']
[0.136s] Level 1:colcon.colcon_core.package_identification:_identify(isaacpjt/M0609/rmpflow/doosan-robot2/urdf/m0609_isaac_sim/configuration) by extension 'ignore'
[0.136s] Level 1:colcon.colcon_core.package_identification:_identify(isaacpjt/M0609/rmpflow/doosan-robot2/urdf/m0609_isaac_sim/configuration) by extension 'ignore_ament_install'
[0.136s] Level 1:colcon.colcon_core.package_identification:_identify(isaacpjt/M0609/rmpflow/doosan-robot2/urdf/m0609_isaac_sim/configuration) by extensions ['colcon_pkg']
[0.136s] Level 1:colcon.colcon_core.package_identification:_identify(isaacpjt/M0609/rmpflow/doosan-robot2/urdf/m0609_isaac_sim/configuration) by extension 'colcon_pkg'
[0.136s] Level 1:colcon.colcon_core.package_identification:_identify(isaacpjt/M0609/rmpflow/doosan-robot2/urdf/m0609_isaac_sim/configuration) by extensions ['colcon_meta']
[0.136s] Level 1:colcon.colcon_core.package_identification:_identify(isaacpjt/M0609/rmpflow/doosan-robot2/urdf/m0609_isaac_sim/configuration) by extension 'colcon_meta'
[0.136s] Level 1:colcon.colcon_core.package_identification:_identify(isaacpjt/M0609/rmpflow/doosan-robot2/urdf/m0609_isaac_sim/configuration) by extensions ['ros']
[0.136s] Level 1:colcon.colcon_core.package_identification:_identify(isaacpjt/M0609/rmpflow/doosan-robot2/urdf/m0609_isaac_sim/configuration) by extension 'ros'
[0.136s] Level 1:colcon.colcon_core.package_identification:_identify(isaacpjt/M0609/rmpflow/doosan-robot2/urdf/m0609_isaac_sim/configuration) by extensions ['cmake', 'python']
[0.136s] Level 1:colcon.colcon_core.package_identification:_identify(isaacpjt/M0609/rmpflow/doosan-robot2/urdf/m0609_isaac_sim/configuration) by extension 'cmake'
[0.136s] Level 1:colcon.colcon_core.package_identification:_identify(isaacpjt/M0609/rmpflow/doosan-robot2/urdf/m0609_isaac_sim/configuration) by extension 'python'
[0.136s] Level 1:colcon.colcon_core.package_identification:_identify(isaacpjt/M0609/rmpflow/doosan-robot2/urdf/m0609_isaac_sim/configuration) by extensions ['python_setup_py']
[0.136s] Level 1:colcon.colcon_core.package_identification:_identify(isaacpjt/M0609/rmpflow/doosan-robot2/urdf/m0609_isaac_sim/configuration) by extension 'python_setup_py'
[0.136s] Level 1:colcon.colcon_core.package_identification:_identify(isaacpjt/M0609/rmpflow/doosan-robot2/urdf/meshes) by extensions ['ignore', 'ignore_ament_install']
[0.136s] Level 1:colcon.colcon_core.package_identification:_identify(isaacpjt/M0609/rmpflow/doosan-robot2/urdf/meshes) by extension 'ignore'
[0.136s] Level 1:colcon.colcon_core.package_identification:_identify(isaacpjt/M0609/rmpflow/doosan-robot2/urdf/meshes) by extension 'ignore_ament_install'
[0.136s] Level 1:colcon.colcon_core.package_identification:_identify(isaacpjt/M0609/rmpflow/doosan-robot2/urdf/meshes) by extensions ['colcon_pkg']
[0.136s] Level 1:colcon.colcon_core.package_identification:_identify(isaacpjt/M0609/rmpflow/doosan-robot2/urdf/meshes) by extension 'colcon_pkg'
[0.136s] Level 1:colcon.colcon_core.package_identification:_identify(isaacpjt/M0609/rmpflow/doosan-robot2/urdf/meshes) by extensions ['colcon_meta']
[0.136s] Level 1:colcon.colcon_core.package_identification:_identify(isaacpjt/M0609/rmpflow/doosan-robot2/urdf/meshes) by extension 'colcon_meta'
[0.136s] Level 1:colcon.colcon_core.package_identification:_identify(isaacpjt/M0609/rmpflow/doosan-robot2/urdf/meshes) by extensions ['ros']
[0.136s] Level 1:colcon.colcon_core.package_identification:_identify(isaacpjt/M0609/rmpflow/doosan-robot2/urdf/meshes) by extension 'ros'
[0.136s] Level 1:colcon.colcon_core.package_identification:_identify(isaacpjt/M0609/rmpflow/doosan-robot2/urdf/meshes) by extensions ['cmake', 'python']
[0.136s] Level 1:colcon.colcon_core.package_identification:_identify(isaacpjt/M0609/rmpflow/doosan-robot2/urdf/meshes) by extension 'cmake'
[0.136s] Level 1:colcon.colcon_core.package_identification:_identify(isaacpjt/M0609/rmpflow/doosan-robot2/urdf/meshes) by extension 'python'
[0.136s] Level 1:colcon.colcon_core.package_identification:_identify(isaacpjt/M0609/rmpflow/doosan-robot2/urdf/meshes) by extensions ['python_setup_py']
[0.136s] Level 1:colcon.colcon_core.package_identification:_identify(isaacpjt/M0609/rmpflow/doosan-robot2/urdf/meshes) by extension 'python_setup_py'
[0.136s] Level 1:colcon.colcon_core.package_identification:_identify(isaacpjt/M0609/rmpflow/doosan-robot2/urdf/meshes/gripper) by extensions ['ignore', 'ignore_ament_install']
[0.136s] Level 1:colcon.colcon_core.package_identification:_identify(isaacpjt/M0609/rmpflow/doosan-robot2/urdf/meshes/gripper) by extension 'ignore'
[0.136s] Level 1:colcon.colcon_core.package_identification:_identify(isaacpjt/M0609/rmpflow/doosan-robot2/urdf/meshes/gripper) by extension 'ignore_ament_install'
[0.136s] Level 1:colcon.colcon_core.package_identification:_identify(isaacpjt/M0609/rmpflow/doosan-robot2/urdf/meshes/gripper) by extensions ['colcon_pkg']
[0.136s] Level 1:colcon.colcon_core.package_identification:_identify(isaacpjt/M0609/rmpflow/doosan-robot2/urdf/meshes/gripper) by extension 'colcon_pkg'
[0.136s] Level 1:colcon.colcon_core.package_identification:_identify(isaacpjt/M0609/rmpflow/doosan-robot2/urdf/meshes/gripper) by extensions ['colcon_meta']
[0.136s] Level 1:colcon.colcon_core.package_identification:_identify(isaacpjt/M0609/rmpflow/doosan-robot2/urdf/meshes/gripper) by extension 'colcon_meta'
[0.136s] Level 1:colcon.colcon_core.package_identification:_identify(isaacpjt/M0609/rmpflow/doosan-robot2/urdf/meshes/gripper) by extensions ['ros']
[0.136s] Level 1:colcon.colcon_core.package_identification:_identify(isaacpjt/M0609/rmpflow/doosan-robot2/urdf/meshes/gripper) by extension 'ros'
[0.136s] Level 1:colcon.colcon_core.package_identification:_identify(isaacpjt/M0609/rmpflow/doosan-robot2/urdf/meshes/gripper) by extensions ['cmake', 'python']
[0.136s] Level 1:colcon.colcon_core.package_identification:_identify(isaacpjt/M0609/rmpflow/doosan-robot2/urdf/meshes/gripper) by extension 'cmake'
[0.136s] Level 1:colcon.colcon_core.package_identification:_identify(isaacpjt/M0609/rmpflow/doosan-robot2/urdf/meshes/gripper) by extension 'python'
[0.136s] Level 1:colcon.colcon_core.package_identification:_identify(isaacpjt/M0609/rmpflow/doosan-robot2/urdf/meshes/gripper) by extensions ['python_setup_py']
[0.136s] Level 1:colcon.colcon_core.package_identification:_identify(isaacpjt/M0609/rmpflow/doosan-robot2/urdf/meshes/gripper) by extension 'python_setup_py'
[0.136s] Level 1:colcon.colcon_core.package_identification:_identify(isaacpjt/M0609/rmpflow/doosan-robot2/urdf/meshes/gripper/robotiq) by extensions ['ignore', 'ignore_ament_install']
[0.137s] Level 1:colcon.colcon_core.package_identification:_identify(isaacpjt/M0609/rmpflow/doosan-robot2/urdf/meshes/gripper/robotiq) by extension 'ignore'
[0.137s] Level 1:colcon.colcon_core.package_identification:_identify(isaacpjt/M0609/rmpflow/doosan-robot2/urdf/meshes/gripper/robotiq) by extension 'ignore_ament_install'
[0.137s] Level 1:colcon.colcon_core.package_identification:_identify(isaacpjt/M0609/rmpflow/doosan-robot2/urdf/meshes/gripper/robotiq) by extensions ['colcon_pkg']
[0.137s] Level 1:colcon.colcon_core.package_identification:_identify(isaacpjt/M0609/rmpflow/doosan-robot2/urdf/meshes/gripper/robotiq) by extension 'colcon_pkg'
[0.137s] Level 1:colcon.colcon_core.package_identification:_identify(isaacpjt/M0609/rmpflow/doosan-robot2/urdf/meshes/gripper/robotiq) by extensions ['colcon_meta']
[0.137s] Level 1:colcon.colcon_core.package_identification:_identify(isaacpjt/M0609/rmpflow/doosan-robot2/urdf/meshes/gripper/robotiq) by extension 'colcon_meta'
[0.137s] Level 1:colcon.colcon_core.package_identification:_identify(isaacpjt/M0609/rmpflow/doosan-robot2/urdf/meshes/gripper/robotiq) by extensions ['ros']
[0.137s] Level 1:colcon.colcon_core.package_identification:_identify(isaacpjt/M0609/rmpflow/doosan-robot2/urdf/meshes/gripper/robotiq) by extension 'ros'
[0.137s] Level 1:colcon.colcon_core.package_identification:_identify(isaacpjt/M0609/rmpflow/doosan-robot2/urdf/meshes/gripper/robotiq) by extensions ['cmake', 'python']
[0.137s] Level 1:colcon.colcon_core.package_identification:_identify(isaacpjt/M0609/rmpflow/doosan-robot2/urdf/meshes/gripper/robotiq) by extension 'cmake'
[0.137s] Level 1:colcon.colcon_core.package_identification:_identify(isaacpjt/M0609/rmpflow/doosan-robot2/urdf/meshes/gripper/robotiq) by extension 'python'
[0.137s] Level 1:colcon.colcon_core.package_identification:_identify(isaacpjt/M0609/rmpflow/doosan-robot2/urdf/meshes/gripper/robotiq) by extensions ['python_setup_py']
[0.137s] Level 1:colcon.colcon_core.package_identification:_identify(isaacpjt/M0609/rmpflow/doosan-robot2/urdf/meshes/gripper/robotiq) by extension 'python_setup_py'
[0.137s] Level 1:colcon.colcon_core.package_identification:_identify(isaacpjt/M0609/rmpflow/doosan-robot2/urdf/meshes/gripper/robotiq/85_2f) by extensions ['ignore', 'ignore_ament_install']
[0.137s] Level 1:colcon.colcon_core.package_identification:_identify(isaacpjt/M0609/rmpflow/doosan-robot2/urdf/meshes/gripper/robotiq/85_2f) by extension 'ignore'
[0.137s] Level 1:colcon.colcon_core.package_identification:_identify(isaacpjt/M0609/rmpflow/doosan-robot2/urdf/meshes/gripper/robotiq/85_2f) by extension 'ignore_ament_install'
[0.137s] Level 1:colcon.colcon_core.package_identification:_identify(isaacpjt/M0609/rmpflow/doosan-robot2/urdf/meshes/gripper/robotiq/85_2f) by extensions ['colcon_pkg']
[0.137s] Level 1:colcon.colcon_core.package_identification:_identify(isaacpjt/M0609/rmpflow/doosan-robot2/urdf/meshes/gripper/robotiq/85_2f) by extension 'colcon_pkg'
[0.137s] Level 1:colcon.colcon_core.package_identification:_identify(isaacpjt/M0609/rmpflow/doosan-robot2/urdf/meshes/gripper/robotiq/85_2f) by extensions ['colcon_meta']
[0.137s] Level 1:colcon.colcon_core.package_identification:_identify(isaacpjt/M0609/rmpflow/doosan-robot2/urdf/meshes/gripper/robotiq/85_2f) by extension 'colcon_meta'
[0.137s] Level 1:colcon.colcon_core.package_identification:_identify(isaacpjt/M0609/rmpflow/doosan-robot2/urdf/meshes/gripper/robotiq/85_2f) by extensions ['ros']
[0.137s] Level 1:colcon.colcon_core.package_identification:_identify(isaacpjt/M0609/rmpflow/doosan-robot2/urdf/meshes/gripper/robotiq/85_2f) by extension 'ros'
[0.137s] Level 1:colcon.colcon_core.package_identification:_identify(isaacpjt/M0609/rmpflow/doosan-robot2/urdf/meshes/gripper/robotiq/85_2f) by extensions ['cmake', 'python']
[0.137s] Level 1:colcon.colcon_core.package_identification:_identify(isaacpjt/M0609/rmpflow/doosan-robot2/urdf/meshes/gripper/robotiq/85_2f) by extension 'cmake'
[0.137s] Level 1:colcon.colcon_core.package_identification:_identify(isaacpjt/M0609/rmpflow/doosan-robot2/urdf/meshes/gripper/robotiq/85_2f) by extension 'python'
[0.137s] Level 1:colcon.colcon_core.package_identification:_identify(isaacpjt/M0609/rmpflow/doosan-robot2/urdf/meshes/gripper/robotiq/85_2f) by extensions ['python_setup_py']
[0.137s] Level 1:colcon.colcon_core.package_identification:_identify(isaacpjt/M0609/rmpflow/doosan-robot2/urdf/meshes/gripper/robotiq/85_2f) by extension 'python_setup_py'
[0.137s] Level 1:colcon.colcon_core.package_identification:_identify(isaacpjt/M0609/rmpflow/doosan-robot2/urdf/meshes/gripper/robotiq/85_2f/collision) by extensions ['ignore', 'ignore_ament_install']
[0.137s] Level 1:colcon.colcon_core.package_identification:_identify(isaacpjt/M0609/rmpflow/doosan-robot2/urdf/meshes/gripper/robotiq/85_2f/collision) by extension 'ignore'
[0.137s] Level 1:colcon.colcon_core.package_identification:_identify(isaacpjt/M0609/rmpflow/doosan-robot2/urdf/meshes/gripper/robotiq/85_2f/collision) by extension 'ignore_ament_install'
[0.137s] Level 1:colcon.colcon_core.package_identification:_identify(isaacpjt/M0609/rmpflow/doosan-robot2/urdf/meshes/gripper/robotiq/85_2f/collision) by extensions ['colcon_pkg']
[0.137s] Level 1:colcon.colcon_core.package_identification:_identify(isaacpjt/M0609/rmpflow/doosan-robot2/urdf/meshes/gripper/robotiq/85_2f/collision) by extension 'colcon_pkg'
[0.137s] Level 1:colcon.colcon_core.package_identification:_identify(isaacpjt/M0609/rmpflow/doosan-robot2/urdf/meshes/gripper/robotiq/85_2f/collision) by extensions ['colcon_meta']
[0.137s] Level 1:colcon.colcon_core.package_identification:_identify(isaacpjt/M0609/rmpflow/doosan-robot2/urdf/meshes/gripper/robotiq/85_2f/collision) by extension 'colcon_meta'
[0.137s] Level 1:colcon.colcon_core.package_identification:_identify(isaacpjt/M0609/rmpflow/doosan-robot2/urdf/meshes/gripper/robotiq/85_2f/collision) by extensions ['ros']
[0.137s] Level 1:colcon.colcon_core.package_identification:_identify(isaacpjt/M0609/rmpflow/doosan-robot2/urdf/meshes/gripper/robotiq/85_2f/collision) by extension 'ros'
[0.137s] Level 1:colcon.colcon_core.package_identification:_identify(isaacpjt/M0609/rmpflow/doosan-robot2/urdf/meshes/gripper/robotiq/85_2f/collision) by extensions ['cmake', 'python']
[0.137s] Level 1:colcon.colcon_core.package_identification:_identify(isaacpjt/M0609/rmpflow/doosan-robot2/urdf/meshes/gripper/robotiq/85_2f/collision) by extension 'cmake'
[0.137s] Level 1:colcon.colcon_core.package_identification:_identify(isaacpjt/M0609/rmpflow/doosan-robot2/urdf/meshes/gripper/robotiq/85_2f/collision) by extension 'python'
[0.137s] Level 1:colcon.colcon_core.package_identification:_identify(isaacpjt/M0609/rmpflow/doosan-robot2/urdf/meshes/gripper/robotiq/85_2f/collision) by extensions ['python_setup_py']
[0.137s] Level 1:colcon.colcon_core.package_identification:_identify(isaacpjt/M0609/rmpflow/doosan-robot2/urdf/meshes/gripper/robotiq/85_2f/collision) by extension 'python_setup_py'
[0.137s] Level 1:colcon.colcon_core.package_identification:_identify(isaacpjt/M0609/rmpflow/doosan-robot2/urdf/meshes/gripper/robotiq/85_2f/visual) by extensions ['ignore', 'ignore_ament_install']
[0.137s] Level 1:colcon.colcon_core.package_identification:_identify(isaacpjt/M0609/rmpflow/doosan-robot2/urdf/meshes/gripper/robotiq/85_2f/visual) by extension 'ignore'
[0.137s] Level 1:colcon.colcon_core.package_identification:_identify(isaacpjt/M0609/rmpflow/doosan-robot2/urdf/meshes/gripper/robotiq/85_2f/visual) by extension 'ignore_ament_install'
[0.137s] Level 1:colcon.colcon_core.package_identification:_identify(isaacpjt/M0609/rmpflow/doosan-robot2/urdf/meshes/gripper/robotiq/85_2f/visual) by extensions ['colcon_pkg']
[0.137s] Level 1:colcon.colcon_core.package_identification:_identify(isaacpjt/M0609/rmpflow/doosan-robot2/urdf/meshes/gripper/robotiq/85_2f/visual) by extension 'colcon_pkg'
[0.137s] Level 1:colcon.colcon_core.package_identification:_identify(isaacpjt/M0609/rmpflow/doosan-robot2/urdf/meshes/gripper/robotiq/85_2f/visual) by extensions ['colcon_meta']
[0.137s] Level 1:colcon.colcon_core.package_identification:_identify(isaacpjt/M0609/rmpflow/doosan-robot2/urdf/meshes/gripper/robotiq/85_2f/visual) by extension 'colcon_meta'
[0.137s] Level 1:colcon.colcon_core.package_identification:_identify(isaacpjt/M0609/rmpflow/doosan-robot2/urdf/meshes/gripper/robotiq/85_2f/visual) by extensions ['ros']
[0.137s] Level 1:colcon.colcon_core.package_identification:_identify(isaacpjt/M0609/rmpflow/doosan-robot2/urdf/meshes/gripper/robotiq/85_2f/visual) by extension 'ros'
[0.137s] Level 1:colcon.colcon_core.package_identification:_identify(isaacpjt/M0609/rmpflow/doosan-robot2/urdf/meshes/gripper/robotiq/85_2f/visual) by extensions ['cmake', 'python']
[0.137s] Level 1:colcon.colcon_core.package_identification:_identify(isaacpjt/M0609/rmpflow/doosan-robot2/urdf/meshes/gripper/robotiq/85_2f/visual) by extension 'cmake'
[0.137s] Level 1:colcon.colcon_core.package_identification:_identify(isaacpjt/M0609/rmpflow/doosan-robot2/urdf/meshes/gripper/robotiq/85_2f/visual) by extension 'python'
[0.137s] Level 1:colcon.colcon_core.package_identification:_identify(isaacpjt/M0609/rmpflow/doosan-robot2/urdf/meshes/gripper/robotiq/85_2f/visual) by extensions ['python_setup_py']
[0.137s] Level 1:colcon.colcon_core.package_identification:_identify(isaacpjt/M0609/rmpflow/doosan-robot2/urdf/meshes/gripper/robotiq/85_2f/visual) by extension 'python_setup_py'
[0.137s] Level 1:colcon.colcon_core.package_identification:_identify(isaacpjt/M0609/rmpflow/doosan-robot2/urdf/meshes/m0609_blue) by extensions ['ignore', 'ignore_ament_install']
[0.137s] Level 1:colcon.colcon_core.package_identification:_identify(isaacpjt/M0609/rmpflow/doosan-robot2/urdf/meshes/m0609_blue) by extension 'ignore'
[0.138s] Level 1:colcon.colcon_core.package_identification:_identify(isaacpjt/M0609/rmpflow/doosan-robot2/urdf/meshes/m0609_blue) by extension 'ignore_ament_install'
[0.138s] Level 1:colcon.colcon_core.package_identification:_identify(isaacpjt/M0609/rmpflow/doosan-robot2/urdf/meshes/m0609_blue) by extensions ['colcon_pkg']
[0.138s] Level 1:colcon.colcon_core.package_identification:_identify(isaacpjt/M0609/rmpflow/doosan-robot2/urdf/meshes/m0609_blue) by extension 'colcon_pkg'
[0.138s] Level 1:colcon.colcon_core.package_identification:_identify(isaacpjt/M0609/rmpflow/doosan-robot2/urdf/meshes/m0609_blue) by extensions ['colcon_meta']
[0.138s] Level 1:colcon.colcon_core.package_identification:_identify(isaacpjt/M0609/rmpflow/doosan-robot2/urdf/meshes/m0609_blue) by extension 'colcon_meta'
[0.138s] Level 1:colcon.colcon_core.package_identification:_identify(isaacpjt/M0609/rmpflow/doosan-robot2/urdf/meshes/m0609_blue) by extensions ['ros']
[0.138s] Level 1:colcon.colcon_core.package_identification:_identify(isaacpjt/M0609/rmpflow/doosan-robot2/urdf/meshes/m0609_blue) by extension 'ros'
[0.138s] Level 1:colcon.colcon_core.package_identification:_identify(isaacpjt/M0609/rmpflow/doosan-robot2/urdf/meshes/m0609_blue) by extensions ['cmake', 'python']
[0.138s] Level 1:colcon.colcon_core.package_identification:_identify(isaacpjt/M0609/rmpflow/doosan-robot2/urdf/meshes/m0609_blue) by extension 'cmake'
[0.138s] Level 1:colcon.colcon_core.package_identification:_identify(isaacpjt/M0609/rmpflow/doosan-robot2/urdf/meshes/m0609_blue) by extension 'python'
[0.138s] Level 1:colcon.colcon_core.package_identification:_identify(isaacpjt/M0609/rmpflow/doosan-robot2/urdf/meshes/m0609_blue) by extensions ['python_setup_py']
[0.138s] Level 1:colcon.colcon_core.package_identification:_identify(isaacpjt/M0609/rmpflow/doosan-robot2/urdf/meshes/m0609_blue) by extension 'python_setup_py'
[0.138s] Level 1:colcon.colcon_core.package_identification:_identify(isaacpjt/M0609/rmpflow/doosan-robot2/urdf/meshes/m0609_collision) by extensions ['ignore', 'ignore_ament_install']
[0.138s] Level 1:colcon.colcon_core.package_identification:_identify(isaacpjt/M0609/rmpflow/doosan-robot2/urdf/meshes/m0609_collision) by extension 'ignore'
[0.138s] Level 1:colcon.colcon_core.package_identification:_identify(isaacpjt/M0609/rmpflow/doosan-robot2/urdf/meshes/m0609_collision) by extension 'ignore_ament_install'
[0.138s] Level 1:colcon.colcon_core.package_identification:_identify(isaacpjt/M0609/rmpflow/doosan-robot2/urdf/meshes/m0609_collision) by extensions ['colcon_pkg']
[0.138s] Level 1:colcon.colcon_core.package_identification:_identify(isaacpjt/M0609/rmpflow/doosan-robot2/urdf/meshes/m0609_collision) by extension 'colcon_pkg'
[0.138s] Level 1:colcon.colcon_core.package_identification:_identify(isaacpjt/M0609/rmpflow/doosan-robot2/urdf/meshes/m0609_collision) by extensions ['colcon_meta']
[0.138s] Level 1:colcon.colcon_core.package_identification:_identify(isaacpjt/M0609/rmpflow/doosan-robot2/urdf/meshes/m0609_collision) by extension 'colcon_meta'
[0.138s] Level 1:colcon.colcon_core.package_identification:_identify(isaacpjt/M0609/rmpflow/doosan-robot2/urdf/meshes/m0609_collision) by extensions ['ros']
[0.138s] Level 1:colcon.colcon_core.package_identification:_identify(isaacpjt/M0609/rmpflow/doosan-robot2/urdf/meshes/m0609_collision) by extension 'ros'
[0.138s] Level 1:colcon.colcon_core.package_identification:_identify(isaacpjt/M0609/rmpflow/doosan-robot2/urdf/meshes/m0609_collision) by extensions ['cmake', 'python']
[0.138s] Level 1:colcon.colcon_core.package_identification:_identify(isaacpjt/M0609/rmpflow/doosan-robot2/urdf/meshes/m0609_collision) by extension 'cmake'
[0.138s] Level 1:colcon.colcon_core.package_identification:_identify(isaacpjt/M0609/rmpflow/doosan-robot2/urdf/meshes/m0609_collision) by extension 'python'
[0.138s] Level 1:colcon.colcon_core.package_identification:_identify(isaacpjt/M0609/rmpflow/doosan-robot2/urdf/meshes/m0609_collision) by extensions ['python_setup_py']
[0.138s] Level 1:colcon.colcon_core.package_identification:_identify(isaacpjt/M0609/rmpflow/doosan-robot2/urdf/meshes/m0609_collision) by extension 'python_setup_py'
[0.138s] Level 1:colcon.colcon_core.package_identification:_identify(isaacpjt/M0609/rmpflow/doosan-robot2/urdf/meshes/m0609_white) by extensions ['ignore', 'ignore_ament_install']
[0.138s] Level 1:colcon.colcon_core.package_identification:_identify(isaacpjt/M0609/rmpflow/doosan-robot2/urdf/meshes/m0609_white) by extension 'ignore'
[0.138s] Level 1:colcon.colcon_core.package_identification:_identify(isaacpjt/M0609/rmpflow/doosan-robot2/urdf/meshes/m0609_white) by extension 'ignore_ament_install'
[0.138s] Level 1:colcon.colcon_core.package_identification:_identify(isaacpjt/M0609/rmpflow/doosan-robot2/urdf/meshes/m0609_white) by extensions ['colcon_pkg']
[0.138s] Level 1:colcon.colcon_core.package_identification:_identify(isaacpjt/M0609/rmpflow/doosan-robot2/urdf/meshes/m0609_white) by extension 'colcon_pkg'
[0.138s] Level 1:colcon.colcon_core.package_identification:_identify(isaacpjt/M0609/rmpflow/doosan-robot2/urdf/meshes/m0609_white) by extensions ['colcon_meta']
[0.138s] Level 1:colcon.colcon_core.package_identification:_identify(isaacpjt/M0609/rmpflow/doosan-robot2/urdf/meshes/m0609_white) by extension 'colcon_meta'
[0.138s] Level 1:colcon.colcon_core.package_identification:_identify(isaacpjt/M0609/rmpflow/doosan-robot2/urdf/meshes/m0609_white) by extensions ['ros']
[0.138s] Level 1:colcon.colcon_core.package_identification:_identify(isaacpjt/M0609/rmpflow/doosan-robot2/urdf/meshes/m0609_white) by extension 'ros'
[0.138s] Level 1:colcon.colcon_core.package_identification:_identify(isaacpjt/M0609/rmpflow/doosan-robot2/urdf/meshes/m0609_white) by extensions ['cmake', 'python']
[0.138s] Level 1:colcon.colcon_core.package_identification:_identify(isaacpjt/M0609/rmpflow/doosan-robot2/urdf/meshes/m0609_white) by extension 'cmake'
[0.138s] Level 1:colcon.colcon_core.package_identification:_identify(isaacpjt/M0609/rmpflow/doosan-robot2/urdf/meshes/m0609_white) by extension 'python'
[0.138s] Level 1:colcon.colcon_core.package_identification:_identify(isaacpjt/M0609/rmpflow/doosan-robot2/urdf/meshes/m0609_white) by extensions ['python_setup_py']
[0.138s] Level 1:colcon.colcon_core.package_identification:_identify(isaacpjt/M0609/rmpflow/doosan-robot2/urdf/meshes/m0609_white) by extension 'python_setup_py'
[0.138s] Level 1:colcon.colcon_core.package_identification:_identify(isaacpjt/M0609/rmpflow/doosan-robot2/usd) by extensions ['ignore', 'ignore_ament_install']
[0.138s] Level 1:colcon.colcon_core.package_identification:_identify(isaacpjt/M0609/rmpflow/doosan-robot2/usd) by extension 'ignore'
[0.138s] Level 1:colcon.colcon_core.package_identification:_identify(isaacpjt/M0609/rmpflow/doosan-robot2/usd) by extension 'ignore_ament_install'
[0.138s] Level 1:colcon.colcon_core.package_identification:_identify(isaacpjt/M0609/rmpflow/doosan-robot2/usd) by extensions ['colcon_pkg']
[0.138s] Level 1:colcon.colcon_core.package_identification:_identify(isaacpjt/M0609/rmpflow/doosan-robot2/usd) by extension 'colcon_pkg'
[0.138s] Level 1:colcon.colcon_core.package_identification:_identify(isaacpjt/M0609/rmpflow/doosan-robot2/usd) by extensions ['colcon_meta']
[0.138s] Level 1:colcon.colcon_core.package_identification:_identify(isaacpjt/M0609/rmpflow/doosan-robot2/usd) by extension 'colcon_meta'
[0.138s] Level 1:colcon.colcon_core.package_identification:_identify(isaacpjt/M0609/rmpflow/doosan-robot2/usd) by extensions ['ros']
[0.138s] Level 1:colcon.colcon_core.package_identification:_identify(isaacpjt/M0609/rmpflow/doosan-robot2/usd) by extension 'ros'
[0.138s] Level 1:colcon.colcon_core.package_identification:_identify(isaacpjt/M0609/rmpflow/doosan-robot2/usd) by extensions ['cmake', 'python']
[0.138s] Level 1:colcon.colcon_core.package_identification:_identify(isaacpjt/M0609/rmpflow/doosan-robot2/usd) by extension 'cmake'
[0.138s] Level 1:colcon.colcon_core.package_identification:_identify(isaacpjt/M0609/rmpflow/doosan-robot2/usd) by extension 'python'
[0.138s] Level 1:colcon.colcon_core.package_identification:_identify(isaacpjt/M0609/rmpflow/doosan-robot2/usd) by extensions ['python_setup_py']
[0.138s] Level 1:colcon.colcon_core.package_identification:_identify(isaacpjt/M0609/rmpflow/doosan-robot2/usd) by extension 'python_setup_py'
[0.138s] Level 1:colcon.colcon_core.package_identification:_identify(isaacpjt/basic) by extensions ['ignore', 'ignore_ament_install']
[0.138s] Level 1:colcon.colcon_core.package_identification:_identify(isaacpjt/basic) by extension 'ignore'
[0.138s] Level 1:colcon.colcon_core.package_identification:_identify(isaacpjt/basic) by extension 'ignore_ament_install'
[0.138s] Level 1:colcon.colcon_core.package_identification:_identify(isaacpjt/basic) by extensions ['colcon_pkg']
[0.138s] Level 1:colcon.colcon_core.package_identification:_identify(isaacpjt/basic) by extension 'colcon_pkg'
[0.138s] Level 1:colcon.colcon_core.package_identification:_identify(isaacpjt/basic) by extensions ['colcon_meta']
[0.138s] Level 1:colcon.colcon_core.package_identification:_identify(isaacpjt/basic) by extension 'colcon_meta'
[0.138s] Level 1:colcon.colcon_core.package_identification:_identify(isaacpjt/basic) by extensions ['ros']
[0.138s] Level 1:colcon.colcon_core.package_identification:_identify(isaacpjt/basic) by extension 'ros'
[0.139s] Level 1:colcon.colcon_core.package_identification:_identify(isaacpjt/basic) by extensions ['cmake', 'python']
[0.139s] Level 1:colcon.colcon_core.package_identification:_identify(isaacpjt/basic) by extension 'cmake'
[0.139s] Level 1:colcon.colcon_core.package_identification:_identify(isaacpjt/basic) by extension 'python'
[0.139s] Level 1:colcon.colcon_core.package_identification:_identify(isaacpjt/basic) by extensions ['python_setup_py']
[0.139s] Level 1:colcon.colcon_core.package_identification:_identify(isaacpjt/basic) by extension 'python_setup_py'
[0.139s] Level 1:colcon.colcon_core.package_identification:_identify(isaacpjt/hwia_parking_robot_final_caster_package) by extensions ['ignore', 'ignore_ament_install']
[0.139s] Level 1:colcon.colcon_core.package_identification:_identify(isaacpjt/hwia_parking_robot_final_caster_package) by extension 'ignore'
[0.139s] Level 1:colcon.colcon_core.package_identification:_identify(isaacpjt/hwia_parking_robot_final_caster_package) by extension 'ignore_ament_install'
[0.139s] Level 1:colcon.colcon_core.package_identification:_identify(isaacpjt/hwia_parking_robot_final_caster_package) by extensions ['colcon_pkg']
[0.139s] Level 1:colcon.colcon_core.package_identification:_identify(isaacpjt/hwia_parking_robot_final_caster_package) by extension 'colcon_pkg'
[0.139s] Level 1:colcon.colcon_core.package_identification:_identify(isaacpjt/hwia_parking_robot_final_caster_package) by extensions ['colcon_meta']
[0.139s] Level 1:colcon.colcon_core.package_identification:_identify(isaacpjt/hwia_parking_robot_final_caster_package) by extension 'colcon_meta'
[0.139s] Level 1:colcon.colcon_core.package_identification:_identify(isaacpjt/hwia_parking_robot_final_caster_package) by extensions ['ros']
[0.139s] Level 1:colcon.colcon_core.package_identification:_identify(isaacpjt/hwia_parking_robot_final_caster_package) by extension 'ros'
[0.139s] Level 1:colcon.colcon_core.package_identification:_identify(isaacpjt/hwia_parking_robot_final_caster_package) by extensions ['cmake', 'python']
[0.139s] Level 1:colcon.colcon_core.package_identification:_identify(isaacpjt/hwia_parking_robot_final_caster_package) by extension 'cmake'
[0.139s] Level 1:colcon.colcon_core.package_identification:_identify(isaacpjt/hwia_parking_robot_final_caster_package) by extension 'python'
[0.139s] Level 1:colcon.colcon_core.package_identification:_identify(isaacpjt/hwia_parking_robot_final_caster_package) by extensions ['python_setup_py']
[0.139s] Level 1:colcon.colcon_core.package_identification:_identify(isaacpjt/hwia_parking_robot_final_caster_package) by extension 'python_setup_py'
[0.139s] Level 1:colcon.colcon_core.package_identification:_identify(isaacpjt/hwia_parking_robot_final_caster_package/configuration) by extensions ['ignore', 'ignore_ament_install']
[0.139s] Level 1:colcon.colcon_core.package_identification:_identify(isaacpjt/hwia_parking_robot_final_caster_package/configuration) by extension 'ignore'
[0.139s] Level 1:colcon.colcon_core.package_identification:_identify(isaacpjt/hwia_parking_robot_final_caster_package/configuration) by extension 'ignore_ament_install'
[0.139s] Level 1:colcon.colcon_core.package_identification:_identify(isaacpjt/hwia_parking_robot_final_caster_package/configuration) by extensions ['colcon_pkg']
[0.139s] Level 1:colcon.colcon_core.package_identification:_identify(isaacpjt/hwia_parking_robot_final_caster_package/configuration) by extension 'colcon_pkg'
[0.139s] Level 1:colcon.colcon_core.package_identification:_identify(isaacpjt/hwia_parking_robot_final_caster_package/configuration) by extensions ['colcon_meta']
[0.139s] Level 1:colcon.colcon_core.package_identification:_identify(isaacpjt/hwia_parking_robot_final_caster_package/configuration) by extension 'colcon_meta'
[0.139s] Level 1:colcon.colcon_core.package_identification:_identify(isaacpjt/hwia_parking_robot_final_caster_package/configuration) by extensions ['ros']
[0.139s] Level 1:colcon.colcon_core.package_identification:_identify(isaacpjt/hwia_parking_robot_final_caster_package/configuration) by extension 'ros'
[0.139s] Level 1:colcon.colcon_core.package_identification:_identify(isaacpjt/hwia_parking_robot_final_caster_package/configuration) by extensions ['cmake', 'python']
[0.139s] Level 1:colcon.colcon_core.package_identification:_identify(isaacpjt/hwia_parking_robot_final_caster_package/configuration) by extension 'cmake'
[0.139s] Level 1:colcon.colcon_core.package_identification:_identify(isaacpjt/hwia_parking_robot_final_caster_package/configuration) by extension 'python'
[0.139s] Level 1:colcon.colcon_core.package_identification:_identify(isaacpjt/hwia_parking_robot_final_caster_package/configuration) by extensions ['python_setup_py']
[0.139s] Level 1:colcon.colcon_core.package_identification:_identify(isaacpjt/hwia_parking_robot_final_caster_package/configuration) by extension 'python_setup_py'
[0.139s] Level 1:colcon.colcon_core.package_identification:_identify(log) by extensions ['ignore', 'ignore_ament_install']
[0.139s] Level 1:colcon.colcon_core.package_identification:_identify(log) by extension 'ignore'
[0.139s] Level 1:colcon.colcon_core.package_identification:_identify(log) ignored
[0.139s] Level 1:colcon.colcon_core.package_identification:_identify(parking_control_mvp) by extensions ['ignore', 'ignore_ament_install']
[0.139s] Level 1:colcon.colcon_core.package_identification:_identify(parking_control_mvp) by extension 'ignore'
[0.139s] Level 1:colcon.colcon_core.package_identification:_identify(parking_control_mvp) by extension 'ignore_ament_install'
[0.139s] Level 1:colcon.colcon_core.package_identification:_identify(parking_control_mvp) by extensions ['colcon_pkg']
[0.139s] Level 1:colcon.colcon_core.package_identification:_identify(parking_control_mvp) by extension 'colcon_pkg'
[0.139s] Level 1:colcon.colcon_core.package_identification:_identify(parking_control_mvp) by extensions ['colcon_meta']
[0.139s] Level 1:colcon.colcon_core.package_identification:_identify(parking_control_mvp) by extension 'colcon_meta'
[0.139s] Level 1:colcon.colcon_core.package_identification:_identify(parking_control_mvp) by extensions ['ros']
[0.139s] Level 1:colcon.colcon_core.package_identification:_identify(parking_control_mvp) by extension 'ros'
[0.139s] Level 1:colcon.colcon_core.package_identification:_identify(parking_control_mvp) by extensions ['cmake', 'python']
[0.139s] Level 1:colcon.colcon_core.package_identification:_identify(parking_control_mvp) by extension 'cmake'
[0.139s] Level 1:colcon.colcon_core.package_identification:_identify(parking_control_mvp) by extension 'python'
[0.139s] Level 1:colcon.colcon_core.package_identification:_identify(parking_control_mvp) by extensions ['python_setup_py']
[0.139s] Level 1:colcon.colcon_core.package_identification:_identify(parking_control_mvp) by extension 'python_setup_py'
[0.139s] Level 1:colcon.colcon_core.package_identification:_identify(parking_control_mvp/__pycache__) by extensions ['ignore', 'ignore_ament_install']
[0.139s] Level 1:colcon.colcon_core.package_identification:_identify(parking_control_mvp/__pycache__) by extension 'ignore'
[0.139s] Level 1:colcon.colcon_core.package_identification:_identify(parking_control_mvp/__pycache__) by extension 'ignore_ament_install'
[0.139s] Level 1:colcon.colcon_core.package_identification:_identify(parking_control_mvp/__pycache__) by extensions ['colcon_pkg']
[0.139s] Level 1:colcon.colcon_core.package_identification:_identify(parking_control_mvp/__pycache__) by extension 'colcon_pkg'
[0.139s] Level 1:colcon.colcon_core.package_identification:_identify(parking_control_mvp/__pycache__) by extensions ['colcon_meta']
[0.139s] Level 1:colcon.colcon_core.package_identification:_identify(parking_control_mvp/__pycache__) by extension 'colcon_meta'
[0.139s] Level 1:colcon.colcon_core.package_identification:_identify(parking_control_mvp/__pycache__) by extensions ['ros']
[0.139s] Level 1:colcon.colcon_core.package_identification:_identify(parking_control_mvp/__pycache__) by extension 'ros'
[0.139s] Level 1:colcon.colcon_core.package_identification:_identify(parking_control_mvp/__pycache__) by extensions ['cmake', 'python']
[0.139s] Level 1:colcon.colcon_core.package_identification:_identify(parking_control_mvp/__pycache__) by extension 'cmake'
[0.140s] Level 1:colcon.colcon_core.package_identification:_identify(parking_control_mvp/__pycache__) by extension 'python'
[0.140s] Level 1:colcon.colcon_core.package_identification:_identify(parking_control_mvp/__pycache__) by extensions ['python_setup_py']
[0.140s] Level 1:colcon.colcon_core.package_identification:_identify(parking_control_mvp/__pycache__) by extension 'python_setup_py'
[0.140s] Level 1:colcon.colcon_core.package_identification:_identify(parking_control_mvp/core) by extensions ['ignore', 'ignore_ament_install']
[0.140s] Level 1:colcon.colcon_core.package_identification:_identify(parking_control_mvp/core) by extension 'ignore'
[0.140s] Level 1:colcon.colcon_core.package_identification:_identify(parking_control_mvp/core) by extension 'ignore_ament_install'
[0.140s] Level 1:colcon.colcon_core.package_identification:_identify(parking_control_mvp/core) by extensions ['colcon_pkg']
[0.140s] Level 1:colcon.colcon_core.package_identification:_identify(parking_control_mvp/core) by extension 'colcon_pkg'
[0.140s] Level 1:colcon.colcon_core.package_identification:_identify(parking_control_mvp/core) by extensions ['colcon_meta']
[0.140s] Level 1:colcon.colcon_core.package_identification:_identify(parking_control_mvp/core) by extension 'colcon_meta'
[0.140s] Level 1:colcon.colcon_core.package_identification:_identify(parking_control_mvp/core) by extensions ['ros']
[0.140s] Level 1:colcon.colcon_core.package_identification:_identify(parking_control_mvp/core) by extension 'ros'
[0.140s] Level 1:colcon.colcon_core.package_identification:_identify(parking_control_mvp/core) by extensions ['cmake', 'python']
[0.140s] Level 1:colcon.colcon_core.package_identification:_identify(parking_control_mvp/core) by extension 'cmake'
[0.140s] Level 1:colcon.colcon_core.package_identification:_identify(parking_control_mvp/core) by extension 'python'
[0.140s] Level 1:colcon.colcon_core.package_identification:_identify(parking_control_mvp/core) by extensions ['python_setup_py']
[0.140s] Level 1:colcon.colcon_core.package_identification:_identify(parking_control_mvp/core) by extension 'python_setup_py'
[0.140s] Level 1:colcon.colcon_core.package_identification:_identify(parking_control_mvp/core/__pycache__) by extensions ['ignore', 'ignore_ament_install']
[0.140s] Level 1:colcon.colcon_core.package_identification:_identify(parking_control_mvp/core/__pycache__) by extension 'ignore'
[0.140s] Level 1:colcon.colcon_core.package_identification:_identify(parking_control_mvp/core/__pycache__) by extension 'ignore_ament_install'
[0.140s] Level 1:colcon.colcon_core.package_identification:_identify(parking_control_mvp/core/__pycache__) by extensions ['colcon_pkg']
[0.140s] Level 1:colcon.colcon_core.package_identification:_identify(parking_control_mvp/core/__pycache__) by extension 'colcon_pkg'
[0.140s] Level 1:colcon.colcon_core.package_identification:_identify(parking_control_mvp/core/__pycache__) by extensions ['colcon_meta']
[0.140s] Level 1:colcon.colcon_core.package_identification:_identify(parking_control_mvp/core/__pycache__) by extension 'colcon_meta'
[0.140s] Level 1:colcon.colcon_core.package_identification:_identify(parking_control_mvp/core/__pycache__) by extensions ['ros']
[0.140s] Level 1:colcon.colcon_core.package_identification:_identify(parking_control_mvp/core/__pycache__) by extension 'ros'
[0.140s] Level 1:colcon.colcon_core.package_identification:_identify(parking_control_mvp/core/__pycache__) by extensions ['cmake', 'python']
[0.140s] Level 1:colcon.colcon_core.package_identification:_identify(parking_control_mvp/core/__pycache__) by extension 'cmake'
[0.140s] Level 1:colcon.colcon_core.package_identification:_identify(parking_control_mvp/core/__pycache__) by extension 'python'
[0.140s] Level 1:colcon.colcon_core.package_identification:_identify(parking_control_mvp/core/__pycache__) by extensions ['python_setup_py']
[0.140s] Level 1:colcon.colcon_core.package_identification:_identify(parking_control_mvp/core/__pycache__) by extension 'python_setup_py'
[0.140s] Level 1:colcon.colcon_core.package_identification:_identify(parking_control_mvp/sources) by extensions ['ignore', 'ignore_ament_install']
[0.140s] Level 1:colcon.colcon_core.package_identification:_identify(parking_control_mvp/sources) by extension 'ignore'
[0.140s] Level 1:colcon.colcon_core.package_identification:_identify(parking_control_mvp/sources) by extension 'ignore_ament_install'
[0.140s] Level 1:colcon.colcon_core.package_identification:_identify(parking_control_mvp/sources) by extensions ['colcon_pkg']
[0.140s] Level 1:colcon.colcon_core.package_identification:_identify(parking_control_mvp/sources) by extension 'colcon_pkg'
[0.140s] Level 1:colcon.colcon_core.package_identification:_identify(parking_control_mvp/sources) by extensions ['colcon_meta']
[0.140s] Level 1:colcon.colcon_core.package_identification:_identify(parking_control_mvp/sources) by extension 'colcon_meta'
[0.140s] Level 1:colcon.colcon_core.package_identification:_identify(parking_control_mvp/sources) by extensions ['ros']
[0.140s] Level 1:colcon.colcon_core.package_identification:_identify(parking_control_mvp/sources) by extension 'ros'
[0.140s] Level 1:colcon.colcon_core.package_identification:_identify(parking_control_mvp/sources) by extensions ['cmake', 'python']
[0.140s] Level 1:colcon.colcon_core.package_identification:_identify(parking_control_mvp/sources) by extension 'cmake'
[0.140s] Level 1:colcon.colcon_core.package_identification:_identify(parking_control_mvp/sources) by extension 'python'
[0.140s] Level 1:colcon.colcon_core.package_identification:_identify(parking_control_mvp/sources) by extensions ['python_setup_py']
[0.140s] Level 1:colcon.colcon_core.package_identification:_identify(parking_control_mvp/sources) by extension 'python_setup_py'
[0.140s] Level 1:colcon.colcon_core.package_identification:_identify(parking_control_mvp/sources/__pycache__) by extensions ['ignore', 'ignore_ament_install']
[0.140s] Level 1:colcon.colcon_core.package_identification:_identify(parking_control_mvp/sources/__pycache__) by extension 'ignore'
[0.140s] Level 1:colcon.colcon_core.package_identification:_identify(parking_control_mvp/sources/__pycache__) by extension 'ignore_ament_install'
[0.140s] Level 1:colcon.colcon_core.package_identification:_identify(parking_control_mvp/sources/__pycache__) by extensions ['colcon_pkg']
[0.140s] Level 1:colcon.colcon_core.package_identification:_identify(parking_control_mvp/sources/__pycache__) by extension 'colcon_pkg'
[0.140s] Level 1:colcon.colcon_core.package_identification:_identify(parking_control_mvp/sources/__pycache__) by extensions ['colcon_meta']
[0.140s] Level 1:colcon.colcon_core.package_identification:_identify(parking_control_mvp/sources/__pycache__) by extension 'colcon_meta'
[0.140s] Level 1:colcon.colcon_core.package_identification:_identify(parking_control_mvp/sources/__pycache__) by extensions ['ros']
[0.140s] Level 1:colcon.colcon_core.package_identification:_identify(parking_control_mvp/sources/__pycache__) by extension 'ros'
[0.140s] Level 1:colcon.colcon_core.package_identification:_identify(parking_control_mvp/sources/__pycache__) by extensions ['cmake', 'python']
[0.140s] Level 1:colcon.colcon_core.package_identification:_identify(parking_control_mvp/sources/__pycache__) by extension 'cmake'
[0.140s] Level 1:colcon.colcon_core.package_identification:_identify(parking_control_mvp/sources/__pycache__) by extension 'python'
[0.140s] Level 1:colcon.colcon_core.package_identification:_identify(parking_control_mvp/sources/__pycache__) by extensions ['python_setup_py']
[0.140s] Level 1:colcon.colcon_core.package_identification:_identify(parking_control_mvp/sources/__pycache__) by extension 'python_setup_py'
[0.140s] Level 1:colcon.colcon_core.package_identification:_identify(parking_control_mvp/static) by extensions ['ignore', 'ignore_ament_install']
[0.140s] Level 1:colcon.colcon_core.package_identification:_identify(parking_control_mvp/static) by extension 'ignore'
[0.140s] Level 1:colcon.colcon_core.package_identification:_identify(parking_control_mvp/static) by extension 'ignore_ament_install'
[0.141s] Level 1:colcon.colcon_core.package_identification:_identify(parking_control_mvp/static) by extensions ['colcon_pkg']
[0.141s] Level 1:colcon.colcon_core.package_identification:_identify(parking_control_mvp/static) by extension 'colcon_pkg'
[0.141s] Level 1:colcon.colcon_core.package_identification:_identify(parking_control_mvp/static) by extensions ['colcon_meta']
[0.141s] Level 1:colcon.colcon_core.package_identification:_identify(parking_control_mvp/static) by extension 'colcon_meta'
[0.141s] Level 1:colcon.colcon_core.package_identification:_identify(parking_control_mvp/static) by extensions ['ros']
[0.141s] Level 1:colcon.colcon_core.package_identification:_identify(parking_control_mvp/static) by extension 'ros'
[0.141s] Level 1:colcon.colcon_core.package_identification:_identify(parking_control_mvp/static) by extensions ['cmake', 'python']
[0.141s] Level 1:colcon.colcon_core.package_identification:_identify(parking_control_mvp/static) by extension 'cmake'
[0.141s] Level 1:colcon.colcon_core.package_identification:_identify(parking_control_mvp/static) by extension 'python'
[0.141s] Level 1:colcon.colcon_core.package_identification:_identify(parking_control_mvp/static) by extensions ['python_setup_py']
[0.141s] Level 1:colcon.colcon_core.package_identification:_identify(parking_control_mvp/static) by extension 'python_setup_py'
[0.141s] Level 1:colcon.colcon_core.package_identification:_identify(src) by extensions ['ignore', 'ignore_ament_install']
[0.141s] Level 1:colcon.colcon_core.package_identification:_identify(src) by extension 'ignore'
[0.141s] Level 1:colcon.colcon_core.package_identification:_identify(src) by extension 'ignore_ament_install'
[0.141s] Level 1:colcon.colcon_core.package_identification:_identify(src) by extensions ['colcon_pkg']
[0.141s] Level 1:colcon.colcon_core.package_identification:_identify(src) by extension 'colcon_pkg'
[0.141s] Level 1:colcon.colcon_core.package_identification:_identify(src) by extensions ['colcon_meta']
[0.141s] Level 1:colcon.colcon_core.package_identification:_identify(src) by extension 'colcon_meta'
[0.141s] Level 1:colcon.colcon_core.package_identification:_identify(src) by extensions ['ros']
[0.141s] Level 1:colcon.colcon_core.package_identification:_identify(src) by extension 'ros'
[0.141s] Level 1:colcon.colcon_core.package_identification:_identify(src) by extensions ['cmake', 'python']
[0.141s] Level 1:colcon.colcon_core.package_identification:_identify(src) by extension 'cmake'
[0.141s] Level 1:colcon.colcon_core.package_identification:_identify(src) by extension 'python'
[0.141s] Level 1:colcon.colcon_core.package_identification:_identify(src) by extensions ['python_setup_py']
[0.141s] Level 1:colcon.colcon_core.package_identification:_identify(src) by extension 'python_setup_py'
[0.141s] Level 1:colcon.colcon_core.package_identification:_identify(src/M0609) by extensions ['ignore', 'ignore_ament_install']
[0.141s] Level 1:colcon.colcon_core.package_identification:_identify(src/M0609) by extension 'ignore'
[0.141s] Level 1:colcon.colcon_core.package_identification:_identify(src/M0609) by extension 'ignore_ament_install'
[0.141s] Level 1:colcon.colcon_core.package_identification:_identify(src/M0609) by extensions ['colcon_pkg']
[0.141s] Level 1:colcon.colcon_core.package_identification:_identify(src/M0609) by extension 'colcon_pkg'
[0.141s] Level 1:colcon.colcon_core.package_identification:_identify(src/M0609) by extensions ['colcon_meta']
[0.141s] Level 1:colcon.colcon_core.package_identification:_identify(src/M0609) by extension 'colcon_meta'
[0.141s] Level 1:colcon.colcon_core.package_identification:_identify(src/M0609) by extensions ['ros']
[0.141s] Level 1:colcon.colcon_core.package_identification:_identify(src/M0609) by extension 'ros'
[0.142s] DEBUG:colcon.colcon_core.package_identification:Package 'src/M0609' with type 'ros.ament_python' and name 'M0609'
[0.143s] Level 1:colcon.colcon_core.package_identification:_identify(src/parkbot_aruco) by extensions ['ignore', 'ignore_ament_install']
[0.143s] Level 1:colcon.colcon_core.package_identification:_identify(src/parkbot_aruco) by extension 'ignore'
[0.143s] Level 1:colcon.colcon_core.package_identification:_identify(src/parkbot_aruco) by extension 'ignore_ament_install'
[0.143s] Level 1:colcon.colcon_core.package_identification:_identify(src/parkbot_aruco) by extensions ['colcon_pkg']
[0.143s] Level 1:colcon.colcon_core.package_identification:_identify(src/parkbot_aruco) by extension 'colcon_pkg'
[0.143s] Level 1:colcon.colcon_core.package_identification:_identify(src/parkbot_aruco) by extensions ['colcon_meta']
[0.143s] Level 1:colcon.colcon_core.package_identification:_identify(src/parkbot_aruco) by extension 'colcon_meta'
[0.143s] Level 1:colcon.colcon_core.package_identification:_identify(src/parkbot_aruco) by extensions ['ros']
[0.143s] Level 1:colcon.colcon_core.package_identification:_identify(src/parkbot_aruco) by extension 'ros'
[0.143s] DEBUG:colcon.colcon_core.package_identification:Package 'src/parkbot_aruco' with type 'ros.ament_python' and name 'parkbot_aruco'
[0.143s] Level 1:colcon.colcon_core.package_identification:_identify(src/parking_control) by extensions ['ignore', 'ignore_ament_install']
[0.143s] Level 1:colcon.colcon_core.package_identification:_identify(src/parking_control) by extension 'ignore'
[0.143s] Level 1:colcon.colcon_core.package_identification:_identify(src/parking_control) by extension 'ignore_ament_install'
[0.143s] Level 1:colcon.colcon_core.package_identification:_identify(src/parking_control) by extensions ['colcon_pkg']
[0.143s] Level 1:colcon.colcon_core.package_identification:_identify(src/parking_control) by extension 'colcon_pkg'
[0.143s] Level 1:colcon.colcon_core.package_identification:_identify(src/parking_control) by extensions ['colcon_meta']
[0.143s] Level 1:colcon.colcon_core.package_identification:_identify(src/parking_control) by extension 'colcon_meta'
[0.143s] Level 1:colcon.colcon_core.package_identification:_identify(src/parking_control) by extensions ['ros']
[0.143s] Level 1:colcon.colcon_core.package_identification:_identify(src/parking_control) by extension 'ros'
[0.144s] DEBUG:colcon.colcon_core.package_identification:Package 'src/parking_control' with type 'ros.ament_python' and name 'parking_control'
[0.144s] Level 1:colcon.colcon_core.package_identification:_identify(src/parking_robot_interfaces) by extensions ['ignore', 'ignore_ament_install']
[0.144s] Level 1:colcon.colcon_core.package_identification:_identify(src/parking_robot_interfaces) by extension 'ignore'
[0.144s] Level 1:colcon.colcon_core.package_identification:_identify(src/parking_robot_interfaces) by extension 'ignore_ament_install'
[0.144s] Level 1:colcon.colcon_core.package_identification:_identify(src/parking_robot_interfaces) by extensions ['colcon_pkg']
[0.144s] Level 1:colcon.colcon_core.package_identification:_identify(src/parking_robot_interfaces) by extension 'colcon_pkg'
[0.144s] Level 1:colcon.colcon_core.package_identification:_identify(src/parking_robot_interfaces) by extensions ['colcon_meta']
[0.144s] Level 1:colcon.colcon_core.package_identification:_identify(src/parking_robot_interfaces) by extension 'colcon_meta'
[0.144s] Level 1:colcon.colcon_core.package_identification:_identify(src/parking_robot_interfaces) by extensions ['ros']
[0.144s] Level 1:colcon.colcon_core.package_identification:_identify(src/parking_robot_interfaces) by extension 'ros'
[0.144s] DEBUG:colcon.colcon_core.package_identification:Package 'src/parking_robot_interfaces' with type 'ros.ament_cmake' and name 'parking_robot_interfaces'
[0.144s] Level 1:colcon.colcon_core.package_identification:_identify(src/parking_robot_system) by extensions ['ignore', 'ignore_ament_install']
[0.144s] Level 1:colcon.colcon_core.package_identification:_identify(src/parking_robot_system) by extension 'ignore'
[0.144s] Level 1:colcon.colcon_core.package_identification:_identify(src/parking_robot_system) by extension 'ignore_ament_install'
[0.144s] Level 1:colcon.colcon_core.package_identification:_identify(src/parking_robot_system) by extensions ['colcon_pkg']
[0.144s] Level 1:colcon.colcon_core.package_identification:_identify(src/parking_robot_system) by extension 'colcon_pkg'
[0.144s] Level 1:colcon.colcon_core.package_identification:_identify(src/parking_robot_system) by extensions ['colcon_meta']
[0.144s] Level 1:colcon.colcon_core.package_identification:_identify(src/parking_robot_system) by extension 'colcon_meta'
[0.144s] Level 1:colcon.colcon_core.package_identification:_identify(src/parking_robot_system) by extensions ['ros']
[0.144s] Level 1:colcon.colcon_core.package_identification:_identify(src/parking_robot_system) by extension 'ros'
[0.144s] DEBUG:colcon.colcon_core.package_identification:Package 'src/parking_robot_system' with type 'ros.ament_python' and name 'parking_robot_system'
[0.144s] Level 1:colcon.colcon_core.package_discovery:discover_packages(recursive) using defaults
[0.145s] Level 1:colcon.colcon_core.package_discovery:discover_packages(ignore) discover
[0.145s] Level 1:colcon.colcon_core.package_discovery:discover_packages(ignore) using defaults
[0.145s] Level 1:colcon.colcon_core.package_discovery:discover_packages(path) discover
[0.145s] Level 1:colcon.colcon_core.package_discovery:discover_packages(path) using defaults
[0.159s] INFO:colcon.colcon_core.package_selection:Skipping not selected package 'M0609' in 'src/M0609'
[0.159s] INFO:colcon.colcon_core.package_selection:Skipping not selected package 'parkbot_aruco' in 'src/parkbot_aruco'
[0.159s] INFO:colcon.colcon_core.package_selection:Skipping not selected package 'parking_control' in 'src/parking_control'
[0.160s] Level 1:colcon.colcon_core.package_discovery:discover_packages(prefix_path) check parameters
[0.160s] Level 1:colcon.colcon_core.package_discovery:discover_packages(prefix_path) discover
[0.160s] DEBUG:colcon.colcon_installed_package_information.package_discovery:Found 274 installed packages in /opt/ros/humble
[0.161s] Level 1:colcon.colcon_core.package_discovery:discover_packages(prefix_path) using defaults
[0.175s] Level 5:colcon.colcon_core.verb:set package 'parking_robot_interfaces' build argument 'cmake_args' from command line to 'None'
[0.175s] Level 5:colcon.colcon_core.verb:set package 'parking_robot_interfaces' build argument 'cmake_target' from command line to 'None'
[0.175s] Level 5:colcon.colcon_core.verb:set package 'parking_robot_interfaces' build argument 'cmake_target_skip_unavailable' from command line to 'False'
[0.175s] Level 5:colcon.colcon_core.verb:set package 'parking_robot_interfaces' build argument 'cmake_clean_cache' from command line to 'False'
[0.175s] Level 5:colcon.colcon_core.verb:set package 'parking_robot_interfaces' build argument 'cmake_clean_first' from command line to 'False'
[0.175s] Level 5:colcon.colcon_core.verb:set package 'parking_robot_interfaces' build argument 'cmake_force_configure' from command line to 'False'
[0.175s] Level 5:colcon.colcon_core.verb:set package 'parking_robot_interfaces' build argument 'ament_cmake_args' from command line to 'None'
[0.175s] Level 5:colcon.colcon_core.verb:set package 'parking_robot_interfaces' build argument 'catkin_cmake_args' from command line to 'None'
[0.175s] Level 5:colcon.colcon_core.verb:set package 'parking_robot_interfaces' build argument 'catkin_skip_building_tests' from command line to 'False'
[0.175s] DEBUG:colcon.colcon_core.verb:Building package 'parking_robot_interfaces' with the following arguments: {'ament_cmake_args': None, 'build_base': '/home/rokey/p3/cobot_ws/build/parking_robot_interfaces', 'catkin_cmake_args': None, 'catkin_skip_building_tests': False, 'cmake_args': None, 'cmake_clean_cache': False, 'cmake_clean_first': False, 'cmake_force_configure': False, 'cmake_target': None, 'cmake_target_skip_unavailable': False, 'install_base': '/home/rokey/p3/cobot_ws/install/parking_robot_interfaces', 'merge_install': False, 'path': '/home/rokey/p3/cobot_ws/src/parking_robot_interfaces', 'symlink_install': True, 'test_result_base': None}
[0.175s] Level 5:colcon.colcon_core.verb:set package 'parking_robot_system' build argument 'cmake_args' from command line to 'None'
[0.175s] Level 5:colcon.colcon_core.verb:set package 'parking_robot_system' build argument 'cmake_target' from command line to 'None'
[0.175s] Level 5:colcon.colcon_core.verb:set package 'parking_robot_system' build argument 'cmake_target_skip_unavailable' from command line to 'False'
[0.175s] Level 5:colcon.colcon_core.verb:set package 'parking_robot_system' build argument 'cmake_clean_cache' from command line to 'False'
[0.175s] Level 5:colcon.colcon_core.verb:set package 'parking_robot_system' build argument 'cmake_clean_first' from command line to 'False'
[0.175s] Level 5:colcon.colcon_core.verb:set package 'parking_robot_system' build argument 'cmake_force_configure' from command line to 'False'
[0.175s] Level 5:colcon.colcon_core.verb:set package 'parking_robot_system' build argument 'ament_cmake_args' from command line to 'None'
[0.175s] Level 5:colcon.colcon_core.verb:set package 'parking_robot_system' build argument 'catkin_cmake_args' from command line to 'None'
[0.175s] Level 5:colcon.colcon_core.verb:set package 'parking_robot_system' build argument 'catkin_skip_building_tests' from command line to 'False'
[0.175s] DEBUG:colcon.colcon_core.verb:Building package 'parking_robot_system' with the following arguments: {'ament_cmake_args': None, 'build_base': '/home/rokey/p3/cobot_ws/build/parking_robot_system', 'catkin_cmake_args': None, 'catkin_skip_building_tests': False, 'cmake_args': None, 'cmake_clean_cache': False, 'cmake_clean_first': False, 'cmake_force_configure': False, 'cmake_target': None, 'cmake_target_skip_unavailable': False, 'install_base': '/home/rokey/p3/cobot_ws/install/parking_robot_system', 'merge_install': False, 'path': '/home/rokey/p3/cobot_ws/src/parking_robot_system', 'symlink_install': True, 'test_result_base': None}
[0.175s] INFO:colcon.colcon_core.executor:Executing jobs using 'sequential' executor
[0.176s] DEBUG:colcon.colcon_core.executor.sequential:run_until_complete 'parking_robot_interfaces'
[0.176s] INFO:colcon.colcon_ros.task.ament_cmake.build:Building ROS package in '/home/rokey/p3/cobot_ws/src/parking_robot_interfaces' with build type 'ament_cmake'
[0.176s] INFO:colcon.colcon_cmake.task.cmake.build:Building CMake package in '/home/rokey/p3/cobot_ws/src/parking_robot_interfaces'
[0.177s] INFO:colcon.colcon_core.plugin_system:Skipping extension 'colcon_core.shell.bat': Not used on non-Windows systems
[0.177s] INFO:colcon.colcon_core.shell:Skip shell extension 'powershell' for command environment: Not usable outside of PowerShell
[0.177s] DEBUG:colcon.colcon_core.shell:Skip shell extension 'dsv' for command environment
