[0.000000] (-) TimerEvent: {}
[0.000253] (parkbot_aruco) JobQueued: {'identifier': 'parkbot_aruco', 'dependencies': OrderedDict()}
[0.000278] (parking_robot_interfaces) JobQueued: {'identifier': 'parking_robot_interfaces', 'dependencies': OrderedDict()}
[0.000351] (parkbot_motion) JobQueued: {'identifier': 'parkbot_motion', 'dependencies': OrderedDict([('parking_robot_interfaces', '/home/rokey/p3/cobot_ws/install/parking_robot_interfaces')])}
[0.001989] (parking_robot_interfaces) JobStarted: {'identifier': 'parking_robot_interfaces'}
[0.004191] (parkbot_aruco) JobStarted: {'identifier': 'parkbot_aruco'}
[0.006568] (parking_robot_interfaces) JobProgress: {'identifier': 'parking_robot_interfaces', 'progress': 'cmake'}
[0.006738] (parking_robot_interfaces) JobProgress: {'identifier': 'parking_robot_interfaces', 'progress': 'build'}
[0.007340] (parking_robot_interfaces) Command: {'cmd': ['/usr/bin/cmake', '--build', '/home/rokey/p3/cobot_ws/build/parking_robot_interfaces', '--', '-j24', '-l24'], 'cwd': '/home/rokey/p3/cobot_ws/build/parking_robot_interfaces', 'env': OrderedDict([('GJS_DEBUG_TOPICS', 'JS ERROR;JS LOG'), ('LESSOPEN', '| /usr/bin/lesspipe %s'), ('LANGUAGE', 'ko:en'), ('USER', 'rokey'), ('LC_TIME', 'ko_KR.UTF-8'), ('XDG_SESSION_TYPE', 'x11'), ('SHLVL', '1'), ('LD_LIBRARY_PATH', '/home/rokey/p3/cobot_ws/install/parking_robot_interfaces/lib:/opt/ros/humble/opt/rviz_ogre_vendor/lib:/opt/ros/humble/lib/x86_64-linux-gnu:/opt/ros/humble/lib'), ('HOME', '/home/rokey'), ('DESKTOP_SESSION', 'ubuntu'), ('NVM_BIN', '/home/rokey/.nvm/versions/node/v24.18.0/bin'), ('NVM_INC', '/home/rokey/.nvm/versions/node/v24.18.0/include/node'), ('GIO_LAUNCHED_DESKTOP_FILE', '/usr/share/applications/terminator.desktop'), ('ROS_PYTHON_VERSION', '3'), ('GNOME_SHELL_SESSION_MODE', 'ubuntu'), ('GTK_MODULES', 'gail:atk-bridge'), ('LC_MONETARY', 'ko_KR.UTF-8'), ('MANAGERPID', '2176'), ('SYSTEMD_EXEC_PID', '2531'), ('DBUS_SESSION_BUS_ADDRESS', 'unix:path=/run/user/1000/bus'), ('COLORTERM', 'truecolor'), ('TERMINATOR_DBUS_NAME', 'net.tenshu.Terminator23558193cd9818af7fe4d2c2f5bd9d00f'), ('GIO_LAUNCHED_DESKTOP_FILE_PID', '6581'), ('NVM_DIR', '/home/rokey/.nvm'), ('COLCON_PREFIX_PATH', '/home/rokey/p3/cobot_ws/install'), ('ROS_DISTRO', 'humble'), ('GTK_IM_MODULE', 'ibus'), ('LOGNAME', 'rokey'), ('JOURNAL_STREAM', '8:25857'), ('_', '/usr/bin/colcon'), ('ROS_VERSION', '2'), ('XDG_SESSION_CLASS', 'user'), ('USERNAME', 'rokey'), ('TERM', 'xterm-256color'), ('GNOME_DESKTOP_SESSION_ID', 'this-is-deprecated'), ('ROS_LOCALHOST_ONLY', '0'), ('WINDOWPATH', '2'), ('PATH', '/home/rokey/.nvm/versions/node/v24.18.0/bin:/opt/ros/humble/bin:/home/rokey/.local/bin:/usr/local/sbin:/usr/local/bin:/usr/sbin:/usr/bin:/sbin:/bin:/usr/games:/usr/local/games:/snap/bin:/snap/bin'), ('SESSION_MANAGER', 'local/IsaacSim09:@/tmp/.ICE-unix/2507,unix/IsaacSim09:/tmp/.ICE-unix/2507'), ('FASTRTPS_DEFAULT_PROFILES_FILE', '/home/rokey/.ros/fastdds_wired.xml'), ('INVOCATION_ID', 'bf491cbed05e49b3ae06854c70296156'), ('PAPERSIZE', 'a4'), ('XDG_MENU_PREFIX', 'gnome-'), ('LC_ADDRESS', 'ko_KR.UTF-8'), ('XDG_RUNTIME_DIR', '/run/user/1000'), ('DISPLAY', ':1'), ('TERMINATOR_DBUS_PATH', '/net/tenshu/Terminator2'), ('LANG', 'ko_KR.UTF-8'), ('XDG_CURRENT_DESKTOP', 'ubuntu:GNOME'), ('IBUS_DISABLE_SNOOPER', '1'), ('LC_TELEPHONE', 'ko_KR.UTF-8'), ('RMW_IMPLEMENTATION', 'rmw_fastrtps_cpp'), ('XMODIFIERS', '@im=ibus'), ('XDG_SESSION_DESKTOP', 'ubuntu'), ('XAUTHORITY', '/run/user/1000/gdm/Xauthority'), ('LS_COLORS', 'rs=0:di=01;34:ln=01;36:mh=00:pi=40;33:so=01;35:do=01;35:bd=40;33;01:cd=40;33;01:or=40;31;01:mi=00:su=37;41:sg=30;43:ca=30;41:tw=30;42:ow=34;42:st=37;44:ex=01;32:*.tar=01;31:*.tgz=01;31:*.arc=01;31:*.arj=01;31:*.taz=01;31:*.lha=01;31:*.lz4=01;31:*.lzh=01;31:*.lzma=01;31:*.tlz=01;31:*.txz=01;31:*.tzo=01;31:*.t7z=01;31:*.zip=01;31:*.z=01;31:*.dz=01;31:*.gz=01;31:*.lrz=01;31:*.lz=01;31:*.lzo=01;31:*.xz=01;31:*.zst=01;31:*.tzst=01;31:*.bz2=01;31:*.bz=01;31:*.tbz=01;31:*.tbz2=01;31:*.tz=01;31:*.deb=01;31:*.rpm=01;31:*.jar=01;31:*.war=01;31:*.ear=01;31:*.sar=01;31:*.rar=01;31:*.alz=01;31:*.ace=01;31:*.zoo=01;31:*.cpio=01;31:*.7z=01;31:*.rz=01;31:*.cab=01;31:*.wim=01;31:*.swm=01;31:*.dwm=01;31:*.esd=01;31:*.jpg=01;35:*.jpeg=01;35:*.mjpg=01;35:*.mjpeg=01;35:*.gif=01;35:*.bmp=01;35:*.pbm=01;35:*.pgm=01;35:*.ppm=01;35:*.tga=01;35:*.xbm=01;35:*.xpm=01;35:*.tif=01;35:*.tiff=01;35:*.png=01;35:*.svg=01;35:*.svgz=01;35:*.mng=01;35:*.pcx=01;35:*.mov=01;35:*.mpg=01;35:*.mpeg=01;35:*.m2v=01;35:*.mkv=01;35:*.webm=01;35:*.webp=01;35:*.ogm=01;35:*.mp4=01;35:*.m4v=01;35:*.mp4v=01;35:*.vob=01;35:*.qt=01;35:*.nuv=01;35:*.wmv=01;35:*.asf=01;35:*.rm=01;35:*.rmvb=01;35:*.flc=01;35:*.avi=01;35:*.fli=01;35:*.flv=01;35:*.gl=01;35:*.dl=01;35:*.xcf=01;35:*.xwd=01;35:*.yuv=01;35:*.cgm=01;35:*.emf=01;35:*.ogv=01;35:*.ogx=01;35:*.aac=00;36:*.au=00;36:*.flac=00;36:*.m4a=00;36:*.mid=00;36:*.midi=00;36:*.mka=00;36:*.mp3=00;36:*.mpc=00;36:*.ogg=00;36:*.ra=00;36:*.wav=00;36:*.oga=00;36:*.opus=00;36:*.spx=00;36:*.xspf=00;36:'), ('SSH_AGENT_LAUNCHER', 'gnome-keyring'), ('SSH_AUTH_SOCK', '/run/user/1000/keyring/ssh'), ('ROS_DOMAIN_ID', '126'), ('AMENT_PREFIX_PATH', '/home/rokey/p3/cobot_ws/install/parking_robot_system:/home/rokey/p3/cobot_ws/install/parkbot_motion:/home/rokey/p3/cobot_ws/install/parking_robot_interfaces:/home/rokey/p3/cobot_ws/install/parkbot_aruco:/opt/ros/humble'), ('SHELL', '/bin/bash'), ('LC_NAME', 'ko_KR.UTF-8'), ('TERMINATOR_UUID', 'urn:uuid:2c331d05-32be-4747-bf0e-946a17a76549'), ('QT_ACCESSIBILITY', '1'), ('GDMSESSION', 'ubuntu'), ('LESSCLOSE', '/usr/bin/lesspipe %s %s'), ('LC_MEASUREMENT', 'ko_KR.UTF-8'), ('GPG_AGENT_INFO', '/run/user/1000/gnupg/S.gpg-agent:0:1'), ('GJS_DEBUG_OUTPUT', 'stderr'), ('LC_IDENTIFICATION', 'ko_KR.UTF-8'), ('QT_IM_MODULE', 'ibus'), ('PWD', '/home/rokey/p3/cobot_ws/build/parking_robot_interfaces'), ('LC_ALL', 'en_US.UTF-8'), ('XDG_CONFIG_DIRS', '/etc/xdg/xdg-ubuntu:/etc/xdg'), ('NVM_CD_FLAGS', ''), ('XDG_DATA_DIRS', '/usr/share/ubuntu:/usr/share/gnome:/home/rokey/.local/share/flatpak/exports/share:/var/lib/flatpak/exports/share:/usr/local/share/:/usr/share/:/var/lib/snapd/desktop'), ('PYTHONPATH', '/home/rokey/p3/cobot_ws/build/parking_robot_system:/home/rokey/p3/cobot_ws/install/parking_robot_system/lib/python3.10/site-packages:/home/rokey/p3/cobot_ws/build/parkbot_motion:/home/rokey/p3/cobot_ws/install/parkbot_motion/lib/python3.10/site-packages:/home/rokey/p3/cobot_ws/install/parking_robot_interfaces/local/lib/python3.10/dist-packages:/home/rokey/p3/cobot_ws/build/parkbot_aruco:/home/rokey/p3/cobot_ws/install/parkbot_aruco/lib/python3.10/site-packages:/opt/ros/humble/lib/python3.10/site-packages:/opt/ros/humble/local/lib/python3.10/dist-packages'), ('LC_NUMERIC', 'ko_KR.UTF-8'), ('LC_PAPER', 'ko_KR.UTF-8'), ('COLCON', '1'), ('VTE_VERSION', '6800'), ('CMAKE_PREFIX_PATH', '/home/rokey/p3/cobot_ws/install/parking_robot_interfaces:/home/rokey/p3/cobot_ws/install/parking_robot_system:/home/rokey/p3/cobot_ws/install/parkbot_motion:/home/rokey/p3/cobot_ws/install/parkbot_aruco:/opt/ros/humble')]), 'shell': False}
[0.039632] (parking_robot_interfaces) StdoutLine: {'line': b'[  1%] Built target parking_robot_interfaces__rs\n'}
[0.041099] (parking_robot_interfaces) StdoutLine: {'line': b'[  1%] Built target parking_robot_interfaces__cpp\n'}
[0.041441] (parking_robot_interfaces) StdoutLine: {'line': b'[ 13%] Built target parking_robot_interfaces__rosidl_generator_c\n'}
[0.044030] (parking_robot_interfaces) StdoutLine: {'line': b'[ 13%] Built target ament_cmake_python_symlink_parking_robot_interfaces\n'}
[0.058974] (parking_robot_interfaces) StdoutLine: {'line': b'[ 26%] Built target parking_robot_interfaces__rosidl_typesupport_c\n'}
[0.059103] (parking_robot_interfaces) StdoutLine: {'line': b'[ 39%] Built target parking_robot_interfaces__rosidl_typesupport_introspection_cpp\n'}
[0.059138] (parking_robot_interfaces) StdoutLine: {'line': b'[ 49%] Built target parking_robot_interfaces__rosidl_typesupport_introspection_c\n'}
[0.059854] (parking_robot_interfaces) StdoutLine: {'line': b'[ 61%] Built target parking_robot_interfaces__rosidl_typesupport_cpp\n'}
[0.059921] (parking_robot_interfaces) StdoutLine: {'line': b'[ 73%] Built target parking_robot_interfaces__rosidl_typesupport_fastrtps_c\n'}
[0.061202] (parking_robot_interfaces) StdoutLine: {'line': b'[ 85%] Built target parking_robot_interfaces__rosidl_typesupport_fastrtps_cpp\n'}
[0.072237] (parking_robot_interfaces) StdoutLine: {'line': b'[ 85%] Built target parking_robot_interfaces\n'}
[0.084029] (parking_robot_interfaces) StdoutLine: {'line': b'[ 86%] Built target parking_robot_interfaces__py\n'}
[0.099766] (parking_robot_interfaces) StdoutLine: {'line': b'[ 97%] Built target parking_robot_interfaces__rosidl_generator_py\n'}
[0.099921] (-) TimerEvent: {}
[0.115607] (parking_robot_interfaces) StdoutLine: {'line': b'[100%] Built target parking_robot_interfaces__rosidl_typesupport_c__pyext\n'}
[0.115743] (parking_robot_interfaces) StdoutLine: {'line': b'[100%] Built target parking_robot_interfaces__rosidl_typesupport_introspection_c__pyext\n'}
[0.115777] (parking_robot_interfaces) StdoutLine: {'line': b'[100%] Built target parking_robot_interfaces__rosidl_typesupport_fastrtps_c__pyext\n'}
[0.151308] (parking_robot_interfaces) StdoutLine: {'line': b'running egg_info\n'}
[0.151789] (parking_robot_interfaces) StdoutLine: {'line': b'writing parking_robot_interfaces.egg-info/PKG-INFO\n'}
[0.151824] (parking_robot_interfaces) StdoutLine: {'line': b'writing dependency_links to parking_robot_interfaces.egg-info/dependency_links.txt\n'}
[0.151851] (parking_robot_interfaces) StdoutLine: {'line': b'writing top-level names to parking_robot_interfaces.egg-info/top_level.txt\n'}
[0.153506] (parking_robot_interfaces) StdoutLine: {'line': b"reading manifest file 'parking_robot_interfaces.egg-info/SOURCES.txt'\n"}
[0.153575] (parking_robot_interfaces) StdoutLine: {'line': b"writing manifest file 'parking_robot_interfaces.egg-info/SOURCES.txt'\n"}
[0.167103] (parking_robot_interfaces) StdoutLine: {'line': b'[100%] Built target ament_cmake_python_build_parking_robot_interfaces_egg\n'}
[0.174592] (parking_robot_interfaces) CommandEnded: {'returncode': 0}
[0.175022] (parking_robot_interfaces) JobProgress: {'identifier': 'parking_robot_interfaces', 'progress': 'install'}
[0.179428] (parking_robot_interfaces) Command: {'cmd': ['/usr/bin/cmake', '--install', '/home/rokey/p3/cobot_ws/build/parking_robot_interfaces'], 'cwd': '/home/rokey/p3/cobot_ws/build/parking_robot_interfaces', 'env': OrderedDict([('GJS_DEBUG_TOPICS', 'JS ERROR;JS LOG'), ('LESSOPEN', '| /usr/bin/lesspipe %s'), ('LANGUAGE', 'ko:en'), ('USER', 'rokey'), ('LC_TIME', 'ko_KR.UTF-8'), ('XDG_SESSION_TYPE', 'x11'), ('SHLVL', '1'), ('LD_LIBRARY_PATH', '/home/rokey/p3/cobot_ws/install/parking_robot_interfaces/lib:/opt/ros/humble/opt/rviz_ogre_vendor/lib:/opt/ros/humble/lib/x86_64-linux-gnu:/opt/ros/humble/lib'), ('HOME', '/home/rokey'), ('DESKTOP_SESSION', 'ubuntu'), ('NVM_BIN', '/home/rokey/.nvm/versions/node/v24.18.0/bin'), ('NVM_INC', '/home/rokey/.nvm/versions/node/v24.18.0/include/node'), ('GIO_LAUNCHED_DESKTOP_FILE', '/usr/share/applications/terminator.desktop'), ('ROS_PYTHON_VERSION', '3'), ('GNOME_SHELL_SESSION_MODE', 'ubuntu'), ('GTK_MODULES', 'gail:atk-bridge'), ('LC_MONETARY', 'ko_KR.UTF-8'), ('MANAGERPID', '2176'), ('SYSTEMD_EXEC_PID', '2531'), ('DBUS_SESSION_BUS_ADDRESS', 'unix:path=/run/user/1000/bus'), ('COLORTERM', 'truecolor'), ('TERMINATOR_DBUS_NAME', 'net.tenshu.Terminator23558193cd9818af7fe4d2c2f5bd9d00f'), ('GIO_LAUNCHED_DESKTOP_FILE_PID', '6581'), ('NVM_DIR', '/home/rokey/.nvm'), ('COLCON_PREFIX_PATH', '/home/rokey/p3/cobot_ws/install'), ('ROS_DISTRO', 'humble'), ('GTK_IM_MODULE', 'ibus'), ('LOGNAME', 'rokey'), ('JOURNAL_STREAM', '8:25857'), ('_', '/usr/bin/colcon'), ('ROS_VERSION', '2'), ('XDG_SESSION_CLASS', 'user'), ('USERNAME', 'rokey'), ('TERM', 'xterm-256color'), ('GNOME_DESKTOP_SESSION_ID', 'this-is-deprecated'), ('ROS_LOCALHOST_ONLY', '0'), ('WINDOWPATH', '2'), ('PATH', '/home/rokey/.nvm/versions/node/v24.18.0/bin:/opt/ros/humble/bin:/home/rokey/.local/bin:/usr/local/sbin:/usr/local/bin:/usr/sbin:/usr/bin:/sbin:/bin:/usr/games:/usr/local/games:/snap/bin:/snap/bin'), ('SESSION_MANAGER', 'local/IsaacSim09:@/tmp/.ICE-unix/2507,unix/IsaacSim09:/tmp/.ICE-unix/2507'), ('FASTRTPS_DEFAULT_PROFILES_FILE', '/home/rokey/.ros/fastdds_wired.xml'), ('INVOCATION_ID', 'bf491cbed05e49b3ae06854c70296156'), ('PAPERSIZE', 'a4'), ('XDG_MENU_PREFIX', 'gnome-'), ('LC_ADDRESS', 'ko_KR.UTF-8'), ('XDG_RUNTIME_DIR', '/run/user/1000'), ('DISPLAY', ':1'), ('TERMINATOR_DBUS_PATH', '/net/tenshu/Terminator2'), ('LANG', 'ko_KR.UTF-8'), ('XDG_CURRENT_DESKTOP', 'ubuntu:GNOME'), ('IBUS_DISABLE_SNOOPER', '1'), ('LC_TELEPHONE', 'ko_KR.UTF-8'), ('RMW_IMPLEMENTATION', 'rmw_fastrtps_cpp'), ('XMODIFIERS', '@im=ibus'), ('XDG_SESSION_DESKTOP', 'ubuntu'), ('XAUTHORITY', '/run/user/1000/gdm/Xauthority'), ('LS_COLORS', 'rs=0:di=01;34:ln=01;36:mh=00:pi=40;33:so=01;35:do=01;35:bd=40;33;01:cd=40;33;01:or=40;31;01:mi=00:su=37;41:sg=30;43:ca=30;41:tw=30;42:ow=34;42:st=37;44:ex=01;32:*.tar=01;31:*.tgz=01;31:*.arc=01;31:*.arj=01;31:*.taz=01;31:*.lha=01;31:*.lz4=01;31:*.lzh=01;31:*.lzma=01;31:*.tlz=01;31:*.txz=01;31:*.tzo=01;31:*.t7z=01;31:*.zip=01;31:*.z=01;31:*.dz=01;31:*.gz=01;31:*.lrz=01;31:*.lz=01;31:*.lzo=01;31:*.xz=01;31:*.zst=01;31:*.tzst=01;31:*.bz2=01;31:*.bz=01;31:*.tbz=01;31:*.tbz2=01;31:*.tz=01;31:*.deb=01;31:*.rpm=01;31:*.jar=01;31:*.war=01;31:*.ear=01;31:*.sar=01;31:*.rar=01;31:*.alz=01;31:*.ace=01;31:*.zoo=01;31:*.cpio=01;31:*.7z=01;31:*.rz=01;31:*.cab=01;31:*.wim=01;31:*.swm=01;31:*.dwm=01;31:*.esd=01;31:*.jpg=01;35:*.jpeg=01;35:*.mjpg=01;35:*.mjpeg=01;35:*.gif=01;35:*.bmp=01;35:*.pbm=01;35:*.pgm=01;35:*.ppm=01;35:*.tga=01;35:*.xbm=01;35:*.xpm=01;35:*.tif=01;35:*.tiff=01;35:*.png=01;35:*.svg=01;35:*.svgz=01;35:*.mng=01;35:*.pcx=01;35:*.mov=01;35:*.mpg=01;35:*.mpeg=01;35:*.m2v=01;35:*.mkv=01;35:*.webm=01;35:*.webp=01;35:*.ogm=01;35:*.mp4=01;35:*.m4v=01;35:*.mp4v=01;35:*.vob=01;35:*.qt=01;35:*.nuv=01;35:*.wmv=01;35:*.asf=01;35:*.rm=01;35:*.rmvb=01;35:*.flc=01;35:*.avi=01;35:*.fli=01;35:*.flv=01;35:*.gl=01;35:*.dl=01;35:*.xcf=01;35:*.xwd=01;35:*.yuv=01;35:*.cgm=01;35:*.emf=01;35:*.ogv=01;35:*.ogx=01;35:*.aac=00;36:*.au=00;36:*.flac=00;36:*.m4a=00;36:*.mid=00;36:*.midi=00;36:*.mka=00;36:*.mp3=00;36:*.mpc=00;36:*.ogg=00;36:*.ra=00;36:*.wav=00;36:*.oga=00;36:*.opus=00;36:*.spx=00;36:*.xspf=00;36:'), ('SSH_AGENT_LAUNCHER', 'gnome-keyring'), ('SSH_AUTH_SOCK', '/run/user/1000/keyring/ssh'), ('ROS_DOMAIN_ID', '126'), ('AMENT_PREFIX_PATH', '/home/rokey/p3/cobot_ws/install/parking_robot_system:/home/rokey/p3/cobot_ws/install/parkbot_motion:/home/rokey/p3/cobot_ws/install/parking_robot_interfaces:/home/rokey/p3/cobot_ws/install/parkbot_aruco:/opt/ros/humble'), ('SHELL', '/bin/bash'), ('LC_NAME', 'ko_KR.UTF-8'), ('TERMINATOR_UUID', 'urn:uuid:2c331d05-32be-4747-bf0e-946a17a76549'), ('QT_ACCESSIBILITY', '1'), ('GDMSESSION', 'ubuntu'), ('LESSCLOSE', '/usr/bin/lesspipe %s %s'), ('LC_MEASUREMENT', 'ko_KR.UTF-8'), ('GPG_AGENT_INFO', '/run/user/1000/gnupg/S.gpg-agent:0:1'), ('GJS_DEBUG_OUTPUT', 'stderr'), ('LC_IDENTIFICATION', 'ko_KR.UTF-8'), ('QT_IM_MODULE', 'ibus'), ('PWD', '/home/rokey/p3/cobot_ws/build/parking_robot_interfaces'), ('LC_ALL', 'en_US.UTF-8'), ('XDG_CONFIG_DIRS', '/etc/xdg/xdg-ubuntu:/etc/xdg'), ('NVM_CD_FLAGS', ''), ('XDG_DATA_DIRS', '/usr/share/ubuntu:/usr/share/gnome:/home/rokey/.local/share/flatpak/exports/share:/var/lib/flatpak/exports/share:/usr/local/share/:/usr/share/:/var/lib/snapd/desktop'), ('PYTHONPATH', '/home/rokey/p3/cobot_ws/build/parking_robot_system:/home/rokey/p3/cobot_ws/install/parking_robot_system/lib/python3.10/site-packages:/home/rokey/p3/cobot_ws/build/parkbot_motion:/home/rokey/p3/cobot_ws/install/parkbot_motion/lib/python3.10/site-packages:/home/rokey/p3/cobot_ws/install/parking_robot_interfaces/local/lib/python3.10/dist-packages:/home/rokey/p3/cobot_ws/build/parkbot_aruco:/home/rokey/p3/cobot_ws/install/parkbot_aruco/lib/python3.10/site-packages:/opt/ros/humble/lib/python3.10/site-packages:/opt/ros/humble/local/lib/python3.10/dist-packages'), ('LC_NUMERIC', 'ko_KR.UTF-8'), ('LC_PAPER', 'ko_KR.UTF-8'), ('COLCON', '1'), ('VTE_VERSION', '6800'), ('CMAKE_PREFIX_PATH', '/home/rokey/p3/cobot_ws/install/parking_robot_interfaces:/home/rokey/p3/cobot_ws/install/parking_robot_system:/home/rokey/p3/cobot_ws/install/parkbot_motion:/home/rokey/p3/cobot_ws/install/parkbot_aruco:/opt/ros/humble')]), 'shell': False}
[0.184573] (parking_robot_interfaces) StdoutLine: {'line': b'-- Install configuration: ""\n'}
[0.185080] (parking_robot_interfaces) StdoutLine: {'line': b'-- Execute custom install script\n'}
[0.185142] (parking_robot_interfaces) StdoutLine: {'line': b'-- Up-to-date symlink: /home/rokey/p3/cobot_ws/install/parking_robot_interfaces/share/ament_index/resource_index/rosidl_interfaces/parking_robot_interfaces\n'}
[0.185532] (parking_robot_interfaces) StdoutLine: {'line': b'-- Up-to-date symlink: /home/rokey/p3/cobot_ws/install/parking_robot_interfaces/include/parking_robot_interfaces/parking_robot_interfaces/action/align_vehicle.h\n'}
[0.185609] (parking_robot_interfaces) StdoutLine: {'line': b'-- Up-to-date symlink: /home/rokey/p3/cobot_ws/install/parking_robot_interfaces/include/parking_robot_interfaces/parking_robot_interfaces/action/carry_to_slot.h\n'}
[0.185642] (parking_robot_interfaces) StdoutLine: {'line': b'-- Up-to-date symlink: /home/rokey/p3/cobot_ws/install/parking_robot_interfaces/include/parking_robot_interfaces/parking_robot_interfaces/action/control_lift.h\n'}
[0.185679] (parking_robot_interfaces) StdoutLine: {'line': b'-- Up-to-date symlink: /home/rokey/p3/cobot_ws/install/parking_robot_interfaces/include/parking_robot_interfaces/parking_robot_interfaces/action/detail/align_vehicle__functions.h\n'}
[0.185710] (parking_robot_interfaces) StdoutLine: {'line': b'-- Up-to-date symlink: /home/rokey/p3/cobot_ws/install/parking_robot_interfaces/include/parking_robot_interfaces/parking_robot_interfaces/action/detail/align_vehicle__struct.h\n'}
[0.185732] (parking_robot_interfaces) StdoutLine: {'line': b'-- Up-to-date symlink: /home/rokey/p3/cobot_ws/install/parking_robot_interfaces/include/parking_robot_interfaces/parking_robot_interfaces/action/detail/align_vehicle__type_support.h\n'}
[0.185764] (parking_robot_interfaces) StdoutLine: {'line': b'-- Up-to-date symlink: /home/rokey/p3/cobot_ws/install/parking_robot_interfaces/include/parking_robot_interfaces/parking_robot_interfaces/action/detail/carry_to_slot__functions.h\n'}
[0.185786] (parking_robot_interfaces) StdoutLine: {'line': b'-- Up-to-date symlink: /home/rokey/p3/cobot_ws/install/parking_robot_interfaces/include/parking_robot_interfaces/parking_robot_interfaces/action/detail/carry_to_slot__struct.h\n'}
[0.185818] (parking_robot_interfaces) StdoutLine: {'line': b'-- Up-to-date symlink: /home/rokey/p3/cobot_ws/install/parking_robot_interfaces/include/parking_robot_interfaces/parking_robot_interfaces/action/detail/carry_to_slot__type_support.h\n'}
[0.185845] (parking_robot_interfaces) StdoutLine: {'line': b'-- Up-to-date symlink: /home/rokey/p3/cobot_ws/install/parking_robot_interfaces/include/parking_robot_interfaces/parking_robot_interfaces/action/detail/control_lift__functions.h\n'}
[0.185866] (parking_robot_interfaces) StdoutLine: {'line': b'-- Up-to-date symlink: /home/rokey/p3/cobot_ws/install/parking_robot_interfaces/include/parking_robot_interfaces/parking_robot_interfaces/action/detail/control_lift__struct.h\n'}
[0.185885] (parking_robot_interfaces) StdoutLine: {'line': b'-- Up-to-date symlink: /home/rokey/p3/cobot_ws/install/parking_robot_interfaces/include/parking_robot_interfaces/parking_robot_interfaces/action/detail/control_lift__type_support.h\n'}
[0.185916] (parking_robot_interfaces) StdoutLine: {'line': b'-- Up-to-date symlink: /home/rokey/p3/cobot_ws/install/parking_robot_interfaces/include/parking_robot_interfaces/parking_robot_interfaces/action/detail/detect_vehicle__functions.h\n'}
[0.185934] (parking_robot_interfaces) StdoutLine: {'line': b'-- Up-to-date symlink: /home/rokey/p3/cobot_ws/install/parking_robot_interfaces/include/parking_robot_interfaces/parking_robot_interfaces/action/detail/detect_vehicle__struct.h\n'}
[0.185957] (parking_robot_interfaces) StdoutLine: {'line': b'-- Up-to-date symlink: /home/rokey/p3/cobot_ws/install/parking_robot_interfaces/include/parking_robot_interfaces/parking_robot_interfaces/action/detail/detect_vehicle__type_support.h\n'}
[0.186215] (parking_robot_interfaces) StdoutLine: {'line': b'-- Up-to-date symlink: /home/rokey/p3/cobot_ws/install/parking_robot_interfaces/include/parking_robot_interfaces/parking_robot_interfaces/action/detail/execute_parking_task__functions.h\n'}
[0.186249] (parking_robot_interfaces) StdoutLine: {'line': b'-- Up-to-date symlink: /home/rokey/p3/cobot_ws/install/parking_robot_interfaces/include/parking_robot_interfaces/parking_robot_interfaces/action/detail/execute_parking_task__struct.h\n'}
[0.186282] (parking_robot_interfaces) StdoutLine: {'line': b'-- Up-to-date symlink: /home/rokey/p3/cobot_ws/install/parking_robot_interfaces/include/parking_robot_interfaces/parking_robot_interfaces/action/detail/execute_parking_task__type_support.h\n'}
[0.186314] (parking_robot_interfaces) StdoutLine: {'line': b'-- Up-to-date symlink: /home/rokey/p3/cobot_ws/install/parking_robot_interfaces/include/parking_robot_interfaces/parking_robot_interfaces/action/detail/ingress_under_truck__functions.h\n'}
[0.186348] (parking_robot_interfaces) StdoutLine: {'line': b'-- Up-to-date symlink: /home/rokey/p3/cobot_ws/install/parking_robot_interfaces/include/parking_robot_interfaces/parking_robot_interfaces/action/detail/ingress_under_truck__struct.h\n'}
[0.186380] (parking_robot_interfaces) StdoutLine: {'line': b'-- Up-to-date symlink: /home/rokey/p3/cobot_ws/install/parking_robot_interfaces/include/parking_robot_interfaces/parking_robot_interfaces/action/detail/ingress_under_truck__type_support.h\n'}
[0.186414] (parking_robot_interfaces) StdoutLine: {'line': b'-- Up-to-date symlink: /home/rokey/p3/cobot_ws/install/parking_robot_interfaces/include/parking_robot_interfaces/parking_robot_interfaces/action/detect_vehicle.h\n'}
[0.186448] (parking_robot_interfaces) StdoutLine: {'line': b'-- Up-to-date symlink: /home/rokey/p3/cobot_ws/install/parking_robot_interfaces/include/parking_robot_interfaces/parking_robot_interfaces/action/execute_parking_task.h\n'}
[0.186481] (parking_robot_interfaces) StdoutLine: {'line': b'-- Up-to-date symlink: /home/rokey/p3/cobot_ws/install/parking_robot_interfaces/include/parking_robot_interfaces/parking_robot_interfaces/action/ingress_under_truck.h\n'}
[0.186513] (parking_robot_interfaces) StdoutLine: {'line': b'-- Up-to-date symlink: /home/rokey/p3/cobot_ws/install/parking_robot_interfaces/include/parking_robot_interfaces/parking_robot_interfaces/msg/detail/formation_assignment__functions.h\n'}
[0.186551] (parking_robot_interfaces) StdoutLine: {'line': b'-- Up-to-date symlink: /home/rokey/p3/cobot_ws/install/parking_robot_interfaces/include/parking_robot_interfaces/parking_robot_interfaces/msg/detail/formation_assignment__struct.h\n'}
[0.186585] (parking_robot_interfaces) StdoutLine: {'line': b'-- Up-to-date symlink: /home/rokey/p3/cobot_ws/install/parking_robot_interfaces/include/parking_robot_interfaces/parking_robot_interfaces/msg/detail/formation_assignment__type_support.h\n'}
[0.186617] (parking_robot_interfaces) StdoutLine: {'line': b'-- Up-to-date symlink: /home/rokey/p3/cobot_ws/install/parking_robot_interfaces/include/parking_robot_interfaces/parking_robot_interfaces/msg/detail/formation_stop__functions.h\n'}
[0.186651] (parking_robot_interfaces) StdoutLine: {'line': b'-- Up-to-date symlink: /home/rokey/p3/cobot_ws/install/parking_robot_interfaces/include/parking_robot_interfaces/parking_robot_interfaces/msg/detail/formation_stop__struct.h\n'}
[0.186685] (parking_robot_interfaces) StdoutLine: {'line': b'-- Up-to-date symlink: /home/rokey/p3/cobot_ws/install/parking_robot_interfaces/include/parking_robot_interfaces/parking_robot_interfaces/msg/detail/formation_stop__type_support.h\n'}
[0.186718] (parking_robot_interfaces) StdoutLine: {'line': b'-- Up-to-date symlink: /home/rokey/p3/cobot_ws/install/parking_robot_interfaces/include/parking_robot_interfaces/parking_robot_interfaces/msg/detail/obstacle_alert__functions.h\n'}
[0.186751] (parking_robot_interfaces) StdoutLine: {'line': b'-- Up-to-date symlink: /home/rokey/p3/cobot_ws/install/parking_robot_interfaces/include/parking_robot_interfaces/parking_robot_interfaces/msg/detail/obstacle_alert__struct.h\n'}
[0.186785] (parking_robot_interfaces) StdoutLine: {'line': b'-- Up-to-date symlink: /home/rokey/p3/cobot_ws/install/parking_robot_interfaces/include/parking_robot_interfaces/parking_robot_interfaces/msg/detail/obstacle_alert__type_support.h\n'}
[0.186818] (parking_robot_interfaces) StdoutLine: {'line': b'-- Up-to-date symlink: /home/rokey/p3/cobot_ws/install/parking_robot_interfaces/include/parking_robot_interfaces/parking_robot_interfaces/msg/detail/task_state__functions.h\n'}
[0.186853] (parking_robot_interfaces) StdoutLine: {'line': b'-- Up-to-date symlink: /home/rokey/p3/cobot_ws/install/parking_robot_interfaces/include/parking_robot_interfaces/parking_robot_interfaces/msg/detail/task_state__struct.h\n'}
[0.187049] (parking_robot_interfaces) StdoutLine: {'line': b'-- Up-to-date symlink: /home/rokey/p3/cobot_ws/install/parking_robot_interfaces/include/parking_robot_interfaces/parking_robot_interfaces/msg/detail/task_state__type_support.h\n'}
[0.187097] (parking_robot_interfaces) StdoutLine: {'line': b'-- Up-to-date symlink: /home/rokey/p3/cobot_ws/install/parking_robot_interfaces/include/parking_robot_interfaces/parking_robot_interfaces/msg/detail/vehicle_info__functions.h\n'}
[0.187136] (parking_robot_interfaces) StdoutLine: {'line': b'-- Up-to-date symlink: /home/rokey/p3/cobot_ws/install/parking_robot_interfaces/include/parking_robot_interfaces/parking_robot_interfaces/msg/detail/vehicle_info__struct.h\n'}
[0.187174] (parking_robot_interfaces) StdoutLine: {'line': b'-- Up-to-date symlink: /home/rokey/p3/cobot_ws/install/parking_robot_interfaces/include/parking_robot_interfaces/parking_robot_interfaces/msg/detail/vehicle_info__type_support.h\n'}
[0.187209] (parking_robot_interfaces) StdoutLine: {'line': b'-- Up-to-date symlink: /home/rokey/p3/cobot_ws/install/parking_robot_interfaces/include/parking_robot_interfaces/parking_robot_interfaces/msg/formation_assignment.h\n'}
[0.187245] (parking_robot_interfaces) StdoutLine: {'line': b'-- Up-to-date symlink: /home/rokey/p3/cobot_ws/install/parking_robot_interfaces/include/parking_robot_interfaces/parking_robot_interfaces/msg/formation_stop.h\n'}
[0.187278] (parking_robot_interfaces) StdoutLine: {'line': b'-- Up-to-date symlink: /home/rokey/p3/cobot_ws/install/parking_robot_interfaces/include/parking_robot_interfaces/parking_robot_interfaces/msg/obstacle_alert.h\n'}
[0.187314] (parking_robot_interfaces) StdoutLine: {'line': b'-- Up-to-date symlink: /home/rokey/p3/cobot_ws/install/parking_robot_interfaces/include/parking_robot_interfaces/parking_robot_interfaces/msg/rosidl_generator_c__visibility_control.h\n'}
[0.187349] (parking_robot_interfaces) StdoutLine: {'line': b'-- Up-to-date symlink: /home/rokey/p3/cobot_ws/install/parking_robot_interfaces/include/parking_robot_interfaces/parking_robot_interfaces/msg/task_state.h\n'}
[0.187382] (parking_robot_interfaces) StdoutLine: {'line': b'-- Up-to-date symlink: /home/rokey/p3/cobot_ws/install/parking_robot_interfaces/include/parking_robot_interfaces/parking_robot_interfaces/msg/vehicle_info.h\n'}
[0.187415] (parking_robot_interfaces) StdoutLine: {'line': b'-- Up-to-date symlink: /home/rokey/p3/cobot_ws/install/parking_robot_interfaces/include/parking_robot_interfaces/parking_robot_interfaces/srv/acquire_zones.h\n'}
[0.187450] (parking_robot_interfaces) StdoutLine: {'line': b'-- Up-to-date symlink: /home/rokey/p3/cobot_ws/install/parking_robot_interfaces/include/parking_robot_interfaces/parking_robot_interfaces/srv/detail/acquire_zones__functions.h\n'}
[0.187485] (parking_robot_interfaces) StdoutLine: {'line': b'-- Up-to-date symlink: /home/rokey/p3/cobot_ws/install/parking_robot_interfaces/include/parking_robot_interfaces/parking_robot_interfaces/srv/detail/acquire_zones__struct.h\n'}
[0.187521] (parking_robot_interfaces) StdoutLine: {'line': b'-- Up-to-date symlink: /home/rokey/p3/cobot_ws/install/parking_robot_interfaces/include/parking_robot_interfaces/parking_robot_interfaces/srv/detail/acquire_zones__type_support.h\n'}
[0.187555] (parking_robot_interfaces) StdoutLine: {'line': b'-- Up-to-date symlink: /home/rokey/p3/cobot_ws/install/parking_robot_interfaces/include/parking_robot_interfaces/parking_robot_interfaces/srv/detail/find_empty_slot__functions.h\n'}
[0.187589] (parking_robot_interfaces) StdoutLine: {'line': b'-- Up-to-date symlink: /home/rokey/p3/cobot_ws/install/parking_robot_interfaces/include/parking_robot_interfaces/parking_robot_interfaces/srv/detail/find_empty_slot__struct.h\n'}
[0.187622] (parking_robot_interfaces) StdoutLine: {'line': b'-- Up-to-date symlink: /home/rokey/p3/cobot_ws/install/parking_robot_interfaces/include/parking_robot_interfaces/parking_robot_interfaces/srv/detail/find_empty_slot__type_support.h\n'}
[0.187656] (parking_robot_interfaces) StdoutLine: {'line': b'-- Up-to-date symlink: /home/rokey/p3/cobot_ws/install/parking_robot_interfaces/include/parking_robot_interfaces/parking_robot_interfaces/srv/detail/get_slot_info__functions.h\n'}
[0.187691] (parking_robot_interfaces) StdoutLine: {'line': b'-- Up-to-date symlink: /home/rokey/p3/cobot_ws/install/parking_robot_interfaces/include/parking_robot_interfaces/parking_robot_interfaces/srv/detail/get_slot_info__struct.h\n'}
[0.187725] (parking_robot_interfaces) StdoutLine: {'line': b'-- Up-to-date symlink: /home/rokey/p3/cobot_ws/install/parking_robot_interfaces/include/parking_robot_interfaces/parking_robot_interfaces/srv/detail/get_slot_info__type_support.h\n'}
[0.187758] (parking_robot_interfaces) StdoutLine: {'line': b'-- Up-to-date symlink: /home/rokey/p3/cobot_ws/install/parking_robot_interfaces/include/parking_robot_interfaces/parking_robot_interfaces/srv/detail/get_task_status__functions.h\n'}
[0.187791] (parking_robot_interfaces) StdoutLine: {'line': b'-- Up-to-date symlink: /home/rokey/p3/cobot_ws/install/parking_robot_interfaces/include/parking_robot_interfaces/parking_robot_interfaces/srv/detail/get_task_status__struct.h\n'}
[0.187824] (parking_robot_interfaces) StdoutLine: {'line': b'-- Up-to-date symlink: /home/rokey/p3/cobot_ws/install/parking_robot_interfaces/include/parking_robot_interfaces/parking_robot_interfaces/srv/detail/get_task_status__type_support.h\n'}
[0.187860] (parking_robot_interfaces) StdoutLine: {'line': b'-- Up-to-date symlink: /home/rokey/p3/cobot_ws/install/parking_robot_interfaces/include/parking_robot_interfaces/parking_robot_interfaces/srv/detail/park_in_slot__functions.h\n'}
[0.187894] (parking_robot_interfaces) StdoutLine: {'line': b'-- Up-to-date symlink: /home/rokey/p3/cobot_ws/install/parking_robot_interfaces/include/parking_robot_interfaces/parking_robot_interfaces/srv/detail/park_in_slot__struct.h\n'}
[0.187927] (parking_robot_interfaces) StdoutLine: {'line': b'-- Up-to-date symlink: /home/rokey/p3/cobot_ws/install/parking_robot_interfaces/include/parking_robot_interfaces/parking_robot_interfaces/srv/detail/park_in_slot__type_support.h\n'}
[0.187960] (parking_robot_interfaces) StdoutLine: {'line': b'-- Up-to-date symlink: /home/rokey/p3/cobot_ws/install/parking_robot_interfaces/include/parking_robot_interfaces/parking_robot_interfaces/srv/detail/release_zones__functions.h\n'}
[0.187994] (parking_robot_interfaces) StdoutLine: {'line': b'-- Up-to-date symlink: /home/rokey/p3/cobot_ws/install/parking_robot_interfaces/include/parking_robot_interfaces/parking_robot_interfaces/srv/detail/release_zones__struct.h\n'}
[0.188027] (parking_robot_interfaces) StdoutLine: {'line': b'-- Up-to-date symlink: /home/rokey/p3/cobot_ws/install/parking_robot_interfaces/include/parking_robot_interfaces/parking_robot_interfaces/srv/detail/release_zones__type_support.h\n'}
[0.188060] (parking_robot_interfaces) StdoutLine: {'line': b'-- Up-to-date symlink: /home/rokey/p3/cobot_ws/install/parking_robot_interfaces/include/parking_robot_interfaces/parking_robot_interfaces/srv/detail/request_parking_task__functions.h\n'}
[0.188092] (parking_robot_interfaces) StdoutLine: {'line': b'-- Up-to-date symlink: /home/rokey/p3/cobot_ws/install/parking_robot_interfaces/include/parking_robot_interfaces/parking_robot_interfaces/srv/detail/request_parking_task__struct.h\n'}
[0.188125] (parking_robot_interfaces) StdoutLine: {'line': b'-- Up-to-date symlink: /home/rokey/p3/cobot_ws/install/parking_robot_interfaces/include/parking_robot_interfaces/parking_robot_interfaces/srv/detail/request_parking_task__type_support.h\n'}
[0.188158] (parking_robot_interfaces) StdoutLine: {'line': b'-- Up-to-date symlink: /home/rokey/p3/cobot_ws/install/parking_robot_interfaces/include/parking_robot_interfaces/parking_robot_interfaces/srv/find_empty_slot.h\n'}
[0.188190] (parking_robot_interfaces) StdoutLine: {'line': b'-- Up-to-date symlink: /home/rokey/p3/cobot_ws/install/parking_robot_interfaces/include/parking_robot_interfaces/parking_robot_interfaces/srv/get_slot_info.h\n'}
[0.188224] (parking_robot_interfaces) StdoutLine: {'line': b'-- Up-to-date symlink: /home/rokey/p3/cobot_ws/install/parking_robot_interfaces/include/parking_robot_interfaces/parking_robot_interfaces/srv/get_task_status.h\n'}
[0.188256] (parking_robot_interfaces) StdoutLine: {'line': b'-- Up-to-date symlink: /home/rokey/p3/cobot_ws/install/parking_robot_interfaces/include/parking_robot_interfaces/parking_robot_interfaces/srv/park_in_slot.h\n'}
[0.188288] (parking_robot_interfaces) StdoutLine: {'line': b'-- Up-to-date symlink: /home/rokey/p3/cobot_ws/install/parking_robot_interfaces/include/parking_robot_interfaces/parking_robot_interfaces/srv/release_zones.h\n'}
[0.188321] (parking_robot_interfaces) StdoutLine: {'line': b'-- Up-to-date symlink: /home/rokey/p3/cobot_ws/install/parking_robot_interfaces/include/parking_robot_interfaces/parking_robot_interfaces/srv/request_parking_task.h\n'}
[0.188408] (parking_robot_interfaces) StdoutLine: {'line': b'-- Up-to-date symlink: /home/rokey/p3/cobot_ws/install/parking_robot_interfaces/share/parking_robot_interfaces/environment/library_path.sh\n'}
[0.188459] (parking_robot_interfaces) StdoutLine: {'line': b'-- Up-to-date symlink: /home/rokey/p3/cobot_ws/install/parking_robot_interfaces/share/parking_robot_interfaces/environment/library_path.dsv\n'}
[0.188846] (parking_robot_interfaces) StdoutLine: {'line': b'-- Up-to-date symlink: /home/rokey/p3/cobot_ws/install/parking_robot_interfaces/include/parking_robot_interfaces/parking_robot_interfaces/action/detail/align_vehicle__rosidl_typesupport_fastrtps_c.h\n'}
[0.188892] (parking_robot_interfaces) StdoutLine: {'line': b'-- Up-to-date symlink: /home/rokey/p3/cobot_ws/install/parking_robot_interfaces/include/parking_robot_interfaces/parking_robot_interfaces/action/detail/carry_to_slot__rosidl_typesupport_fastrtps_c.h\n'}
[0.188936] (parking_robot_interfaces) StdoutLine: {'line': b'-- Up-to-date symlink: /home/rokey/p3/cobot_ws/install/parking_robot_interfaces/include/parking_robot_interfaces/parking_robot_interfaces/action/detail/control_lift__rosidl_typesupport_fastrtps_c.h\n'}
[0.188987] (parking_robot_interfaces) StdoutLine: {'line': b'-- Up-to-date symlink: /home/rokey/p3/cobot_ws/install/parking_robot_interfaces/include/parking_robot_interfaces/parking_robot_interfaces/action/detail/detect_vehicle__rosidl_typesupport_fastrtps_c.h\n'}
[0.189023] (parking_robot_interfaces) StdoutLine: {'line': b'-- Up-to-date symlink: /home/rokey/p3/cobot_ws/install/parking_robot_interfaces/include/parking_robot_interfaces/parking_robot_interfaces/action/detail/execute_parking_task__rosidl_typesupport_fastrtps_c.h\n'}
[0.189050] (parking_robot_interfaces) StdoutLine: {'line': b'-- Up-to-date symlink: /home/rokey/p3/cobot_ws/install/parking_robot_interfaces/include/parking_robot_interfaces/parking_robot_interfaces/action/detail/ingress_under_truck__rosidl_typesupport_fastrtps_c.h\n'}
[0.189080] (parking_robot_interfaces) StdoutLine: {'line': b'-- Up-to-date symlink: /home/rokey/p3/cobot_ws/install/parking_robot_interfaces/include/parking_robot_interfaces/parking_robot_interfaces/msg/detail/formation_assignment__rosidl_typesupport_fastrtps_c.h\n'}
[0.189111] (parking_robot_interfaces) StdoutLine: {'line': b'-- Up-to-date symlink: /home/rokey/p3/cobot_ws/install/parking_robot_interfaces/include/parking_robot_interfaces/parking_robot_interfaces/msg/detail/formation_stop__rosidl_typesupport_fastrtps_c.h\n'}
[0.189139] (parking_robot_interfaces) StdoutLine: {'line': b'-- Up-to-date symlink: /home/rokey/p3/cobot_ws/install/parking_robot_interfaces/include/parking_robot_interfaces/parking_robot_interfaces/msg/detail/obstacle_alert__rosidl_typesupport_fastrtps_c.h\n'}
[0.189166] (parking_robot_interfaces) StdoutLine: {'line': b'-- Up-to-date symlink: /home/rokey/p3/cobot_ws/install/parking_robot_interfaces/include/parking_robot_interfaces/parking_robot_interfaces/msg/detail/task_state__rosidl_typesupport_fastrtps_c.h\n'}
[0.189191] (parking_robot_interfaces) StdoutLine: {'line': b'-- Up-to-date symlink: /home/rokey/p3/cobot_ws/install/parking_robot_interfaces/include/parking_robot_interfaces/parking_robot_interfaces/msg/detail/vehicle_info__rosidl_typesupport_fastrtps_c.h\n'}
[0.189223] (parking_robot_interfaces) StdoutLine: {'line': b'-- Up-to-date symlink: /home/rokey/p3/cobot_ws/install/parking_robot_interfaces/include/parking_robot_interfaces/parking_robot_interfaces/msg/rosidl_typesupport_fastrtps_c__visibility_control.h\n'}
[0.189256] (parking_robot_interfaces) StdoutLine: {'line': b'-- Up-to-date symlink: /home/rokey/p3/cobot_ws/install/parking_robot_interfaces/include/parking_robot_interfaces/parking_robot_interfaces/srv/detail/acquire_zones__rosidl_typesupport_fastrtps_c.h\n'}
[0.189290] (parking_robot_interfaces) StdoutLine: {'line': b'-- Up-to-date symlink: /home/rokey/p3/cobot_ws/install/parking_robot_interfaces/include/parking_robot_interfaces/parking_robot_interfaces/srv/detail/find_empty_slot__rosidl_typesupport_fastrtps_c.h\n'}
[0.189322] (parking_robot_interfaces) StdoutLine: {'line': b'-- Up-to-date symlink: /home/rokey/p3/cobot_ws/install/parking_robot_interfaces/include/parking_robot_interfaces/parking_robot_interfaces/srv/detail/get_slot_info__rosidl_typesupport_fastrtps_c.h\n'}
[0.189355] (parking_robot_interfaces) StdoutLine: {'line': b'-- Up-to-date symlink: /home/rokey/p3/cobot_ws/install/parking_robot_interfaces/include/parking_robot_interfaces/parking_robot_interfaces/srv/detail/get_task_status__rosidl_typesupport_fastrtps_c.h\n'}
[0.189387] (parking_robot_interfaces) StdoutLine: {'line': b'-- Up-to-date symlink: /home/rokey/p3/cobot_ws/install/parking_robot_interfaces/include/parking_robot_interfaces/parking_robot_interfaces/srv/detail/park_in_slot__rosidl_typesupport_fastrtps_c.h\n'}
[0.189420] (parking_robot_interfaces) StdoutLine: {'line': b'-- Up-to-date symlink: /home/rokey/p3/cobot_ws/install/parking_robot_interfaces/include/parking_robot_interfaces/parking_robot_interfaces/srv/detail/release_zones__rosidl_typesupport_fastrtps_c.h\n'}
[0.189453] (parking_robot_interfaces) StdoutLine: {'line': b'-- Up-to-date symlink: /home/rokey/p3/cobot_ws/install/parking_robot_interfaces/include/parking_robot_interfaces/parking_robot_interfaces/srv/detail/request_parking_task__rosidl_typesupport_fastrtps_c.h\n'}
[0.189672] (parking_robot_interfaces) StdoutLine: {'line': b'-- Up-to-date symlink: /home/rokey/p3/cobot_ws/install/parking_robot_interfaces/include/parking_robot_interfaces/parking_robot_interfaces/action/detail/align_vehicle__rosidl_typesupport_introspection_c.h\n'}
[0.189707] (parking_robot_interfaces) StdoutLine: {'line': b'-- Up-to-date symlink: /home/rokey/p3/cobot_ws/install/parking_robot_interfaces/include/parking_robot_interfaces/parking_robot_interfaces/action/detail/carry_to_slot__rosidl_typesupport_introspection_c.h\n'}
[0.189741] (parking_robot_interfaces) StdoutLine: {'line': b'-- Up-to-date symlink: /home/rokey/p3/cobot_ws/install/parking_robot_interfaces/include/parking_robot_interfaces/parking_robot_interfaces/action/detail/control_lift__rosidl_typesupport_introspection_c.h\n'}
[0.189775] (parking_robot_interfaces) StdoutLine: {'line': b'-- Up-to-date symlink: /home/rokey/p3/cobot_ws/install/parking_robot_interfaces/include/parking_robot_interfaces/parking_robot_interfaces/action/detail/detect_vehicle__rosidl_typesupport_introspection_c.h\n'}
[0.189808] (parking_robot_interfaces) StdoutLine: {'line': b'-- Up-to-date symlink: /home/rokey/p3/cobot_ws/install/parking_robot_interfaces/include/parking_robot_interfaces/parking_robot_interfaces/action/detail/execute_parking_task__rosidl_typesupport_introspection_c.h\n'}
[0.189843] (parking_robot_interfaces) StdoutLine: {'line': b'-- Up-to-date symlink: /home/rokey/p3/cobot_ws/install/parking_robot_interfaces/include/parking_robot_interfaces/parking_robot_interfaces/action/detail/ingress_under_truck__rosidl_typesupport_introspection_c.h\n'}
[0.189876] (parking_robot_interfaces) StdoutLine: {'line': b'-- Up-to-date symlink: /home/rokey/p3/cobot_ws/install/parking_robot_interfaces/include/parking_robot_interfaces/parking_robot_interfaces/msg/detail/formation_assignment__rosidl_typesupport_introspection_c.h\n'}
[0.189910] (parking_robot_interfaces) StdoutLine: {'line': b'-- Up-to-date symlink: /home/rokey/p3/cobot_ws/install/parking_robot_interfaces/include/parking_robot_interfaces/parking_robot_interfaces/msg/detail/formation_stop__rosidl_typesupport_introspection_c.h\n'}
[0.189942] (parking_robot_interfaces) StdoutLine: {'line': b'-- Up-to-date symlink: /home/rokey/p3/cobot_ws/install/parking_robot_interfaces/include/parking_robot_interfaces/parking_robot_interfaces/msg/detail/obstacle_alert__rosidl_typesupport_introspection_c.h\n'}
[0.189977] (parking_robot_interfaces) StdoutLine: {'line': b'-- Up-to-date symlink: /home/rokey/p3/cobot_ws/install/parking_robot_interfaces/include/parking_robot_interfaces/parking_robot_interfaces/msg/detail/task_state__rosidl_typesupport_introspection_c.h\n'}
[0.190010] (parking_robot_interfaces) StdoutLine: {'line': b'-- Up-to-date symlink: /home/rokey/p3/cobot_ws/install/parking_robot_interfaces/include/parking_robot_interfaces/parking_robot_interfaces/msg/detail/vehicle_info__rosidl_typesupport_introspection_c.h\n'}
[0.190095] (parking_robot_interfaces) StdoutLine: {'line': b'-- Up-to-date symlink: /home/rokey/p3/cobot_ws/install/parking_robot_interfaces/include/parking_robot_interfaces/parking_robot_interfaces/msg/rosidl_typesupport_introspection_c__visibility_control.h\n'}
[0.190191] (parking_robot_interfaces) StdoutLine: {'line': b'-- Up-to-date symlink: /home/rokey/p3/cobot_ws/install/parking_robot_interfaces/include/parking_robot_interfaces/parking_robot_interfaces/srv/detail/acquire_zones__rosidl_typesupport_introspection_c.h\n'}
[0.190271] (parking_robot_interfaces) StdoutLine: {'line': b'-- Up-to-date symlink: /home/rokey/p3/cobot_ws/install/parking_robot_interfaces/include/parking_robot_interfaces/parking_robot_interfaces/srv/detail/find_empty_slot__rosidl_typesupport_introspection_c.h\n'}
[0.190386] (parking_robot_interfaces) StdoutLine: {'line': b'-- Up-to-date symlink: /home/rokey/p3/cobot_ws/install/parking_robot_interfaces/include/parking_robot_interfaces/parking_robot_interfaces/srv/detail/get_slot_info__rosidl_typesupport_introspection_c.h\n'}
[0.190528] (parking_robot_interfaces) StdoutLine: {'line': b'-- Up-to-date symlink: /home/rokey/p3/cobot_ws/install/parking_robot_interfaces/include/parking_robot_interfaces/parking_robot_interfaces/srv/detail/get_task_status__rosidl_typesupport_introspection_c.h\n'}
[0.190582] (parking_robot_interfaces) StdoutLine: {'line': b'-- Up-to-date symlink: /home/rokey/p3/cobot_ws/install/parking_robot_interfaces/include/parking_robot_interfaces/parking_robot_interfaces/srv/detail/park_in_slot__rosidl_typesupport_introspection_c.h\n'}
[0.190645] (parking_robot_interfaces) StdoutLine: {'line': b'-- Up-to-date symlink: /home/rokey/p3/cobot_ws/install/parking_robot_interfaces/include/parking_robot_interfaces/parking_robot_interfaces/srv/detail/release_zones__rosidl_typesupport_introspection_c.h\n'}
[0.190678] (parking_robot_interfaces) StdoutLine: {'line': b'-- Up-to-date symlink: /home/rokey/p3/cobot_ws/install/parking_robot_interfaces/include/parking_robot_interfaces/parking_robot_interfaces/srv/detail/request_parking_task__rosidl_typesupport_introspection_c.h\n'}
[0.191497] (parking_robot_interfaces) StdoutLine: {'line': b'-- Up-to-date symlink: /home/rokey/p3/cobot_ws/install/parking_robot_interfaces/include/parking_robot_interfaces/parking_robot_interfaces/action/align_vehicle.hpp\n'}
[0.191533] (parking_robot_interfaces) StdoutLine: {'line': b'-- Up-to-date symlink: /home/rokey/p3/cobot_ws/install/parking_robot_interfaces/include/parking_robot_interfaces/parking_robot_interfaces/action/carry_to_slot.hpp\n'}
[0.191561] (parking_robot_interfaces) StdoutLine: {'line': b'-- Up-to-date symlink: /home/rokey/p3/cobot_ws/install/parking_robot_interfaces/include/parking_robot_interfaces/parking_robot_interfaces/action/control_lift.hpp\n'}
[0.191588] (parking_robot_interfaces) StdoutLine: {'line': b'-- Up-to-date symlink: /home/rokey/p3/cobot_ws/install/parking_robot_interfaces/include/parking_robot_interfaces/parking_robot_interfaces/action/detail/align_vehicle__builder.hpp\n'}
[0.191622] (parking_robot_interfaces) StdoutLine: {'line': b'-- Up-to-date symlink: /home/rokey/p3/cobot_ws/install/parking_robot_interfaces/include/parking_robot_interfaces/parking_robot_interfaces/action/detail/align_vehicle__struct.hpp\n'}
[0.191656] (parking_robot_interfaces) StdoutLine: {'line': b'-- Up-to-date symlink: /home/rokey/p3/cobot_ws/install/parking_robot_interfaces/include/parking_robot_interfaces/parking_robot_interfaces/action/detail/align_vehicle__traits.hpp\n'}
[0.191690] (parking_robot_interfaces) StdoutLine: {'line': b'-- Up-to-date symlink: /home/rokey/p3/cobot_ws/install/parking_robot_interfaces/include/parking_robot_interfaces/parking_robot_interfaces/action/detail/align_vehicle__type_support.hpp\n'}
[0.191723] (parking_robot_interfaces) StdoutLine: {'line': b'-- Up-to-date symlink: /home/rokey/p3/cobot_ws/install/parking_robot_interfaces/include/parking_robot_interfaces/parking_robot_interfaces/action/detail/carry_to_slot__builder.hpp\n'}
[0.191755] (parking_robot_interfaces) StdoutLine: {'line': b'-- Up-to-date symlink: /home/rokey/p3/cobot_ws/install/parking_robot_interfaces/include/parking_robot_interfaces/parking_robot_interfaces/action/detail/carry_to_slot__struct.hpp\n'}
[0.191788] (parking_robot_interfaces) StdoutLine: {'line': b'-- Up-to-date symlink: /home/rokey/p3/cobot_ws/install/parking_robot_interfaces/include/parking_robot_interfaces/parking_robot_interfaces/action/detail/carry_to_slot__traits.hpp\n'}
[0.191822] (parking_robot_interfaces) StdoutLine: {'line': b'-- Up-to-date symlink: /home/rokey/p3/cobot_ws/install/parking_robot_interfaces/include/parking_robot_interfaces/parking_robot_interfaces/action/detail/carry_to_slot__type_support.hpp\n'}
[0.191855] (parking_robot_interfaces) StdoutLine: {'line': b'-- Up-to-date symlink: /home/rokey/p3/cobot_ws/install/parking_robot_interfaces/include/parking_robot_interfaces/parking_robot_interfaces/action/detail/control_lift__builder.hpp\n'}
[0.191888] (parking_robot_interfaces) StdoutLine: {'line': b'-- Up-to-date symlink: /home/rokey/p3/cobot_ws/install/parking_robot_interfaces/include/parking_robot_interfaces/parking_robot_interfaces/action/detail/control_lift__struct.hpp\n'}
[0.191920] (parking_robot_interfaces) StdoutLine: {'line': b'-- Up-to-date symlink: /home/rokey/p3/cobot_ws/install/parking_robot_interfaces/include/parking_robot_interfaces/parking_robot_interfaces/action/detail/control_lift__traits.hpp\n'}
[0.191953] (parking_robot_interfaces) StdoutLine: {'line': b'-- Up-to-date symlink: /home/rokey/p3/cobot_ws/install/parking_robot_interfaces/include/parking_robot_interfaces/parking_robot_interfaces/action/detail/control_lift__type_support.hpp\n'}
[0.191986] (parking_robot_interfaces) StdoutLine: {'line': b'-- Up-to-date symlink: /home/rokey/p3/cobot_ws/install/parking_robot_interfaces/include/parking_robot_interfaces/parking_robot_interfaces/action/detail/detect_vehicle__builder.hpp\n'}
[0.192018] (parking_robot_interfaces) StdoutLine: {'line': b'-- Up-to-date symlink: /home/rokey/p3/cobot_ws/install/parking_robot_interfaces/include/parking_robot_interfaces/parking_robot_interfaces/action/detail/detect_vehicle__struct.hpp\n'}
[0.192050] (parking_robot_interfaces) StdoutLine: {'line': b'-- Up-to-date symlink: /home/rokey/p3/cobot_ws/install/parking_robot_interfaces/include/parking_robot_interfaces/parking_robot_interfaces/action/detail/detect_vehicle__traits.hpp\n'}
[0.192086] (parking_robot_interfaces) StdoutLine: {'line': b'-- Up-to-date symlink: /home/rokey/p3/cobot_ws/install/parking_robot_interfaces/include/parking_robot_interfaces/parking_robot_interfaces/action/detail/detect_vehicle__type_support.hpp\n'}
[0.192125] (parking_robot_interfaces) StdoutLine: {'line': b'-- Up-to-date symlink: /home/rokey/p3/cobot_ws/install/parking_robot_interfaces/include/parking_robot_interfaces/parking_robot_interfaces/action/detail/execute_parking_task__builder.hpp\n'}
[0.192153] (parking_robot_interfaces) StdoutLine: {'line': b'-- Up-to-date symlink: /home/rokey/p3/cobot_ws/install/parking_robot_interfaces/include/parking_robot_interfaces/parking_robot_interfaces/action/detail/execute_parking_task__struct.hpp\n'}
[0.192182] (parking_robot_interfaces) StdoutLine: {'line': b'-- Up-to-date symlink: /home/rokey/p3/cobot_ws/install/parking_robot_interfaces/include/parking_robot_interfaces/parking_robot_interfaces/action/detail/execute_parking_task__traits.hpp\n'}
[0.192214] (parking_robot_interfaces) StdoutLine: {'line': b'-- Up-to-date symlink: /home/rokey/p3/cobot_ws/install/parking_robot_interfaces/include/parking_robot_interfaces/parking_robot_interfaces/action/detail/execute_parking_task__type_support.hpp\n'}
[0.192245] (parking_robot_interfaces) StdoutLine: {'line': b'-- Up-to-date symlink: /home/rokey/p3/cobot_ws/install/parking_robot_interfaces/include/parking_robot_interfaces/parking_robot_interfaces/action/detail/ingress_under_truck__builder.hpp\n'}
[0.192279] (parking_robot_interfaces) StdoutLine: {'line': b'-- Up-to-date symlink: /home/rokey/p3/cobot_ws/install/parking_robot_interfaces/include/parking_robot_interfaces/parking_robot_interfaces/action/detail/ingress_under_truck__struct.hpp\n'}
[0.192310] (parking_robot_interfaces) StdoutLine: {'line': b'-- Up-to-date symlink: /home/rokey/p3/cobot_ws/install/parking_robot_interfaces/include/parking_robot_interfaces/parking_robot_interfaces/action/detail/ingress_under_truck__traits.hpp\n'}
[0.192343] (parking_robot_interfaces) StdoutLine: {'line': b'-- Up-to-date symlink: /home/rokey/p3/cobot_ws/install/parking_robot_interfaces/include/parking_robot_interfaces/parking_robot_interfaces/action/detail/ingress_under_truck__type_support.hpp\n'}
[0.192375] (parking_robot_interfaces) StdoutLine: {'line': b'-- Up-to-date symlink: /home/rokey/p3/cobot_ws/install/parking_robot_interfaces/include/parking_robot_interfaces/parking_robot_interfaces/action/detect_vehicle.hpp\n'}
[0.192407] (parking_robot_interfaces) StdoutLine: {'line': b'-- Up-to-date symlink: /home/rokey/p3/cobot_ws/install/parking_robot_interfaces/include/parking_robot_interfaces/parking_robot_interfaces/action/execute_parking_task.hpp\n'}
[0.192439] (parking_robot_interfaces) StdoutLine: {'line': b'-- Up-to-date symlink: /home/rokey/p3/cobot_ws/install/parking_robot_interfaces/include/parking_robot_interfaces/parking_robot_interfaces/action/ingress_under_truck.hpp\n'}
[0.192472] (parking_robot_interfaces) StdoutLine: {'line': b'-- Up-to-date symlink: /home/rokey/p3/cobot_ws/install/parking_robot_interfaces/include/parking_robot_interfaces/parking_robot_interfaces/msg/detail/formation_assignment__builder.hpp\n'}
[0.192504] (parking_robot_interfaces) StdoutLine: {'line': b'-- Up-to-date symlink: /home/rokey/p3/cobot_ws/install/parking_robot_interfaces/include/parking_robot_interfaces/parking_robot_interfaces/msg/detail/formation_assignment__struct.hpp\n'}
[0.192536] (parking_robot_interfaces) StdoutLine: {'line': b'-- Up-to-date symlink: /home/rokey/p3/cobot_ws/install/parking_robot_interfaces/include/parking_robot_interfaces/parking_robot_interfaces/msg/detail/formation_assignment__traits.hpp\n'}
[0.192568] (parking_robot_interfaces) StdoutLine: {'line': b'-- Up-to-date symlink: /home/rokey/p3/cobot_ws/install/parking_robot_interfaces/include/parking_robot_interfaces/parking_robot_interfaces/msg/detail/formation_assignment__type_support.hpp\n'}
[0.192601] (parking_robot_interfaces) StdoutLine: {'line': b'-- Up-to-date symlink: /home/rokey/p3/cobot_ws/install/parking_robot_interfaces/include/parking_robot_interfaces/parking_robot_interfaces/msg/detail/formation_stop__builder.hpp\n'}
[0.192632] (parking_robot_interfaces) StdoutLine: {'line': b'-- Up-to-date symlink: /home/rokey/p3/cobot_ws/install/parking_robot_interfaces/include/parking_robot_interfaces/parking_robot_interfaces/msg/detail/formation_stop__struct.hpp\n'}
[0.192665] (parking_robot_interfaces) StdoutLine: {'line': b'-- Up-to-date symlink: /home/rokey/p3/cobot_ws/install/parking_robot_interfaces/include/parking_robot_interfaces/parking_robot_interfaces/msg/detail/formation_stop__traits.hpp\n'}
[0.192697] (parking_robot_interfaces) StdoutLine: {'line': b'-- Up-to-date symlink: /home/rokey/p3/cobot_ws/install/parking_robot_interfaces/include/parking_robot_interfaces/parking_robot_interfaces/msg/detail/formation_stop__type_support.hpp\n'}
[0.192730] (parking_robot_interfaces) StdoutLine: {'line': b'-- Up-to-date symlink: /home/rokey/p3/cobot_ws/install/parking_robot_interfaces/include/parking_robot_interfaces/parking_robot_interfaces/msg/detail/obstacle_alert__builder.hpp\n'}
[0.192761] (parking_robot_interfaces) StdoutLine: {'line': b'-- Up-to-date symlink: /home/rokey/p3/cobot_ws/install/parking_robot_interfaces/include/parking_robot_interfaces/parking_robot_interfaces/msg/detail/obstacle_alert__struct.hpp\n'}
[0.192793] (parking_robot_interfaces) StdoutLine: {'line': b'-- Up-to-date symlink: /home/rokey/p3/cobot_ws/install/parking_robot_interfaces/include/parking_robot_interfaces/parking_robot_interfaces/msg/detail/obstacle_alert__traits.hpp\n'}
[0.192827] (parking_robot_interfaces) StdoutLine: {'line': b'-- Up-to-date symlink: /home/rokey/p3/cobot_ws/install/parking_robot_interfaces/include/parking_robot_interfaces/parking_robot_interfaces/msg/detail/obstacle_alert__type_support.hpp\n'}
[0.192861] (parking_robot_interfaces) StdoutLine: {'line': b'-- Up-to-date symlink: /home/rokey/p3/cobot_ws/install/parking_robot_interfaces/include/parking_robot_interfaces/parking_robot_interfaces/msg/detail/task_state__builder.hpp\n'}
[0.192895] (parking_robot_interfaces) StdoutLine: {'line': b'-- Up-to-date symlink: /home/rokey/p3/cobot_ws/install/parking_robot_interfaces/include/parking_robot_interfaces/parking_robot_interfaces/msg/detail/task_state__struct.hpp\n'}
[0.192927] (parking_robot_interfaces) StdoutLine: {'line': b'-- Up-to-date symlink: /home/rokey/p3/cobot_ws/install/parking_robot_interfaces/include/parking_robot_interfaces/parking_robot_interfaces/msg/detail/task_state__traits.hpp\n'}
[0.192959] (parking_robot_interfaces) StdoutLine: {'line': b'-- Up-to-date symlink: /home/rokey/p3/cobot_ws/install/parking_robot_interfaces/include/parking_robot_interfaces/parking_robot_interfaces/msg/detail/task_state__type_support.hpp\n'}
[0.192991] (parking_robot_interfaces) StdoutLine: {'line': b'-- Up-to-date symlink: /home/rokey/p3/cobot_ws/install/parking_robot_interfaces/include/parking_robot_interfaces/parking_robot_interfaces/msg/detail/vehicle_info__builder.hpp\n'}
[0.193023] (parking_robot_interfaces) StdoutLine: {'line': b'-- Up-to-date symlink: /home/rokey/p3/cobot_ws/install/parking_robot_interfaces/include/parking_robot_interfaces/parking_robot_interfaces/msg/detail/vehicle_info__struct.hpp\n'}
[0.193055] (parking_robot_interfaces) StdoutLine: {'line': b'-- Up-to-date symlink: /home/rokey/p3/cobot_ws/install/parking_robot_interfaces/include/parking_robot_interfaces/parking_robot_interfaces/msg/detail/vehicle_info__traits.hpp\n'}
[0.193086] (parking_robot_interfaces) StdoutLine: {'line': b'-- Up-to-date symlink: /home/rokey/p3/cobot_ws/install/parking_robot_interfaces/include/parking_robot_interfaces/parking_robot_interfaces/msg/detail/vehicle_info__type_support.hpp\n'}
[0.193118] (parking_robot_interfaces) StdoutLine: {'line': b'-- Up-to-date symlink: /home/rokey/p3/cobot_ws/install/parking_robot_interfaces/include/parking_robot_interfaces/parking_robot_interfaces/msg/formation_assignment.hpp\n'}
[0.193158] (parking_robot_interfaces) StdoutLine: {'line': b'-- Up-to-date symlink: /home/rokey/p3/cobot_ws/install/parking_robot_interfaces/include/parking_robot_interfaces/parking_robot_interfaces/msg/formation_stop.hpp\n'}
[0.193187] (parking_robot_interfaces) StdoutLine: {'line': b'-- Up-to-date symlink: /home/rokey/p3/cobot_ws/install/parking_robot_interfaces/include/parking_robot_interfaces/parking_robot_interfaces/msg/obstacle_alert.hpp\n'}
[0.193216] (parking_robot_interfaces) StdoutLine: {'line': b'-- Up-to-date symlink: /home/rokey/p3/cobot_ws/install/parking_robot_interfaces/include/parking_robot_interfaces/parking_robot_interfaces/msg/rosidl_generator_cpp__visibility_control.hpp\n'}
[0.193247] (parking_robot_interfaces) StdoutLine: {'line': b'-- Up-to-date symlink: /home/rokey/p3/cobot_ws/install/parking_robot_interfaces/include/parking_robot_interfaces/parking_robot_interfaces/msg/task_state.hpp\n'}
[0.193280] (parking_robot_interfaces) StdoutLine: {'line': b'-- Up-to-date symlink: /home/rokey/p3/cobot_ws/install/parking_robot_interfaces/include/parking_robot_interfaces/parking_robot_interfaces/msg/vehicle_info.hpp\n'}
[0.193311] (parking_robot_interfaces) StdoutLine: {'line': b'-- Up-to-date symlink: /home/rokey/p3/cobot_ws/install/parking_robot_interfaces/include/parking_robot_interfaces/parking_robot_interfaces/srv/acquire_zones.hpp\n'}
[0.193345] (parking_robot_interfaces) StdoutLine: {'line': b'-- Up-to-date symlink: /home/rokey/p3/cobot_ws/install/parking_robot_interfaces/include/parking_robot_interfaces/parking_robot_interfaces/srv/detail/acquire_zones__builder.hpp\n'}
[0.193377] (parking_robot_interfaces) StdoutLine: {'line': b'-- Up-to-date symlink: /home/rokey/p3/cobot_ws/install/parking_robot_interfaces/include/parking_robot_interfaces/parking_robot_interfaces/srv/detail/acquire_zones__struct.hpp\n'}
[0.193410] (parking_robot_interfaces) StdoutLine: {'line': b'-- Up-to-date symlink: /home/rokey/p3/cobot_ws/install/parking_robot_interfaces/include/parking_robot_interfaces/parking_robot_interfaces/srv/detail/acquire_zones__traits.hpp\n'}
[0.193442] (parking_robot_interfaces) StdoutLine: {'line': b'-- Up-to-date symlink: /home/rokey/p3/cobot_ws/install/parking_robot_interfaces/include/parking_robot_interfaces/parking_robot_interfaces/srv/detail/acquire_zones__type_support.hpp\n'}
[0.193475] (parking_robot_interfaces) StdoutLine: {'line': b'-- Up-to-date symlink: /home/rokey/p3/cobot_ws/install/parking_robot_interfaces/include/parking_robot_interfaces/parking_robot_interfaces/srv/detail/find_empty_slot__builder.hpp\n'}
[0.193507] (parking_robot_interfaces) StdoutLine: {'line': b'-- Up-to-date symlink: /home/rokey/p3/cobot_ws/install/parking_robot_interfaces/include/parking_robot_interfaces/parking_robot_interfaces/srv/detail/find_empty_slot__struct.hpp\n'}
[0.193539] (parking_robot_interfaces) StdoutLine: {'line': b'-- Up-to-date symlink: /home/rokey/p3/cobot_ws/install/parking_robot_interfaces/include/parking_robot_interfaces/parking_robot_interfaces/srv/detail/find_empty_slot__traits.hpp\n'}
[0.193570] (parking_robot_interfaces) StdoutLine: {'line': b'-- Up-to-date symlink: /home/rokey/p3/cobot_ws/install/parking_robot_interfaces/include/parking_robot_interfaces/parking_robot_interfaces/srv/detail/find_empty_slot__type_support.hpp\n'}
[0.193603] (parking_robot_interfaces) StdoutLine: {'line': b'-- Up-to-date symlink: /home/rokey/p3/cobot_ws/install/parking_robot_interfaces/include/parking_robot_interfaces/parking_robot_interfaces/srv/detail/get_slot_info__builder.hpp\n'}
[0.193635] (parking_robot_interfaces) StdoutLine: {'line': b'-- Up-to-date symlink: /home/rokey/p3/cobot_ws/install/parking_robot_interfaces/include/parking_robot_interfaces/parking_robot_interfaces/srv/detail/get_slot_info__struct.hpp\n'}
[0.193668] (parking_robot_interfaces) StdoutLine: {'line': b'-- Up-to-date symlink: /home/rokey/p3/cobot_ws/install/parking_robot_interfaces/include/parking_robot_interfaces/parking_robot_interfaces/srv/detail/get_slot_info__traits.hpp\n'}
[0.193700] (parking_robot_interfaces) StdoutLine: {'line': b'-- Up-to-date symlink: /home/rokey/p3/cobot_ws/install/parking_robot_interfaces/include/parking_robot_interfaces/parking_robot_interfaces/srv/detail/get_slot_info__type_support.hpp\n'}
[0.193733] (parking_robot_interfaces) StdoutLine: {'line': b'-- Up-to-date symlink: /home/rokey/p3/cobot_ws/install/parking_robot_interfaces/include/parking_robot_interfaces/parking_robot_interfaces/srv/detail/get_task_status__builder.hpp\n'}
[0.193764] (parking_robot_interfaces) StdoutLine: {'line': b'-- Up-to-date symlink: /home/rokey/p3/cobot_ws/install/parking_robot_interfaces/include/parking_robot_interfaces/parking_robot_interfaces/srv/detail/get_task_status__struct.hpp\n'}
[0.193796] (parking_robot_interfaces) StdoutLine: {'line': b'-- Up-to-date symlink: /home/rokey/p3/cobot_ws/install/parking_robot_interfaces/include/parking_robot_interfaces/parking_robot_interfaces/srv/detail/get_task_status__traits.hpp\n'}
[0.193828] (parking_robot_interfaces) StdoutLine: {'line': b'-- Up-to-date symlink: /home/rokey/p3/cobot_ws/install/parking_robot_interfaces/include/parking_robot_interfaces/parking_robot_interfaces/srv/detail/get_task_status__type_support.hpp\n'}
[0.193862] (parking_robot_interfaces) StdoutLine: {'line': b'-- Up-to-date symlink: /home/rokey/p3/cobot_ws/install/parking_robot_interfaces/include/parking_robot_interfaces/parking_robot_interfaces/srv/detail/park_in_slot__builder.hpp\n'}
[0.193894] (parking_robot_interfaces) StdoutLine: {'line': b'-- Up-to-date symlink: /home/rokey/p3/cobot_ws/install/parking_robot_interfaces/include/parking_robot_interfaces/parking_robot_interfaces/srv/detail/park_in_slot__struct.hpp\n'}
[0.193926] (parking_robot_interfaces) StdoutLine: {'line': b'-- Up-to-date symlink: /home/rokey/p3/cobot_ws/install/parking_robot_interfaces/include/parking_robot_interfaces/parking_robot_interfaces/srv/detail/park_in_slot__traits.hpp\n'}
[0.193958] (parking_robot_interfaces) StdoutLine: {'line': b'-- Up-to-date symlink: /home/rokey/p3/cobot_ws/install/parking_robot_interfaces/include/parking_robot_interfaces/parking_robot_interfaces/srv/detail/park_in_slot__type_support.hpp\n'}
[0.193991] (parking_robot_interfaces) StdoutLine: {'line': b'-- Up-to-date symlink: /home/rokey/p3/cobot_ws/install/parking_robot_interfaces/include/parking_robot_interfaces/parking_robot_interfaces/srv/detail/release_zones__builder.hpp\n'}
[0.194023] (parking_robot_interfaces) StdoutLine: {'line': b'-- Up-to-date symlink: /home/rokey/p3/cobot_ws/install/parking_robot_interfaces/include/parking_robot_interfaces/parking_robot_interfaces/srv/detail/release_zones__struct.hpp\n'}
[0.194055] (parking_robot_interfaces) StdoutLine: {'line': b'-- Up-to-date symlink: /home/rokey/p3/cobot_ws/install/parking_robot_interfaces/include/parking_robot_interfaces/parking_robot_interfaces/srv/detail/release_zones__traits.hpp\n'}
[0.194086] (parking_robot_interfaces) StdoutLine: {'line': b'-- Up-to-date symlink: /home/rokey/p3/cobot_ws/install/parking_robot_interfaces/include/parking_robot_interfaces/parking_robot_interfaces/srv/detail/release_zones__type_support.hpp\n'}
[0.194119] (parking_robot_interfaces) StdoutLine: {'line': b'-- Up-to-date symlink: /home/rokey/p3/cobot_ws/install/parking_robot_interfaces/include/parking_robot_interfaces/parking_robot_interfaces/srv/detail/request_parking_task__builder.hpp\n'}
[0.194151] (parking_robot_interfaces) StdoutLine: {'line': b'-- Up-to-date symlink: /home/rokey/p3/cobot_ws/install/parking_robot_interfaces/include/parking_robot_interfaces/parking_robot_interfaces/srv/detail/request_parking_task__struct.hpp\n'}
[0.194183] (parking_robot_interfaces) StdoutLine: {'line': b'-- Up-to-date symlink: /home/rokey/p3/cobot_ws/install/parking_robot_interfaces/include/parking_robot_interfaces/parking_robot_interfaces/srv/detail/request_parking_task__traits.hpp\n'}
[0.194215] (parking_robot_interfaces) StdoutLine: {'line': b'-- Up-to-date symlink: /home/rokey/p3/cobot_ws/install/parking_robot_interfaces/include/parking_robot_interfaces/parking_robot_interfaces/srv/detail/request_parking_task__type_support.hpp\n'}
[0.194246] (parking_robot_interfaces) StdoutLine: {'line': b'-- Up-to-date symlink: /home/rokey/p3/cobot_ws/install/parking_robot_interfaces/include/parking_robot_interfaces/parking_robot_interfaces/srv/find_empty_slot.hpp\n'}
[0.194278] (parking_robot_interfaces) StdoutLine: {'line': b'-- Up-to-date symlink: /home/rokey/p3/cobot_ws/install/parking_robot_interfaces/include/parking_robot_interfaces/parking_robot_interfaces/srv/get_slot_info.hpp\n'}
[0.194309] (parking_robot_interfaces) StdoutLine: {'line': b'-- Up-to-date symlink: /home/rokey/p3/cobot_ws/install/parking_robot_interfaces/include/parking_robot_interfaces/parking_robot_interfaces/srv/get_task_status.hpp\n'}
[0.194342] (parking_robot_interfaces) StdoutLine: {'line': b'-- Up-to-date symlink: /home/rokey/p3/cobot_ws/install/parking_robot_interfaces/include/parking_robot_interfaces/parking_robot_interfaces/srv/park_in_slot.hpp\n'}
[0.194373] (parking_robot_interfaces) StdoutLine: {'line': b'-- Up-to-date symlink: /home/rokey/p3/cobot_ws/install/parking_robot_interfaces/include/parking_robot_interfaces/parking_robot_interfaces/srv/release_zones.hpp\n'}
[0.194405] (parking_robot_interfaces) StdoutLine: {'line': b'-- Up-to-date symlink: /home/rokey/p3/cobot_ws/install/parking_robot_interfaces/include/parking_robot_interfaces/parking_robot_interfaces/srv/request_parking_task.hpp\n'}
[0.194787] (parking_robot_interfaces) StdoutLine: {'line': b'-- Up-to-date symlink: /home/rokey/p3/cobot_ws/install/parking_robot_interfaces/include/parking_robot_interfaces/parking_robot_interfaces/action/detail/align_vehicle__rosidl_typesupport_fastrtps_cpp.hpp\n'}
[0.194823] (parking_robot_interfaces) StdoutLine: {'line': b'-- Up-to-date symlink: /home/rokey/p3/cobot_ws/install/parking_robot_interfaces/include/parking_robot_interfaces/parking_robot_interfaces/action/detail/carry_to_slot__rosidl_typesupport_fastrtps_cpp.hpp\n'}
[0.194858] (parking_robot_interfaces) StdoutLine: {'line': b'-- Up-to-date symlink: /home/rokey/p3/cobot_ws/install/parking_robot_interfaces/include/parking_robot_interfaces/parking_robot_interfaces/action/detail/control_lift__rosidl_typesupport_fastrtps_cpp.hpp\n'}
[0.194894] (parking_robot_interfaces) StdoutLine: {'line': b'-- Up-to-date symlink: /home/rokey/p3/cobot_ws/install/parking_robot_interfaces/include/parking_robot_interfaces/parking_robot_interfaces/action/detail/detect_vehicle__rosidl_typesupport_fastrtps_cpp.hpp\n'}
[0.194927] (parking_robot_interfaces) StdoutLine: {'line': b'-- Up-to-date symlink: /home/rokey/p3/cobot_ws/install/parking_robot_interfaces/include/parking_robot_interfaces/parking_robot_interfaces/action/detail/execute_parking_task__rosidl_typesupport_fastrtps_cpp.hpp\n'}
[0.194961] (parking_robot_interfaces) StdoutLine: {'line': b'-- Up-to-date symlink: /home/rokey/p3/cobot_ws/install/parking_robot_interfaces/include/parking_robot_interfaces/parking_robot_interfaces/action/detail/ingress_under_truck__rosidl_typesupport_fastrtps_cpp.hpp\n'}
[0.194994] (parking_robot_interfaces) StdoutLine: {'line': b'-- Up-to-date symlink: /home/rokey/p3/cobot_ws/install/parking_robot_interfaces/include/parking_robot_interfaces/parking_robot_interfaces/msg/detail/formation_assignment__rosidl_typesupport_fastrtps_cpp.hpp\n'}
[0.195029] (parking_robot_interfaces) StdoutLine: {'line': b'-- Up-to-date symlink: /home/rokey/p3/cobot_ws/install/parking_robot_interfaces/include/parking_robot_interfaces/parking_robot_interfaces/msg/detail/formation_stop__rosidl_typesupport_fastrtps_cpp.hpp\n'}
[0.195061] (parking_robot_interfaces) StdoutLine: {'line': b'-- Up-to-date symlink: /home/rokey/p3/cobot_ws/install/parking_robot_interfaces/include/parking_robot_interfaces/parking_robot_interfaces/msg/detail/obstacle_alert__rosidl_typesupport_fastrtps_cpp.hpp\n'}
[0.195094] (parking_robot_interfaces) StdoutLine: {'line': b'-- Up-to-date symlink: /home/rokey/p3/cobot_ws/install/parking_robot_interfaces/include/parking_robot_interfaces/parking_robot_interfaces/msg/detail/task_state__rosidl_typesupport_fastrtps_cpp.hpp\n'}
[0.195125] (parking_robot_interfaces) StdoutLine: {'line': b'-- Up-to-date symlink: /home/rokey/p3/cobot_ws/install/parking_robot_interfaces/include/parking_robot_interfaces/parking_robot_interfaces/msg/detail/vehicle_info__rosidl_typesupport_fastrtps_cpp.hpp\n'}
[0.195158] (parking_robot_interfaces) StdoutLine: {'line': b'-- Up-to-date symlink: /home/rokey/p3/cobot_ws/install/parking_robot_interfaces/include/parking_robot_interfaces/parking_robot_interfaces/msg/rosidl_typesupport_fastrtps_cpp__visibility_control.h\n'}
[0.195190] (parking_robot_interfaces) StdoutLine: {'line': b'-- Up-to-date symlink: /home/rokey/p3/cobot_ws/install/parking_robot_interfaces/include/parking_robot_interfaces/parking_robot_interfaces/srv/detail/acquire_zones__rosidl_typesupport_fastrtps_cpp.hpp\n'}
[0.195223] (parking_robot_interfaces) StdoutLine: {'line': b'-- Up-to-date symlink: /home/rokey/p3/cobot_ws/install/parking_robot_interfaces/include/parking_robot_interfaces/parking_robot_interfaces/srv/detail/find_empty_slot__rosidl_typesupport_fastrtps_cpp.hpp\n'}
[0.195255] (parking_robot_interfaces) StdoutLine: {'line': b'-- Up-to-date symlink: /home/rokey/p3/cobot_ws/install/parking_robot_interfaces/include/parking_robot_interfaces/parking_robot_interfaces/srv/detail/get_slot_info__rosidl_typesupport_fastrtps_cpp.hpp\n'}
[0.195287] (parking_robot_interfaces) StdoutLine: {'line': b'-- Up-to-date symlink: /home/rokey/p3/cobot_ws/install/parking_robot_interfaces/include/parking_robot_interfaces/parking_robot_interfaces/srv/detail/get_task_status__rosidl_typesupport_fastrtps_cpp.hpp\n'}
[0.195319] (parking_robot_interfaces) StdoutLine: {'line': b'-- Up-to-date symlink: /home/rokey/p3/cobot_ws/install/parking_robot_interfaces/include/parking_robot_interfaces/parking_robot_interfaces/srv/detail/park_in_slot__rosidl_typesupport_fastrtps_cpp.hpp\n'}
[0.195352] (parking_robot_interfaces) StdoutLine: {'line': b'-- Up-to-date symlink: /home/rokey/p3/cobot_ws/install/parking_robot_interfaces/include/parking_robot_interfaces/parking_robot_interfaces/srv/detail/release_zones__rosidl_typesupport_fastrtps_cpp.hpp\n'}
[0.195384] (parking_robot_interfaces) StdoutLine: {'line': b'-- Up-to-date symlink: /home/rokey/p3/cobot_ws/install/parking_robot_interfaces/include/parking_robot_interfaces/parking_robot_interfaces/srv/detail/request_parking_task__rosidl_typesupport_fastrtps_cpp.hpp\n'}
[0.195596] (parking_robot_interfaces) StdoutLine: {'line': b'-- Up-to-date symlink: /home/rokey/p3/cobot_ws/install/parking_robot_interfaces/include/parking_robot_interfaces/parking_robot_interfaces/action/detail/align_vehicle__rosidl_typesupport_introspection_cpp.hpp\n'}
[0.195631] (parking_robot_interfaces) StdoutLine: {'line': b'-- Up-to-date symlink: /home/rokey/p3/cobot_ws/install/parking_robot_interfaces/include/parking_robot_interfaces/parking_robot_interfaces/action/detail/carry_to_slot__rosidl_typesupport_introspection_cpp.hpp\n'}
[0.195664] (parking_robot_interfaces) StdoutLine: {'line': b'-- Up-to-date symlink: /home/rokey/p3/cobot_ws/install/parking_robot_interfaces/include/parking_robot_interfaces/parking_robot_interfaces/action/detail/control_lift__rosidl_typesupport_introspection_cpp.hpp\n'}
[0.195698] (parking_robot_interfaces) StdoutLine: {'line': b'-- Up-to-date symlink: /home/rokey/p3/cobot_ws/install/parking_robot_interfaces/include/parking_robot_interfaces/parking_robot_interfaces/action/detail/detect_vehicle__rosidl_typesupport_introspection_cpp.hpp\n'}
[0.195731] (parking_robot_interfaces) StdoutLine: {'line': b'-- Up-to-date symlink: /home/rokey/p3/cobot_ws/install/parking_robot_interfaces/include/parking_robot_interfaces/parking_robot_interfaces/action/detail/execute_parking_task__rosidl_typesupport_introspection_cpp.hpp\n'}
[0.195763] (parking_robot_interfaces) StdoutLine: {'line': b'-- Up-to-date symlink: /home/rokey/p3/cobot_ws/install/parking_robot_interfaces/include/parking_robot_interfaces/parking_robot_interfaces/action/detail/ingress_under_truck__rosidl_typesupport_introspection_cpp.hpp\n'}
[0.195796] (parking_robot_interfaces) StdoutLine: {'line': b'-- Up-to-date symlink: /home/rokey/p3/cobot_ws/install/parking_robot_interfaces/include/parking_robot_interfaces/parking_robot_interfaces/msg/detail/formation_assignment__rosidl_typesupport_introspection_cpp.hpp\n'}
[0.195832] (parking_robot_interfaces) StdoutLine: {'line': b'-- Up-to-date symlink: /home/rokey/p3/cobot_ws/install/parking_robot_interfaces/include/parking_robot_interfaces/parking_robot_interfaces/msg/detail/formation_stop__rosidl_typesupport_introspection_cpp.hpp\n'}
[0.195868] (parking_robot_interfaces) StdoutLine: {'line': b'-- Up-to-date symlink: /home/rokey/p3/cobot_ws/install/parking_robot_interfaces/include/parking_robot_interfaces/parking_robot_interfaces/msg/detail/obstacle_alert__rosidl_typesupport_introspection_cpp.hpp\n'}
[0.195902] (parking_robot_interfaces) StdoutLine: {'line': b'-- Up-to-date symlink: /home/rokey/p3/cobot_ws/install/parking_robot_interfaces/include/parking_robot_interfaces/parking_robot_interfaces/msg/detail/task_state__rosidl_typesupport_introspection_cpp.hpp\n'}
[0.195935] (parking_robot_interfaces) StdoutLine: {'line': b'-- Up-to-date symlink: /home/rokey/p3/cobot_ws/install/parking_robot_interfaces/include/parking_robot_interfaces/parking_robot_interfaces/msg/detail/vehicle_info__rosidl_typesupport_introspection_cpp.hpp\n'}
[0.195967] (parking_robot_interfaces) StdoutLine: {'line': b'-- Up-to-date symlink: /home/rokey/p3/cobot_ws/install/parking_robot_interfaces/include/parking_robot_interfaces/parking_robot_interfaces/srv/detail/acquire_zones__rosidl_typesupport_introspection_cpp.hpp\n'}
[0.195999] (parking_robot_interfaces) StdoutLine: {'line': b'-- Up-to-date symlink: /home/rokey/p3/cobot_ws/install/parking_robot_interfaces/include/parking_robot_interfaces/parking_robot_interfaces/srv/detail/find_empty_slot__rosidl_typesupport_introspection_cpp.hpp\n'}
[0.196033] (parking_robot_interfaces) StdoutLine: {'line': b'-- Up-to-date symlink: /home/rokey/p3/cobot_ws/install/parking_robot_interfaces/include/parking_robot_interfaces/parking_robot_interfaces/srv/detail/get_slot_info__rosidl_typesupport_introspection_cpp.hpp\n'}
[0.196065] (parking_robot_interfaces) StdoutLine: {'line': b'-- Up-to-date symlink: /home/rokey/p3/cobot_ws/install/parking_robot_interfaces/include/parking_robot_interfaces/parking_robot_interfaces/srv/detail/get_task_status__rosidl_typesupport_introspection_cpp.hpp\n'}
[0.196099] (parking_robot_interfaces) StdoutLine: {'line': b'-- Up-to-date symlink: /home/rokey/p3/cobot_ws/install/parking_robot_interfaces/include/parking_robot_interfaces/parking_robot_interfaces/srv/detail/park_in_slot__rosidl_typesupport_introspection_cpp.hpp\n'}
[0.196132] (parking_robot_interfaces) StdoutLine: {'line': b'-- Up-to-date symlink: /home/rokey/p3/cobot_ws/install/parking_robot_interfaces/include/parking_robot_interfaces/parking_robot_interfaces/srv/detail/release_zones__rosidl_typesupport_introspection_cpp.hpp\n'}
[0.196166] (parking_robot_interfaces) StdoutLine: {'line': b'-- Up-to-date symlink: /home/rokey/p3/cobot_ws/install/parking_robot_interfaces/include/parking_robot_interfaces/parking_robot_interfaces/srv/detail/request_parking_task__rosidl_typesupport_introspection_cpp.hpp\n'}
[0.196224] (parking_robot_interfaces) StdoutLine: {'line': b'-- Up-to-date symlink: /home/rokey/p3/cobot_ws/install/parking_robot_interfaces/share/parking_robot_interfaces/environment/pythonpath.sh\n'}
[0.196276] (parking_robot_interfaces) StdoutLine: {'line': b'-- Up-to-date symlink: /home/rokey/p3/cobot_ws/install/parking_robot_interfaces/share/parking_robot_interfaces/environment/pythonpath.dsv\n'}
[0.196386] (parking_robot_interfaces) StdoutLine: {'line': b'-- Up-to-date symlink: /home/rokey/p3/cobot_ws/install/parking_robot_interfaces/local/lib/python3.10/dist-packages/parking_robot_interfaces-0.0.1-py3.10.egg-info/PKG-INFO\n'}
[0.196421] (parking_robot_interfaces) StdoutLine: {'line': b'-- Up-to-date symlink: /home/rokey/p3/cobot_ws/install/parking_robot_interfaces/local/lib/python3.10/dist-packages/parking_robot_interfaces-0.0.1-py3.10.egg-info/SOURCES.txt\n'}
[0.196456] (parking_robot_interfaces) StdoutLine: {'line': b'-- Up-to-date symlink: /home/rokey/p3/cobot_ws/install/parking_robot_interfaces/local/lib/python3.10/dist-packages/parking_robot_interfaces-0.0.1-py3.10.egg-info/dependency_links.txt\n'}
[0.196489] (parking_robot_interfaces) StdoutLine: {'line': b'-- Up-to-date symlink: /home/rokey/p3/cobot_ws/install/parking_robot_interfaces/local/lib/python3.10/dist-packages/parking_robot_interfaces-0.0.1-py3.10.egg-info/top_level.txt\n'}
[0.197070] (parking_robot_interfaces) StdoutLine: {'line': b'-- Up-to-date symlink: /home/rokey/p3/cobot_ws/install/parking_robot_interfaces/local/lib/python3.10/dist-packages/parking_robot_interfaces/__init__.py\n'}
[0.197119] (parking_robot_interfaces) StdoutLine: {'line': b'-- Up-to-date symlink: /home/rokey/p3/cobot_ws/install/parking_robot_interfaces/local/lib/python3.10/dist-packages/parking_robot_interfaces/_parking_robot_interfaces_s.ep.rosidl_typesupport_c.c\n'}
[0.197162] (parking_robot_interfaces) StdoutLine: {'line': b'-- Up-to-date symlink: /home/rokey/p3/cobot_ws/install/parking_robot_interfaces/local/lib/python3.10/dist-packages/parking_robot_interfaces/_parking_robot_interfaces_s.ep.rosidl_typesupport_fastrtps_c.c\n'}
[0.197207] (parking_robot_interfaces) StdoutLine: {'line': b'-- Up-to-date symlink: /home/rokey/p3/cobot_ws/install/parking_robot_interfaces/local/lib/python3.10/dist-packages/parking_robot_interfaces/_parking_robot_interfaces_s.ep.rosidl_typesupport_introspection_c.c\n'}
[0.197240] (parking_robot_interfaces) StdoutLine: {'line': b'-- Up-to-date symlink: /home/rokey/p3/cobot_ws/install/parking_robot_interfaces/local/lib/python3.10/dist-packages/parking_robot_interfaces/action/__init__.py\n'}
[0.197269] (parking_robot_interfaces) StdoutLine: {'line': b'-- Up-to-date symlink: /home/rokey/p3/cobot_ws/install/parking_robot_interfaces/local/lib/python3.10/dist-packages/parking_robot_interfaces/action/_align_vehicle.py\n'}
[0.197299] (parking_robot_interfaces) StdoutLine: {'line': b'-- Up-to-date symlink: /home/rokey/p3/cobot_ws/install/parking_robot_interfaces/local/lib/python3.10/dist-packages/parking_robot_interfaces/action/_align_vehicle_s.c\n'}
[0.197328] (parking_robot_interfaces) StdoutLine: {'line': b'-- Up-to-date symlink: /home/rokey/p3/cobot_ws/install/parking_robot_interfaces/local/lib/python3.10/dist-packages/parking_robot_interfaces/action/_carry_to_slot.py\n'}
[0.197356] (parking_robot_interfaces) StdoutLine: {'line': b'-- Up-to-date symlink: /home/rokey/p3/cobot_ws/install/parking_robot_interfaces/local/lib/python3.10/dist-packages/parking_robot_interfaces/action/_carry_to_slot_s.c\n'}
[0.197383] (parking_robot_interfaces) StdoutLine: {'line': b'-- Up-to-date symlink: /home/rokey/p3/cobot_ws/install/parking_robot_interfaces/local/lib/python3.10/dist-packages/parking_robot_interfaces/action/_control_lift.py\n'}
[0.197411] (parking_robot_interfaces) StdoutLine: {'line': b'-- Up-to-date symlink: /home/rokey/p3/cobot_ws/install/parking_robot_interfaces/local/lib/python3.10/dist-packages/parking_robot_interfaces/action/_control_lift_s.c\n'}
[0.197440] (parking_robot_interfaces) StdoutLine: {'line': b'-- Up-to-date symlink: /home/rokey/p3/cobot_ws/install/parking_robot_interfaces/local/lib/python3.10/dist-packages/parking_robot_interfaces/action/_detect_vehicle.py\n'}
[0.197472] (parking_robot_interfaces) StdoutLine: {'line': b'-- Up-to-date symlink: /home/rokey/p3/cobot_ws/install/parking_robot_interfaces/local/lib/python3.10/dist-packages/parking_robot_interfaces/action/_detect_vehicle_s.c\n'}
[0.197505] (parking_robot_interfaces) StdoutLine: {'line': b'-- Up-to-date symlink: /home/rokey/p3/cobot_ws/install/parking_robot_interfaces/local/lib/python3.10/dist-packages/parking_robot_interfaces/action/_execute_parking_task.py\n'}
[0.197538] (parking_robot_interfaces) StdoutLine: {'line': b'-- Up-to-date symlink: /home/rokey/p3/cobot_ws/install/parking_robot_interfaces/local/lib/python3.10/dist-packages/parking_robot_interfaces/action/_execute_parking_task_s.c\n'}
[0.197570] (parking_robot_interfaces) StdoutLine: {'line': b'-- Up-to-date symlink: /home/rokey/p3/cobot_ws/install/parking_robot_interfaces/local/lib/python3.10/dist-packages/parking_robot_interfaces/action/_ingress_under_truck.py\n'}
[0.197602] (parking_robot_interfaces) StdoutLine: {'line': b'-- Up-to-date symlink: /home/rokey/p3/cobot_ws/install/parking_robot_interfaces/local/lib/python3.10/dist-packages/parking_robot_interfaces/action/_ingress_under_truck_s.c\n'}
[0.197635] (parking_robot_interfaces) StdoutLine: {'line': b'-- Up-to-date symlink: /home/rokey/p3/cobot_ws/install/parking_robot_interfaces/local/lib/python3.10/dist-packages/parking_robot_interfaces/libparking_robot_interfaces__rosidl_generator_py.so\n'}
[0.197669] (parking_robot_interfaces) StdoutLine: {'line': b'-- Up-to-date symlink: /home/rokey/p3/cobot_ws/install/parking_robot_interfaces/local/lib/python3.10/dist-packages/parking_robot_interfaces/msg/__init__.py\n'}
[0.197703] (parking_robot_interfaces) StdoutLine: {'line': b'-- Up-to-date symlink: /home/rokey/p3/cobot_ws/install/parking_robot_interfaces/local/lib/python3.10/dist-packages/parking_robot_interfaces/msg/_formation_assignment.py\n'}
[0.197737] (parking_robot_interfaces) StdoutLine: {'line': b'-- Up-to-date symlink: /home/rokey/p3/cobot_ws/install/parking_robot_interfaces/local/lib/python3.10/dist-packages/parking_robot_interfaces/msg/_formation_assignment_s.c\n'}
[0.197769] (parking_robot_interfaces) StdoutLine: {'line': b'-- Up-to-date symlink: /home/rokey/p3/cobot_ws/install/parking_robot_interfaces/local/lib/python3.10/dist-packages/parking_robot_interfaces/msg/_formation_stop.py\n'}
[0.197801] (parking_robot_interfaces) StdoutLine: {'line': b'-- Up-to-date symlink: /home/rokey/p3/cobot_ws/install/parking_robot_interfaces/local/lib/python3.10/dist-packages/parking_robot_interfaces/msg/_formation_stop_s.c\n'}
[0.197833] (parking_robot_interfaces) StdoutLine: {'line': b'-- Up-to-date symlink: /home/rokey/p3/cobot_ws/install/parking_robot_interfaces/local/lib/python3.10/dist-packages/parking_robot_interfaces/msg/_obstacle_alert.py\n'}
[0.197868] (parking_robot_interfaces) StdoutLine: {'line': b'-- Up-to-date symlink: /home/rokey/p3/cobot_ws/install/parking_robot_interfaces/local/lib/python3.10/dist-packages/parking_robot_interfaces/msg/_obstacle_alert_s.c\n'}
[0.197902] (parking_robot_interfaces) StdoutLine: {'line': b'-- Up-to-date symlink: /home/rokey/p3/cobot_ws/install/parking_robot_interfaces/local/lib/python3.10/dist-packages/parking_robot_interfaces/msg/_task_state.py\n'}
[0.197933] (parking_robot_interfaces) StdoutLine: {'line': b'-- Up-to-date symlink: /home/rokey/p3/cobot_ws/install/parking_robot_interfaces/local/lib/python3.10/dist-packages/parking_robot_interfaces/msg/_task_state_s.c\n'}
[0.197966] (parking_robot_interfaces) StdoutLine: {'line': b'-- Up-to-date symlink: /home/rokey/p3/cobot_ws/install/parking_robot_interfaces/local/lib/python3.10/dist-packages/parking_robot_interfaces/msg/_vehicle_info.py\n'}
[0.197997] (parking_robot_interfaces) StdoutLine: {'line': b'-- Up-to-date symlink: /home/rokey/p3/cobot_ws/install/parking_robot_interfaces/local/lib/python3.10/dist-packages/parking_robot_interfaces/msg/_vehicle_info_s.c\n'}
[0.198031] (parking_robot_interfaces) StdoutLine: {'line': b'-- Up-to-date symlink: /home/rokey/p3/cobot_ws/install/parking_robot_interfaces/local/lib/python3.10/dist-packages/parking_robot_interfaces/parking_robot_interfaces_s__rosidl_typesupport_c.cpython-310-x86_64-linux-gnu.so\n'}
[0.198064] (parking_robot_interfaces) StdoutLine: {'line': b'-- Up-to-date symlink: /home/rokey/p3/cobot_ws/install/parking_robot_interfaces/local/lib/python3.10/dist-packages/parking_robot_interfaces/parking_robot_interfaces_s__rosidl_typesupport_fastrtps_c.cpython-310-x86_64-linux-gnu.so\n'}
[0.198097] (parking_robot_interfaces) StdoutLine: {'line': b'-- Up-to-date symlink: /home/rokey/p3/cobot_ws/install/parking_robot_interfaces/local/lib/python3.10/dist-packages/parking_robot_interfaces/parking_robot_interfaces_s__rosidl_typesupport_introspection_c.cpython-310-x86_64-linux-gnu.so\n'}
[0.198129] (parking_robot_interfaces) StdoutLine: {'line': b'-- Up-to-date symlink: /home/rokey/p3/cobot_ws/install/parking_robot_interfaces/local/lib/python3.10/dist-packages/parking_robot_interfaces/srv/__init__.py\n'}
[0.198163] (parking_robot_interfaces) StdoutLine: {'line': b'-- Up-to-date symlink: /home/rokey/p3/cobot_ws/install/parking_robot_interfaces/local/lib/python3.10/dist-packages/parking_robot_interfaces/srv/_acquire_zones.py\n'}
[0.198195] (parking_robot_interfaces) StdoutLine: {'line': b'-- Up-to-date symlink: /home/rokey/p3/cobot_ws/install/parking_robot_interfaces/local/lib/python3.10/dist-packages/parking_robot_interfaces/srv/_acquire_zones_s.c\n'}
[0.198231] (parking_robot_interfaces) StdoutLine: {'line': b'-- Up-to-date symlink: /home/rokey/p3/cobot_ws/install/parking_robot_interfaces/local/lib/python3.10/dist-packages/parking_robot_interfaces/srv/_find_empty_slot.py\n'}
[0.198263] (parking_robot_interfaces) StdoutLine: {'line': b'-- Up-to-date symlink: /home/rokey/p3/cobot_ws/install/parking_robot_interfaces/local/lib/python3.10/dist-packages/parking_robot_interfaces/srv/_find_empty_slot_s.c\n'}
[0.198298] (parking_robot_interfaces) StdoutLine: {'line': b'-- Up-to-date symlink: /home/rokey/p3/cobot_ws/install/parking_robot_interfaces/local/lib/python3.10/dist-packages/parking_robot_interfaces/srv/_get_slot_info.py\n'}
[0.198330] (parking_robot_interfaces) StdoutLine: {'line': b'-- Up-to-date symlink: /home/rokey/p3/cobot_ws/install/parking_robot_interfaces/local/lib/python3.10/dist-packages/parking_robot_interfaces/srv/_get_slot_info_s.c\n'}
[0.198362] (parking_robot_interfaces) StdoutLine: {'line': b'-- Up-to-date symlink: /home/rokey/p3/cobot_ws/install/parking_robot_interfaces/local/lib/python3.10/dist-packages/parking_robot_interfaces/srv/_get_task_status.py\n'}
[0.198394] (parking_robot_interfaces) StdoutLine: {'line': b'-- Up-to-date symlink: /home/rokey/p3/cobot_ws/install/parking_robot_interfaces/local/lib/python3.10/dist-packages/parking_robot_interfaces/srv/_get_task_status_s.c\n'}
[0.198515] (parking_robot_interfaces) StdoutLine: {'line': b'-- Up-to-date symlink: /home/rokey/p3/cobot_ws/install/parking_robot_interfaces/local/lib/python3.10/dist-packages/parking_robot_interfaces/srv/_park_in_slot.py\n'}
[0.198567] (parking_robot_interfaces) StdoutLine: {'line': b'-- Up-to-date symlink: /home/rokey/p3/cobot_ws/install/parking_robot_interfaces/local/lib/python3.10/dist-packages/parking_robot_interfaces/srv/_park_in_slot_s.c\n'}
[0.198600] (parking_robot_interfaces) StdoutLine: {'line': b'-- Up-to-date symlink: /home/rokey/p3/cobot_ws/install/parking_robot_interfaces/local/lib/python3.10/dist-packages/parking_robot_interfaces/srv/_release_zones.py\n'}
[0.198715] (parking_robot_interfaces) StdoutLine: {'line': b'-- Up-to-date symlink: /home/rokey/p3/cobot_ws/install/parking_robot_interfaces/local/lib/python3.10/dist-packages/parking_robot_interfaces/srv/_release_zones_s.c\n'}
[0.198795] (parking_robot_interfaces) StdoutLine: {'line': b'-- Up-to-date symlink: /home/rokey/p3/cobot_ws/install/parking_robot_interfaces/local/lib/python3.10/dist-packages/parking_robot_interfaces/srv/_request_parking_task.py\n'}
[0.198900] (parking_robot_interfaces) StdoutLine: {'line': b'-- Up-to-date symlink: /home/rokey/p3/cobot_ws/install/parking_robot_interfaces/local/lib/python3.10/dist-packages/parking_robot_interfaces/srv/_request_parking_task_s.c\n'}
[0.199190] (parking_robot_interfaces) StdoutLine: {'line': b'-- Up-to-date symlink: /home/rokey/p3/cobot_ws/install/parking_robot_interfaces/local/lib/python3.10/dist-packages/parking_robot_interfaces/parking_robot_interfaces_s__rosidl_typesupport_fastrtps_c.cpython-310-x86_64-linux-gnu.so\n'}
[0.199288] (parking_robot_interfaces) StdoutLine: {'line': b'-- Up-to-date symlink: /home/rokey/p3/cobot_ws/install/parking_robot_interfaces/local/lib/python3.10/dist-packages/parking_robot_interfaces/parking_robot_interfaces_s__rosidl_typesupport_introspection_c.cpython-310-x86_64-linux-gnu.so\n'}
[0.199379] (parking_robot_interfaces) StdoutLine: {'line': b'-- Up-to-date symlink: /home/rokey/p3/cobot_ws/install/parking_robot_interfaces/local/lib/python3.10/dist-packages/parking_robot_interfaces/parking_robot_interfaces_s__rosidl_typesupport_c.cpython-310-x86_64-linux-gnu.so\n'}
[0.199439] (parking_robot_interfaces) StdoutLine: {'line': b'-- Up-to-date symlink: /home/rokey/p3/cobot_ws/install/parking_robot_interfaces/share/ament_index/resource_index/rust_packages/parking_robot_interfaces\n'}
[0.199962] (parking_robot_interfaces) StdoutLine: {'line': b'-- Up-to-date symlink: /home/rokey/p3/cobot_ws/install/parking_robot_interfaces/share/parking_robot_interfaces/rust/Cargo.toml\n'}
[0.199984] (-) TimerEvent: {}
[0.200062] (parking_robot_interfaces) StdoutLine: {'line': b'-- Up-to-date symlink: /home/rokey/p3/cobot_ws/install/parking_robot_interfaces/share/parking_robot_interfaces/rust/build.rs\n'}
[0.200137] (parking_robot_interfaces) StdoutLine: {'line': b'-- Up-to-date symlink: /home/rokey/p3/cobot_ws/install/parking_robot_interfaces/share/parking_robot_interfaces/rust/src/action.rs\n'}
[0.200200] (parking_robot_interfaces) StdoutLine: {'line': b'-- Up-to-date symlink: /home/rokey/p3/cobot_ws/install/parking_robot_interfaces/share/parking_robot_interfaces/rust/src/action/rmw.rs\n'}
[0.200243] (parking_robot_interfaces) StdoutLine: {'line': b'-- Up-to-date symlink: /home/rokey/p3/cobot_ws/install/parking_robot_interfaces/share/parking_robot_interfaces/rust/src/lib.rs\n'}
[0.200268] (parking_robot_interfaces) StdoutLine: {'line': b'-- Up-to-date symlink: /home/rokey/p3/cobot_ws/install/parking_robot_interfaces/share/parking_robot_interfaces/rust/src/msg.rs\n'}
[0.200290] (parking_robot_interfaces) StdoutLine: {'line': b'-- Up-to-date symlink: /home/rokey/p3/cobot_ws/install/parking_robot_interfaces/share/parking_robot_interfaces/rust/src/msg/rmw.rs\n'}
[0.200320] (parking_robot_interfaces) StdoutLine: {'line': b'-- Up-to-date symlink: /home/rokey/p3/cobot_ws/install/parking_robot_interfaces/share/parking_robot_interfaces/rust/src/srv.rs\n'}
[0.200339] (parking_robot_interfaces) StdoutLine: {'line': b'-- Up-to-date symlink: /home/rokey/p3/cobot_ws/install/parking_robot_interfaces/share/parking_robot_interfaces/rust/src/srv/rmw.rs\n'}
[0.200373] (parking_robot_interfaces) StdoutLine: {'line': b'-- Up-to-date symlink: /home/rokey/p3/cobot_ws/install/parking_robot_interfaces/share/parking_robot_interfaces/msg/VehicleInfo.idl\n'}
[0.200410] (parking_robot_interfaces) StdoutLine: {'line': b'-- Up-to-date symlink: /home/rokey/p3/cobot_ws/install/parking_robot_interfaces/share/parking_robot_interfaces/msg/TaskState.idl\n'}
[0.200458] (parking_robot_interfaces) StdoutLine: {'line': b'-- Up-to-date symlink: /home/rokey/p3/cobot_ws/install/parking_robot_interfaces/share/parking_robot_interfaces/msg/ObstacleAlert.idl\n'}
[0.200503] (parking_robot_interfaces) StdoutLine: {'line': b'-- Up-to-date symlink: /home/rokey/p3/cobot_ws/install/parking_robot_interfaces/share/parking_robot_interfaces/msg/FormationStop.idl\n'}
[0.200550] (parking_robot_interfaces) StdoutLine: {'line': b'-- Up-to-date symlink: /home/rokey/p3/cobot_ws/install/parking_robot_interfaces/share/parking_robot_interfaces/msg/FormationAssignment.idl\n'}
[0.200596] (parking_robot_interfaces) StdoutLine: {'line': b'-- Up-to-date symlink: /home/rokey/p3/cobot_ws/install/parking_robot_interfaces/share/parking_robot_interfaces/srv/FindEmptySlot.idl\n'}
[0.200642] (parking_robot_interfaces) StdoutLine: {'line': b'-- Up-to-date symlink: /home/rokey/p3/cobot_ws/install/parking_robot_interfaces/share/parking_robot_interfaces/srv/ParkInSlot.idl\n'}
[0.200689] (parking_robot_interfaces) StdoutLine: {'line': b'-- Up-to-date symlink: /home/rokey/p3/cobot_ws/install/parking_robot_interfaces/share/parking_robot_interfaces/srv/GetSlotInfo.idl\n'}
[0.200734] (parking_robot_interfaces) StdoutLine: {'line': b'-- Up-to-date symlink: /home/rokey/p3/cobot_ws/install/parking_robot_interfaces/share/parking_robot_interfaces/srv/RequestParkingTask.idl\n'}
[0.200780] (parking_robot_interfaces) StdoutLine: {'line': b'-- Up-to-date symlink: /home/rokey/p3/cobot_ws/install/parking_robot_interfaces/share/parking_robot_interfaces/srv/GetTaskStatus.idl\n'}
[0.200825] (parking_robot_interfaces) StdoutLine: {'line': b'-- Up-to-date symlink: /home/rokey/p3/cobot_ws/install/parking_robot_interfaces/share/parking_robot_interfaces/srv/AcquireZones.idl\n'}
[0.200873] (parking_robot_interfaces) StdoutLine: {'line': b'-- Up-to-date symlink: /home/rokey/p3/cobot_ws/install/parking_robot_interfaces/share/parking_robot_interfaces/srv/ReleaseZones.idl\n'}
[0.200918] (parking_robot_interfaces) StdoutLine: {'line': b'-- Up-to-date symlink: /home/rokey/p3/cobot_ws/install/parking_robot_interfaces/share/parking_robot_interfaces/action/ExecuteParkingTask.idl\n'}
[0.200964] (parking_robot_interfaces) StdoutLine: {'line': b'-- Up-to-date symlink: /home/rokey/p3/cobot_ws/install/parking_robot_interfaces/share/parking_robot_interfaces/action/DetectVehicle.idl\n'}
[0.201009] (parking_robot_interfaces) StdoutLine: {'line': b'-- Up-to-date symlink: /home/rokey/p3/cobot_ws/install/parking_robot_interfaces/share/parking_robot_interfaces/action/AlignVehicle.idl\n'}
[0.201054] (parking_robot_interfaces) StdoutLine: {'line': b'-- Up-to-date symlink: /home/rokey/p3/cobot_ws/install/parking_robot_interfaces/share/parking_robot_interfaces/action/ControlLift.idl\n'}
[0.201100] (parking_robot_interfaces) StdoutLine: {'line': b'-- Up-to-date symlink: /home/rokey/p3/cobot_ws/install/parking_robot_interfaces/share/parking_robot_interfaces/action/IngressUnderTruck.idl\n'}
[0.201145] (parking_robot_interfaces) StdoutLine: {'line': b'-- Up-to-date symlink: /home/rokey/p3/cobot_ws/install/parking_robot_interfaces/share/parking_robot_interfaces/action/CarryToSlot.idl\n'}
[0.201189] (parking_robot_interfaces) StdoutLine: {'line': b'-- Up-to-date symlink: /home/rokey/p3/cobot_ws/install/parking_robot_interfaces/share/parking_robot_interfaces/msg/VehicleInfo.msg\n'}
[0.201232] (parking_robot_interfaces) StdoutLine: {'line': b'-- Up-to-date symlink: /home/rokey/p3/cobot_ws/install/parking_robot_interfaces/share/parking_robot_interfaces/msg/TaskState.msg\n'}
[0.201277] (parking_robot_interfaces) StdoutLine: {'line': b'-- Up-to-date symlink: /home/rokey/p3/cobot_ws/install/parking_robot_interfaces/share/parking_robot_interfaces/msg/ObstacleAlert.msg\n'}
[0.201320] (parking_robot_interfaces) StdoutLine: {'line': b'-- Up-to-date symlink: /home/rokey/p3/cobot_ws/install/parking_robot_interfaces/share/parking_robot_interfaces/msg/FormationStop.msg\n'}
[0.201362] (parking_robot_interfaces) StdoutLine: {'line': b'-- Up-to-date symlink: /home/rokey/p3/cobot_ws/install/parking_robot_interfaces/share/parking_robot_interfaces/msg/FormationAssignment.msg\n'}
[0.201407] (parking_robot_interfaces) StdoutLine: {'line': b'-- Up-to-date symlink: /home/rokey/p3/cobot_ws/install/parking_robot_interfaces/share/parking_robot_interfaces/srv/FindEmptySlot.srv\n'}
[0.201452] (parking_robot_interfaces) StdoutLine: {'line': b'-- Up-to-date symlink: /home/rokey/p3/cobot_ws/install/parking_robot_interfaces/share/parking_robot_interfaces/srv/FindEmptySlot_Request.msg\n'}
[0.201497] (parking_robot_interfaces) StdoutLine: {'line': b'-- Up-to-date symlink: /home/rokey/p3/cobot_ws/install/parking_robot_interfaces/share/parking_robot_interfaces/srv/FindEmptySlot_Response.msg\n'}
[0.201540] (parking_robot_interfaces) StdoutLine: {'line': b'-- Up-to-date symlink: /home/rokey/p3/cobot_ws/install/parking_robot_interfaces/share/parking_robot_interfaces/srv/ParkInSlot.srv\n'}
[0.201585] (parking_robot_interfaces) StdoutLine: {'line': b'-- Up-to-date symlink: /home/rokey/p3/cobot_ws/install/parking_robot_interfaces/share/parking_robot_interfaces/srv/ParkInSlot_Request.msg\n'}
[0.201630] (parking_robot_interfaces) StdoutLine: {'line': b'-- Up-to-date symlink: /home/rokey/p3/cobot_ws/install/parking_robot_interfaces/share/parking_robot_interfaces/srv/ParkInSlot_Response.msg\n'}
[0.201673] (parking_robot_interfaces) StdoutLine: {'line': b'-- Up-to-date symlink: /home/rokey/p3/cobot_ws/install/parking_robot_interfaces/share/parking_robot_interfaces/srv/GetSlotInfo.srv\n'}
[0.201718] (parking_robot_interfaces) StdoutLine: {'line': b'-- Up-to-date symlink: /home/rokey/p3/cobot_ws/install/parking_robot_interfaces/share/parking_robot_interfaces/srv/GetSlotInfo_Request.msg\n'}
[0.201762] (parking_robot_interfaces) StdoutLine: {'line': b'-- Up-to-date symlink: /home/rokey/p3/cobot_ws/install/parking_robot_interfaces/share/parking_robot_interfaces/srv/GetSlotInfo_Response.msg\n'}
[0.201805] (parking_robot_interfaces) StdoutLine: {'line': b'-- Up-to-date symlink: /home/rokey/p3/cobot_ws/install/parking_robot_interfaces/share/parking_robot_interfaces/srv/RequestParkingTask.srv\n'}
[0.201849] (parking_robot_interfaces) StdoutLine: {'line': b'-- Up-to-date symlink: /home/rokey/p3/cobot_ws/install/parking_robot_interfaces/share/parking_robot_interfaces/srv/RequestParkingTask_Request.msg\n'}
[0.201893] (parking_robot_interfaces) StdoutLine: {'line': b'-- Up-to-date symlink: /home/rokey/p3/cobot_ws/install/parking_robot_interfaces/share/parking_robot_interfaces/srv/RequestParkingTask_Response.msg\n'}
[0.201936] (parking_robot_interfaces) StdoutLine: {'line': b'-- Up-to-date symlink: /home/rokey/p3/cobot_ws/install/parking_robot_interfaces/share/parking_robot_interfaces/srv/GetTaskStatus.srv\n'}
[0.202009] (parking_robot_interfaces) StdoutLine: {'line': b'-- Up-to-date symlink: /home/rokey/p3/cobot_ws/install/parking_robot_interfaces/share/parking_robot_interfaces/srv/GetTaskStatus_Request.msg\n'}
[0.202035] (parking_robot_interfaces) StdoutLine: {'line': b'-- Up-to-date symlink: /home/rokey/p3/cobot_ws/install/parking_robot_interfaces/share/parking_robot_interfaces/srv/GetTaskStatus_Response.msg\n'}
[0.202067] (parking_robot_interfaces) StdoutLine: {'line': b'-- Up-to-date symlink: /home/rokey/p3/cobot_ws/install/parking_robot_interfaces/share/parking_robot_interfaces/srv/AcquireZones.srv\n'}
[0.202111] (parking_robot_interfaces) StdoutLine: {'line': b'-- Up-to-date symlink: /home/rokey/p3/cobot_ws/install/parking_robot_interfaces/share/parking_robot_interfaces/srv/AcquireZones_Request.msg\n'}
[0.202153] (parking_robot_interfaces) StdoutLine: {'line': b'-- Up-to-date symlink: /home/rokey/p3/cobot_ws/install/parking_robot_interfaces/share/parking_robot_interfaces/srv/AcquireZones_Response.msg\n'}
[0.202194] (parking_robot_interfaces) StdoutLine: {'line': b'-- Up-to-date symlink: /home/rokey/p3/cobot_ws/install/parking_robot_interfaces/share/parking_robot_interfaces/srv/ReleaseZones.srv\n'}
[0.202238] (parking_robot_interfaces) StdoutLine: {'line': b'-- Up-to-date symlink: /home/rokey/p3/cobot_ws/install/parking_robot_interfaces/share/parking_robot_interfaces/srv/ReleaseZones_Request.msg\n'}
[0.202284] (parking_robot_interfaces) StdoutLine: {'line': b'-- Up-to-date symlink: /home/rokey/p3/cobot_ws/install/parking_robot_interfaces/share/parking_robot_interfaces/srv/ReleaseZones_Response.msg\n'}
[0.202327] (parking_robot_interfaces) StdoutLine: {'line': b'-- Up-to-date symlink: /home/rokey/p3/cobot_ws/install/parking_robot_interfaces/share/parking_robot_interfaces/action/ExecuteParkingTask.action\n'}
[0.202370] (parking_robot_interfaces) StdoutLine: {'line': b'-- Up-to-date symlink: /home/rokey/p3/cobot_ws/install/parking_robot_interfaces/share/parking_robot_interfaces/action/DetectVehicle.action\n'}
[0.202412] (parking_robot_interfaces) StdoutLine: {'line': b'-- Up-to-date symlink: /home/rokey/p3/cobot_ws/install/parking_robot_interfaces/share/parking_robot_interfaces/action/AlignVehicle.action\n'}
[0.202455] (parking_robot_interfaces) StdoutLine: {'line': b'-- Up-to-date symlink: /home/rokey/p3/cobot_ws/install/parking_robot_interfaces/share/parking_robot_interfaces/action/ControlLift.action\n'}
[0.202499] (parking_robot_interfaces) StdoutLine: {'line': b'-- Up-to-date symlink: /home/rokey/p3/cobot_ws/install/parking_robot_interfaces/share/parking_robot_interfaces/action/IngressUnderTruck.action\n'}
[0.202540] (parking_robot_interfaces) StdoutLine: {'line': b'-- Up-to-date symlink: /home/rokey/p3/cobot_ws/install/parking_robot_interfaces/share/parking_robot_interfaces/action/CarryToSlot.action\n'}
[0.202591] (parking_robot_interfaces) StdoutLine: {'line': b'-- Up-to-date symlink: /home/rokey/p3/cobot_ws/install/parking_robot_interfaces/share/ament_index/resource_index/package_run_dependencies/parking_robot_interfaces\n'}
[0.202643] (parking_robot_interfaces) StdoutLine: {'line': b'-- Up-to-date symlink: /home/rokey/p3/cobot_ws/install/parking_robot_interfaces/share/ament_index/resource_index/parent_prefix_path/parking_robot_interfaces\n'}
[0.202692] (parking_robot_interfaces) StdoutLine: {'line': b'-- Up-to-date symlink: /home/rokey/p3/cobot_ws/install/parking_robot_interfaces/share/parking_robot_interfaces/environment/ament_prefix_path.sh\n'}
[0.202738] (parking_robot_interfaces) StdoutLine: {'line': b'-- Up-to-date symlink: /home/rokey/p3/cobot_ws/install/parking_robot_interfaces/share/parking_robot_interfaces/environment/ament_prefix_path.dsv\n'}
[0.202785] (parking_robot_interfaces) StdoutLine: {'line': b'-- Up-to-date symlink: /home/rokey/p3/cobot_ws/install/parking_robot_interfaces/share/parking_robot_interfaces/environment/path.sh\n'}
[0.202828] (parking_robot_interfaces) StdoutLine: {'line': b'-- Up-to-date symlink: /home/rokey/p3/cobot_ws/install/parking_robot_interfaces/share/parking_robot_interfaces/environment/path.dsv\n'}
[0.202872] (parking_robot_interfaces) StdoutLine: {'line': b'-- Up-to-date symlink: /home/rokey/p3/cobot_ws/install/parking_robot_interfaces/share/parking_robot_interfaces/local_setup.bash\n'}
[0.202915] (parking_robot_interfaces) StdoutLine: {'line': b'-- Up-to-date symlink: /home/rokey/p3/cobot_ws/install/parking_robot_interfaces/share/parking_robot_interfaces/local_setup.sh\n'}
[0.202958] (parking_robot_interfaces) StdoutLine: {'line': b'-- Up-to-date symlink: /home/rokey/p3/cobot_ws/install/parking_robot_interfaces/share/parking_robot_interfaces/local_setup.zsh\n'}
[0.202999] (parking_robot_interfaces) StdoutLine: {'line': b'-- Up-to-date symlink: /home/rokey/p3/cobot_ws/install/parking_robot_interfaces/share/parking_robot_interfaces/local_setup.dsv\n'}
[0.203031] (parking_robot_interfaces) StdoutLine: {'line': b'-- Symlinking: /home/rokey/p3/cobot_ws/install/parking_robot_interfaces/share/parking_robot_interfaces/package.dsv\n'}
[0.208842] (parking_robot_interfaces) StdoutLine: {'line': b'-- Up-to-date symlink: /home/rokey/p3/cobot_ws/install/parking_robot_interfaces/share/ament_index/resource_index/packages/parking_robot_interfaces\n'}
[0.208909] (parking_robot_interfaces) StdoutLine: {'line': b'-- Up-to-date symlink: /home/rokey/p3/cobot_ws/install/parking_robot_interfaces/share/parking_robot_interfaces/cmake/rosidl_cmake-extras.cmake\n'}
[0.208960] (parking_robot_interfaces) StdoutLine: {'line': b'-- Up-to-date symlink: /home/rokey/p3/cobot_ws/install/parking_robot_interfaces/share/parking_robot_interfaces/cmake/ament_cmake_export_dependencies-extras.cmake\n'}
[0.209004] (parking_robot_interfaces) StdoutLine: {'line': b'-- Up-to-date symlink: /home/rokey/p3/cobot_ws/install/parking_robot_interfaces/share/parking_robot_interfaces/cmake/ament_cmake_export_include_directories-extras.cmake\n'}
[0.209048] (parking_robot_interfaces) StdoutLine: {'line': b'-- Up-to-date symlink: /home/rokey/p3/cobot_ws/install/parking_robot_interfaces/share/parking_robot_interfaces/cmake/ament_cmake_export_libraries-extras.cmake\n'}
[0.209101] (parking_robot_interfaces) StdoutLine: {'line': b'-- Up-to-date symlink: /home/rokey/p3/cobot_ws/install/parking_robot_interfaces/share/parking_robot_interfaces/cmake/ament_cmake_export_targets-extras.cmake\n'}
[0.209145] (parking_robot_interfaces) StdoutLine: {'line': b'-- Up-to-date symlink: /home/rokey/p3/cobot_ws/install/parking_robot_interfaces/share/parking_robot_interfaces/cmake/rosidl_cmake_export_typesupport_targets-extras.cmake\n'}
[0.209175] (parking_robot_interfaces) StdoutLine: {'line': b'-- Up-to-date symlink: /home/rokey/p3/cobot_ws/install/parking_robot_interfaces/share/parking_robot_interfaces/cmake/rosidl_cmake_export_typesupport_libraries-extras.cmake\n'}
[0.209227] (parking_robot_interfaces) StdoutLine: {'line': b'-- Up-to-date symlink: /home/rokey/p3/cobot_ws/install/parking_robot_interfaces/share/parking_robot_interfaces/cmake/parking_robot_interfacesConfig.cmake\n'}
[0.209265] (parking_robot_interfaces) StdoutLine: {'line': b'-- Up-to-date symlink: /home/rokey/p3/cobot_ws/install/parking_robot_interfaces/share/parking_robot_interfaces/cmake/parking_robot_interfacesConfig-version.cmake\n'}
[0.209312] (parking_robot_interfaces) StdoutLine: {'line': b'-- Up-to-date symlink: /home/rokey/p3/cobot_ws/install/parking_robot_interfaces/share/parking_robot_interfaces/package.xml\n'}
[0.209440] (parking_robot_interfaces) StdoutLine: {'line': b'-- Up-to-date: /home/rokey/p3/cobot_ws/install/parking_robot_interfaces/lib/libparking_robot_interfaces__rosidl_generator_c.so\n'}
[0.209552] (parking_robot_interfaces) StdoutLine: {'line': b'-- Up-to-date: /home/rokey/p3/cobot_ws/install/parking_robot_interfaces/lib/libparking_robot_interfaces__rosidl_typesupport_fastrtps_c.so\n'}
[0.209645] (parking_robot_interfaces) StdoutLine: {'line': b'-- Up-to-date: /home/rokey/p3/cobot_ws/install/parking_robot_interfaces/lib/libparking_robot_interfaces__rosidl_typesupport_introspection_c.so\n'}
[0.209731] (parking_robot_interfaces) StdoutLine: {'line': b'-- Up-to-date: /home/rokey/p3/cobot_ws/install/parking_robot_interfaces/lib/libparking_robot_interfaces__rosidl_typesupport_c.so\n'}
[0.209818] (parking_robot_interfaces) StdoutLine: {'line': b'-- Up-to-date: /home/rokey/p3/cobot_ws/install/parking_robot_interfaces/lib/libparking_robot_interfaces__rosidl_typesupport_fastrtps_cpp.so\n'}
[0.209933] (parking_robot_interfaces) StdoutLine: {'line': b'-- Up-to-date: /home/rokey/p3/cobot_ws/install/parking_robot_interfaces/lib/libparking_robot_interfaces__rosidl_typesupport_introspection_cpp.so\n'}
[0.210020] (parking_robot_interfaces) StdoutLine: {'line': b'-- Up-to-date: /home/rokey/p3/cobot_ws/install/parking_robot_interfaces/lib/libparking_robot_interfaces__rosidl_typesupport_cpp.so\n'}
[0.226592] (parking_robot_interfaces) StdoutLine: {'line': b"Listing '/home/rokey/p3/cobot_ws/install/parking_robot_interfaces/local/lib/python3.10/dist-packages/parking_robot_interfaces'...\n"}
[0.226710] (parking_robot_interfaces) StdoutLine: {'line': b"Listing '/home/rokey/p3/cobot_ws/install/parking_robot_interfaces/local/lib/python3.10/dist-packages/parking_robot_interfaces/action'...\n"}
[0.226737] (parking_robot_interfaces) StdoutLine: {'line': b"Listing '/home/rokey/p3/cobot_ws/install/parking_robot_interfaces/local/lib/python3.10/dist-packages/parking_robot_interfaces/msg'...\n"}
[0.226758] (parking_robot_interfaces) StdoutLine: {'line': b"Listing '/home/rokey/p3/cobot_ws/install/parking_robot_interfaces/local/lib/python3.10/dist-packages/parking_robot_interfaces/srv'...\n"}
[0.228641] (parking_robot_interfaces) StdoutLine: {'line': b'-- Up-to-date: /home/rokey/p3/cobot_ws/install/parking_robot_interfaces/lib/libparking_robot_interfaces__rosidl_generator_py.so\n'}
[0.228817] (parking_robot_interfaces) StdoutLine: {'line': b'-- Up-to-date: /home/rokey/p3/cobot_ws/install/parking_robot_interfaces/share/parking_robot_interfaces/cmake/export_parking_robot_interfaces__rosidl_generator_cExport.cmake\n'}
[0.228897] (parking_robot_interfaces) StdoutLine: {'line': b'-- Up-to-date: /home/rokey/p3/cobot_ws/install/parking_robot_interfaces/share/parking_robot_interfaces/cmake/export_parking_robot_interfaces__rosidl_generator_cExport-noconfig.cmake\n'}
[0.228966] (parking_robot_interfaces) StdoutLine: {'line': b'-- Up-to-date: /home/rokey/p3/cobot_ws/install/parking_robot_interfaces/share/parking_robot_interfaces/cmake/export_parking_robot_interfaces__rosidl_typesupport_fastrtps_cExport.cmake\n'}
[0.228987] (parking_robot_interfaces) StdoutLine: {'line': b'-- Up-to-date: /home/rokey/p3/cobot_ws/install/parking_robot_interfaces/share/parking_robot_interfaces/cmake/export_parking_robot_interfaces__rosidl_typesupport_fastrtps_cExport-noconfig.cmake\n'}
[0.229032] (parking_robot_interfaces) StdoutLine: {'line': b'-- Up-to-date: /home/rokey/p3/cobot_ws/install/parking_robot_interfaces/share/parking_robot_interfaces/cmake/parking_robot_interfaces__rosidl_typesupport_introspection_cExport.cmake\n'}
[0.229055] (parking_robot_interfaces) StdoutLine: {'line': b'-- Up-to-date: /home/rokey/p3/cobot_ws/install/parking_robot_interfaces/share/parking_robot_interfaces/cmake/parking_robot_interfaces__rosidl_typesupport_introspection_cExport-noconfig.cmake\n'}
[0.229129] (parking_robot_interfaces) StdoutLine: {'line': b'-- Up-to-date: /home/rokey/p3/cobot_ws/install/parking_robot_interfaces/share/parking_robot_interfaces/cmake/parking_robot_interfaces__rosidl_typesupport_cExport.cmake\n'}
[0.229171] (parking_robot_interfaces) StdoutLine: {'line': b'-- Up-to-date: /home/rokey/p3/cobot_ws/install/parking_robot_interfaces/share/parking_robot_interfaces/cmake/parking_robot_interfaces__rosidl_typesupport_cExport-noconfig.cmake\n'}
[0.229191] (parking_robot_interfaces) StdoutLine: {'line': b'-- Up-to-date: /home/rokey/p3/cobot_ws/install/parking_robot_interfaces/share/parking_robot_interfaces/cmake/export_parking_robot_interfaces__rosidl_generator_cppExport.cmake\n'}
[0.229210] (parking_robot_interfaces) StdoutLine: {'line': b'-- Up-to-date: /home/rokey/p3/cobot_ws/install/parking_robot_interfaces/share/parking_robot_interfaces/cmake/export_parking_robot_interfaces__rosidl_typesupport_fastrtps_cppExport.cmake\n'}
[0.229244] (parking_robot_interfaces) StdoutLine: {'line': b'-- Up-to-date: /home/rokey/p3/cobot_ws/install/parking_robot_interfaces/share/parking_robot_interfaces/cmake/export_parking_robot_interfaces__rosidl_typesupport_fastrtps_cppExport-noconfig.cmake\n'}
[0.229264] (parking_robot_interfaces) StdoutLine: {'line': b'-- Up-to-date: /home/rokey/p3/cobot_ws/install/parking_robot_interfaces/share/parking_robot_interfaces/cmake/parking_robot_interfaces__rosidl_typesupport_introspection_cppExport.cmake\n'}
[0.229293] (parking_robot_interfaces) StdoutLine: {'line': b'-- Up-to-date: /home/rokey/p3/cobot_ws/install/parking_robot_interfaces/share/parking_robot_interfaces/cmake/parking_robot_interfaces__rosidl_typesupport_introspection_cppExport-noconfig.cmake\n'}
[0.229325] (parking_robot_interfaces) StdoutLine: {'line': b'-- Up-to-date: /home/rokey/p3/cobot_ws/install/parking_robot_interfaces/share/parking_robot_interfaces/cmake/parking_robot_interfaces__rosidl_typesupport_cppExport.cmake\n'}
[0.229360] (parking_robot_interfaces) StdoutLine: {'line': b'-- Up-to-date: /home/rokey/p3/cobot_ws/install/parking_robot_interfaces/share/parking_robot_interfaces/cmake/parking_robot_interfaces__rosidl_typesupport_cppExport-noconfig.cmake\n'}
[0.229392] (parking_robot_interfaces) StdoutLine: {'line': b'-- Up-to-date: /home/rokey/p3/cobot_ws/install/parking_robot_interfaces/share/parking_robot_interfaces/cmake/export_parking_robot_interfaces__rosidl_generator_pyExport.cmake\n'}
[0.229426] (parking_robot_interfaces) StdoutLine: {'line': b'-- Up-to-date: /home/rokey/p3/cobot_ws/install/parking_robot_interfaces/share/parking_robot_interfaces/cmake/export_parking_robot_interfaces__rosidl_generator_pyExport-noconfig.cmake\n'}
[0.230847] (parking_robot_interfaces) CommandEnded: {'returncode': 0}
[0.243284] (parking_robot_interfaces) JobEnded: {'identifier': 'parking_robot_interfaces', 'rc': 0}
[0.243740] (parkbot_motion) JobStarted: {'identifier': 'parkbot_motion'}
[0.300073] (-) TimerEvent: {}
[0.348688] (parkbot_aruco) Command: {'cmd': ['/usr/bin/python3', '-W', 'ignore:setup.py install is deprecated', '-W', 'ignore:easy_install command is deprecated', 'setup.py', 'egg_info', '--egg-base', '../../build/parkbot_aruco', 'build', '--build-base', '/home/rokey/p3/cobot_ws/build/parkbot_aruco/build', 'install', '--record', '/home/rokey/p3/cobot_ws/build/parkbot_aruco/install.log', '--install-scripts', '$base/lib/parkbot_aruco', '--single-version-externally-managed', 'install_data'], 'cwd': '/home/rokey/p3/cobot_ws/src/parkbot_aruco', 'env': {'GJS_DEBUG_TOPICS': 'JS ERROR;JS LOG', 'LESSOPEN': '| /usr/bin/lesspipe %s', 'LANGUAGE': 'ko:en', 'USER': 'rokey', 'LC_TIME': 'ko_KR.UTF-8', 'XDG_SESSION_TYPE': 'x11', 'SHLVL': '1', 'LD_LIBRARY_PATH': '/home/rokey/p3/cobot_ws/install/parking_robot_interfaces/lib:/opt/ros/humble/opt/rviz_ogre_vendor/lib:/opt/ros/humble/lib/x86_64-linux-gnu:/opt/ros/humble/lib', 'HOME': '/home/rokey', 'DESKTOP_SESSION': 'ubuntu', 'NVM_BIN': '/home/rokey/.nvm/versions/node/v24.18.0/bin', 'NVM_INC': '/home/rokey/.nvm/versions/node/v24.18.0/include/node', 'GIO_LAUNCHED_DESKTOP_FILE': '/usr/share/applications/terminator.desktop', 'ROS_PYTHON_VERSION': '3', 'GNOME_SHELL_SESSION_MODE': 'ubuntu', 'GTK_MODULES': 'gail:atk-bridge', 'LC_MONETARY': 'ko_KR.UTF-8', 'MANAGERPID': '2176', 'SYSTEMD_EXEC_PID': '2531', 'DBUS_SESSION_BUS_ADDRESS': 'unix:path=/run/user/1000/bus', 'COLORTERM': 'truecolor', 'TERMINATOR_DBUS_NAME': 'net.tenshu.Terminator23558193cd9818af7fe4d2c2f5bd9d00f', 'GIO_LAUNCHED_DESKTOP_FILE_PID': '6581', 'NVM_DIR': '/home/rokey/.nvm', 'COLCON_PREFIX_PATH': '/home/rokey/p3/cobot_ws/install', 'ROS_DISTRO': 'humble', 'GTK_IM_MODULE': 'ibus', 'LOGNAME': 'rokey', 'JOURNAL_STREAM': '8:25857', '_': '/usr/bin/colcon', 'ROS_VERSION': '2', 'XDG_SESSION_CLASS': 'user', 'USERNAME': 'rokey', 'TERM': 'xterm-256color', 'GNOME_DESKTOP_SESSION_ID': 'this-is-deprecated', 'ROS_LOCALHOST_ONLY': '0', 'WINDOWPATH': '2', 'PATH': '/home/rokey/.nvm/versions/node/v24.18.0/bin:/opt/ros/humble/bin:/home/rokey/.local/bin:/usr/local/sbin:/usr/local/bin:/usr/sbin:/usr/bin:/sbin:/bin:/usr/games:/usr/local/games:/snap/bin:/snap/bin', 'SESSION_MANAGER': 'local/IsaacSim09:@/tmp/.ICE-unix/2507,unix/IsaacSim09:/tmp/.ICE-unix/2507', 'FASTRTPS_DEFAULT_PROFILES_FILE': '/home/rokey/.ros/fastdds_wired.xml', 'INVOCATION_ID': 'bf491cbed05e49b3ae06854c70296156', 'PAPERSIZE': 'a4', 'XDG_MENU_PREFIX': 'gnome-', 'LC_ADDRESS': 'ko_KR.UTF-8', 'XDG_RUNTIME_DIR': '/run/user/1000', 'DISPLAY': ':1', 'TERMINATOR_DBUS_PATH': '/net/tenshu/Terminator2', 'LANG': 'ko_KR.UTF-8', 'XDG_CURRENT_DESKTOP': 'ubuntu:GNOME', 'IBUS_DISABLE_SNOOPER': '1', 'LC_TELEPHONE': 'ko_KR.UTF-8', 'RMW_IMPLEMENTATION': 'rmw_fastrtps_cpp', 'XMODIFIERS': '@im=ibus', 'XDG_SESSION_DESKTOP': 'ubuntu', 'XAUTHORITY': '/run/user/1000/gdm/Xauthority', 'LS_COLORS': 'rs=0:di=01;34:ln=01;36:mh=00:pi=40;33:so=01;35:do=01;35:bd=40;33;01:cd=40;33;01:or=40;31;01:mi=00:su=37;41:sg=30;43:ca=30;41:tw=30;42:ow=34;42:st=37;44:ex=01;32:*.tar=01;31:*.tgz=01;31:*.arc=01;31:*.arj=01;31:*.taz=01;31:*.lha=01;31:*.lz4=01;31:*.lzh=01;31:*.lzma=01;31:*.tlz=01;31:*.txz=01;31:*.tzo=01;31:*.t7z=01;31:*.zip=01;31:*.z=01;31:*.dz=01;31:*.gz=01;31:*.lrz=01;31:*.lz=01;31:*.lzo=01;31:*.xz=01;31:*.zst=01;31:*.tzst=01;31:*.bz2=01;31:*.bz=01;31:*.tbz=01;31:*.tbz2=01;31:*.tz=01;31:*.deb=01;31:*.rpm=01;31:*.jar=01;31:*.war=01;31:*.ear=01;31:*.sar=01;31:*.rar=01;31:*.alz=01;31:*.ace=01;31:*.zoo=01;31:*.cpio=01;31:*.7z=01;31:*.rz=01;31:*.cab=01;31:*.wim=01;31:*.swm=01;31:*.dwm=01;31:*.esd=01;31:*.jpg=01;35:*.jpeg=01;35:*.mjpg=01;35:*.mjpeg=01;35:*.gif=01;35:*.bmp=01;35:*.pbm=01;35:*.pgm=01;35:*.ppm=01;35:*.tga=01;35:*.xbm=01;35:*.xpm=01;35:*.tif=01;35:*.tiff=01;35:*.png=01;35:*.svg=01;35:*.svgz=01;35:*.mng=01;35:*.pcx=01;35:*.mov=01;35:*.mpg=01;35:*.mpeg=01;35:*.m2v=01;35:*.mkv=01;35:*.webm=01;35:*.webp=01;35:*.ogm=01;35:*.mp4=01;35:*.m4v=01;35:*.mp4v=01;35:*.vob=01;35:*.qt=01;35:*.nuv=01;35:*.wmv=01;35:*.asf=01;35:*.rm=01;35:*.rmvb=01;35:*.flc=01;35:*.avi=01;35:*.fli=01;35:*.flv=01;35:*.gl=01;35:*.dl=01;35:*.xcf=01;35:*.xwd=01;35:*.yuv=01;35:*.cgm=01;35:*.emf=01;35:*.ogv=01;35:*.ogx=01;35:*.aac=00;36:*.au=00;36:*.flac=00;36:*.m4a=00;36:*.mid=00;36:*.midi=00;36:*.mka=00;36:*.mp3=00;36:*.mpc=00;36:*.ogg=00;36:*.ra=00;36:*.wav=00;36:*.oga=00;36:*.opus=00;36:*.spx=00;36:*.xspf=00;36:', 'SSH_AGENT_LAUNCHER': 'gnome-keyring', 'SSH_AUTH_SOCK': '/run/user/1000/keyring/ssh', 'ROS_DOMAIN_ID': '126', 'AMENT_PREFIX_PATH': '/home/rokey/p3/cobot_ws/install/parking_robot_system:/home/rokey/p3/cobot_ws/install/parkbot_motion:/home/rokey/p3/cobot_ws/install/parking_robot_interfaces:/home/rokey/p3/cobot_ws/install/parkbot_aruco:/opt/ros/humble', 'SHELL': '/bin/bash', 'LC_NAME': 'ko_KR.UTF-8', 'TERMINATOR_UUID': 'urn:uuid:2c331d05-32be-4747-bf0e-946a17a76549', 'QT_ACCESSIBILITY': '1', 'GDMSESSION': 'ubuntu', 'LESSCLOSE': '/usr/bin/lesspipe %s %s', 'LC_MEASUREMENT': 'ko_KR.UTF-8', 'GPG_AGENT_INFO': '/run/user/1000/gnupg/S.gpg-agent:0:1', 'GJS_DEBUG_OUTPUT': 'stderr', 'LC_IDENTIFICATION': 'ko_KR.UTF-8', 'QT_IM_MODULE': 'ibus', 'PWD': '/home/rokey/p3/cobot_ws/build/parkbot_aruco', 'LC_ALL': 'en_US.UTF-8', 'XDG_CONFIG_DIRS': '/etc/xdg/xdg-ubuntu:/etc/xdg', 'NVM_CD_FLAGS': '', 'XDG_DATA_DIRS': '/usr/share/ubuntu:/usr/share/gnome:/home/rokey/.local/share/flatpak/exports/share:/var/lib/flatpak/exports/share:/usr/local/share/:/usr/share/:/var/lib/snapd/desktop', 'PYTHONPATH': '/home/rokey/p3/cobot_ws/build/parkbot_aruco/prefix_override:/usr/lib/python3/dist-packages/colcon_core/task/python/colcon_distutils_commands:/home/rokey/p3/cobot_ws/install/parkbot_aruco/lib/python3.10/site-packages:/home/rokey/p3/cobot_ws/build/parking_robot_system:/home/rokey/p3/cobot_ws/install/parking_robot_system/lib/python3.10/site-packages:/home/rokey/p3/cobot_ws/build/parkbot_motion:/home/rokey/p3/cobot_ws/install/parkbot_motion/lib/python3.10/site-packages:/home/rokey/p3/cobot_ws/install/parking_robot_interfaces/local/lib/python3.10/dist-packages:/home/rokey/p3/cobot_ws/build/parkbot_aruco:/home/rokey/p3/cobot_ws/install/parkbot_aruco/lib/python3.10/site-packages:/opt/ros/humble/lib/python3.10/site-packages:/opt/ros/humble/local/lib/python3.10/dist-packages', 'LC_NUMERIC': 'ko_KR.UTF-8', 'LC_PAPER': 'ko_KR.UTF-8', 'COLCON': '1', 'VTE_VERSION': '6800', 'CMAKE_PREFIX_PATH': '/home/rokey/p3/cobot_ws/install/parking_robot_interfaces'}, 'shell': False}
[0.400356] (-) TimerEvent: {}
[0.443868] (parkbot_aruco) StdoutLine: {'line': b'running egg_info\n'}
[0.444005] (parkbot_aruco) StdoutLine: {'line': b'writing ../../build/parkbot_aruco/parkbot_aruco.egg-info/PKG-INFO\n'}
[0.444039] (parkbot_aruco) StdoutLine: {'line': b'writing dependency_links to ../../build/parkbot_aruco/parkbot_aruco.egg-info/dependency_links.txt\n'}
[0.444067] (parkbot_aruco) StdoutLine: {'line': b'writing entry points to ../../build/parkbot_aruco/parkbot_aruco.egg-info/entry_points.txt\n'}
[0.444088] (parkbot_aruco) StdoutLine: {'line': b'writing requirements to ../../build/parkbot_aruco/parkbot_aruco.egg-info/requires.txt\n'}
[0.444123] (parkbot_aruco) StdoutLine: {'line': b'writing top-level names to ../../build/parkbot_aruco/parkbot_aruco.egg-info/top_level.txt\n'}
[0.444660] (parkbot_aruco) StdoutLine: {'line': b"reading manifest file '../../build/parkbot_aruco/parkbot_aruco.egg-info/SOURCES.txt'\n"}
[0.444980] (parkbot_aruco) StdoutLine: {'line': b"writing manifest file '../../build/parkbot_aruco/parkbot_aruco.egg-info/SOURCES.txt'\n"}
[0.445036] (parkbot_aruco) StdoutLine: {'line': b'running build\n'}
[0.445063] (parkbot_aruco) StdoutLine: {'line': b'running build_py\n'}
[0.447852] (parkbot_aruco) StdoutLine: {'line': b'running install\n'}
[0.447900] (parkbot_aruco) StdoutLine: {'line': b'running install_lib\n'}
[0.447928] (parkbot_aruco) StdoutLine: {'line': b'running install_data\n'}
[0.447950] (parkbot_aruco) StdoutLine: {'line': b'running install_egg_info\n'}
[0.447971] (parkbot_aruco) StdoutLine: {'line': b"removing '/home/rokey/p3/cobot_ws/install/parkbot_aruco/lib/python3.10/site-packages/parkbot_aruco-0.1.0-py3.10.egg-info' (and everything under it)\n"}
[0.449343] (parkbot_aruco) StdoutLine: {'line': b'Copying ../../build/parkbot_aruco/parkbot_aruco.egg-info to /home/rokey/p3/cobot_ws/install/parkbot_aruco/lib/python3.10/site-packages/parkbot_aruco-0.1.0-py3.10.egg-info\n'}
[0.449552] (parkbot_aruco) StdoutLine: {'line': b'running install_scripts\n'}
[0.459191] (parkbot_aruco) StdoutLine: {'line': b'Installing aruco_detector script to /home/rokey/p3/cobot_ws/install/parkbot_aruco/lib/parkbot_aruco\n'}
[0.459558] (parkbot_aruco) StdoutLine: {'line': b'Installing marker_localizer_node script to /home/rokey/p3/cobot_ws/install/parkbot_aruco/lib/parkbot_aruco\n'}
[0.459589] (parkbot_aruco) StdoutLine: {'line': b"writing list of installed files to '/home/rokey/p3/cobot_ws/build/parkbot_aruco/install.log'\n"}
[0.470589] (parkbot_aruco) CommandEnded: {'returncode': 0}
[0.473676] (parkbot_aruco) JobEnded: {'identifier': 'parkbot_aruco', 'rc': 0}
[0.500434] (-) TimerEvent: {}
[0.506513] (parkbot_motion) Command: {'cmd': ['/usr/bin/python3', '-W', 'ignore:setup.py install is deprecated', '-W', 'ignore:easy_install command is deprecated', 'setup.py', 'egg_info', '--egg-base', '../../build/parkbot_motion', 'build', '--build-base', '/home/rokey/p3/cobot_ws/build/parkbot_motion/build', 'install', '--record', '/home/rokey/p3/cobot_ws/build/parkbot_motion/install.log', '--install-scripts', '$base/lib/parkbot_motion', '--single-version-externally-managed', 'install_data'], 'cwd': '/home/rokey/p3/cobot_ws/src/parkbot_motion', 'env': {'GJS_DEBUG_TOPICS': 'JS ERROR;JS LOG', 'LESSOPEN': '| /usr/bin/lesspipe %s', 'LANGUAGE': 'ko:en', 'USER': 'rokey', 'LC_TIME': 'ko_KR.UTF-8', 'XDG_SESSION_TYPE': 'x11', 'SHLVL': '1', 'LD_LIBRARY_PATH': '/home/rokey/p3/cobot_ws/install/parking_robot_interfaces/lib:/opt/ros/humble/opt/rviz_ogre_vendor/lib:/opt/ros/humble/lib/x86_64-linux-gnu:/opt/ros/humble/lib', 'HOME': '/home/rokey', 'DESKTOP_SESSION': 'ubuntu', 'NVM_BIN': '/home/rokey/.nvm/versions/node/v24.18.0/bin', 'NVM_INC': '/home/rokey/.nvm/versions/node/v24.18.0/include/node', 'GIO_LAUNCHED_DESKTOP_FILE': '/usr/share/applications/terminator.desktop', 'ROS_PYTHON_VERSION': '3', 'GNOME_SHELL_SESSION_MODE': 'ubuntu', 'GTK_MODULES': 'gail:atk-bridge', 'LC_MONETARY': 'ko_KR.UTF-8', 'MANAGERPID': '2176', 'SYSTEMD_EXEC_PID': '2531', 'DBUS_SESSION_BUS_ADDRESS': 'unix:path=/run/user/1000/bus', 'COLORTERM': 'truecolor', 'TERMINATOR_DBUS_NAME': 'net.tenshu.Terminator23558193cd9818af7fe4d2c2f5bd9d00f', 'GIO_LAUNCHED_DESKTOP_FILE_PID': '6581', 'NVM_DIR': '/home/rokey/.nvm', 'COLCON_PREFIX_PATH': '/home/rokey/p3/cobot_ws/install', 'ROS_DISTRO': 'humble', 'GTK_IM_MODULE': 'ibus', 'LOGNAME': 'rokey', 'JOURNAL_STREAM': '8:25857', '_': '/usr/bin/colcon', 'ROS_VERSION': '2', 'XDG_SESSION_CLASS': 'user', 'USERNAME': 'rokey', 'TERM': 'xterm-256color', 'GNOME_DESKTOP_SESSION_ID': 'this-is-deprecated', 'ROS_LOCALHOST_ONLY': '0', 'WINDOWPATH': '2', 'PATH': '/home/rokey/.nvm/versions/node/v24.18.0/bin:/opt/ros/humble/bin:/home/rokey/.local/bin:/usr/local/sbin:/usr/local/bin:/usr/sbin:/usr/bin:/sbin:/bin:/usr/games:/usr/local/games:/snap/bin:/snap/bin', 'SESSION_MANAGER': 'local/IsaacSim09:@/tmp/.ICE-unix/2507,unix/IsaacSim09:/tmp/.ICE-unix/2507', 'FASTRTPS_DEFAULT_PROFILES_FILE': '/home/rokey/.ros/fastdds_wired.xml', 'INVOCATION_ID': 'bf491cbed05e49b3ae06854c70296156', 'PAPERSIZE': 'a4', 'XDG_MENU_PREFIX': 'gnome-', 'LC_ADDRESS': 'ko_KR.UTF-8', 'XDG_RUNTIME_DIR': '/run/user/1000', 'DISPLAY': ':1', 'TERMINATOR_DBUS_PATH': '/net/tenshu/Terminator2', 'LANG': 'ko_KR.UTF-8', 'XDG_CURRENT_DESKTOP': 'ubuntu:GNOME', 'IBUS_DISABLE_SNOOPER': '1', 'LC_TELEPHONE': 'ko_KR.UTF-8', 'RMW_IMPLEMENTATION': 'rmw_fastrtps_cpp', 'XMODIFIERS': '@im=ibus', 'XDG_SESSION_DESKTOP': 'ubuntu', 'XAUTHORITY': '/run/user/1000/gdm/Xauthority', 'LS_COLORS': 'rs=0:di=01;34:ln=01;36:mh=00:pi=40;33:so=01;35:do=01;35:bd=40;33;01:cd=40;33;01:or=40;31;01:mi=00:su=37;41:sg=30;43:ca=30;41:tw=30;42:ow=34;42:st=37;44:ex=01;32:*.tar=01;31:*.tgz=01;31:*.arc=01;31:*.arj=01;31:*.taz=01;31:*.lha=01;31:*.lz4=01;31:*.lzh=01;31:*.lzma=01;31:*.tlz=01;31:*.txz=01;31:*.tzo=01;31:*.t7z=01;31:*.zip=01;31:*.z=01;31:*.dz=01;31:*.gz=01;31:*.lrz=01;31:*.lz=01;31:*.lzo=01;31:*.xz=01;31:*.zst=01;31:*.tzst=01;31:*.bz2=01;31:*.bz=01;31:*.tbz=01;31:*.tbz2=01;31:*.tz=01;31:*.deb=01;31:*.rpm=01;31:*.jar=01;31:*.war=01;31:*.ear=01;31:*.sar=01;31:*.rar=01;31:*.alz=01;31:*.ace=01;31:*.zoo=01;31:*.cpio=01;31:*.7z=01;31:*.rz=01;31:*.cab=01;31:*.wim=01;31:*.swm=01;31:*.dwm=01;31:*.esd=01;31:*.jpg=01;35:*.jpeg=01;35:*.mjpg=01;35:*.mjpeg=01;35:*.gif=01;35:*.bmp=01;35:*.pbm=01;35:*.pgm=01;35:*.ppm=01;35:*.tga=01;35:*.xbm=01;35:*.xpm=01;35:*.tif=01;35:*.tiff=01;35:*.png=01;35:*.svg=01;35:*.svgz=01;35:*.mng=01;35:*.pcx=01;35:*.mov=01;35:*.mpg=01;35:*.mpeg=01;35:*.m2v=01;35:*.mkv=01;35:*.webm=01;35:*.webp=01;35:*.ogm=01;35:*.mp4=01;35:*.m4v=01;35:*.mp4v=01;35:*.vob=01;35:*.qt=01;35:*.nuv=01;35:*.wmv=01;35:*.asf=01;35:*.rm=01;35:*.rmvb=01;35:*.flc=01;35:*.avi=01;35:*.fli=01;35:*.flv=01;35:*.gl=01;35:*.dl=01;35:*.xcf=01;35:*.xwd=01;35:*.yuv=01;35:*.cgm=01;35:*.emf=01;35:*.ogv=01;35:*.ogx=01;35:*.aac=00;36:*.au=00;36:*.flac=00;36:*.m4a=00;36:*.mid=00;36:*.midi=00;36:*.mka=00;36:*.mp3=00;36:*.mpc=00;36:*.ogg=00;36:*.ra=00;36:*.wav=00;36:*.oga=00;36:*.opus=00;36:*.spx=00;36:*.xspf=00;36:', 'SSH_AGENT_LAUNCHER': 'gnome-keyring', 'SSH_AUTH_SOCK': '/run/user/1000/keyring/ssh', 'ROS_DOMAIN_ID': '126', 'AMENT_PREFIX_PATH': '/home/rokey/p3/cobot_ws/install/parking_robot_system:/home/rokey/p3/cobot_ws/install/parkbot_motion:/home/rokey/p3/cobot_ws/install/parking_robot_interfaces:/home/rokey/p3/cobot_ws/install/parkbot_aruco:/opt/ros/humble', 'SHELL': '/bin/bash', 'LC_NAME': 'ko_KR.UTF-8', 'TERMINATOR_UUID': 'urn:uuid:2c331d05-32be-4747-bf0e-946a17a76549', 'QT_ACCESSIBILITY': '1', 'GDMSESSION': 'ubuntu', 'LESSCLOSE': '/usr/bin/lesspipe %s %s', 'LC_MEASUREMENT': 'ko_KR.UTF-8', 'GPG_AGENT_INFO': '/run/user/1000/gnupg/S.gpg-agent:0:1', 'GJS_DEBUG_OUTPUT': 'stderr', 'LC_IDENTIFICATION': 'ko_KR.UTF-8', 'QT_IM_MODULE': 'ibus', 'PWD': '/home/rokey/p3/cobot_ws/build/parkbot_motion', 'LC_ALL': 'en_US.UTF-8', 'XDG_CONFIG_DIRS': '/etc/xdg/xdg-ubuntu:/etc/xdg', 'NVM_CD_FLAGS': '', 'XDG_DATA_DIRS': '/usr/share/ubuntu:/usr/share/gnome:/home/rokey/.local/share/flatpak/exports/share:/var/lib/flatpak/exports/share:/usr/local/share/:/usr/share/:/var/lib/snapd/desktop', 'PYTHONPATH': '/home/rokey/p3/cobot_ws/build/parkbot_motion/prefix_override:/usr/lib/python3/dist-packages/colcon_core/task/python/colcon_distutils_commands:/home/rokey/p3/cobot_ws/install/parkbot_motion/lib/python3.10/site-packages:/home/rokey/p3/cobot_ws/build/parking_robot_system:/home/rokey/p3/cobot_ws/install/parking_robot_system/lib/python3.10/site-packages:/home/rokey/p3/cobot_ws/build/parkbot_motion:/home/rokey/p3/cobot_ws/install/parkbot_motion/lib/python3.10/site-packages:/home/rokey/p3/cobot_ws/install/parking_robot_interfaces/local/lib/python3.10/dist-packages:/home/rokey/p3/cobot_ws/build/parkbot_aruco:/home/rokey/p3/cobot_ws/install/parkbot_aruco/lib/python3.10/site-packages:/opt/ros/humble/lib/python3.10/site-packages:/opt/ros/humble/local/lib/python3.10/dist-packages', 'LC_NUMERIC': 'ko_KR.UTF-8', 'LC_PAPER': 'ko_KR.UTF-8', 'COLCON': '1', 'VTE_VERSION': '6800', 'CMAKE_PREFIX_PATH': '/home/rokey/p3/cobot_ws/install/parking_robot_interfaces'}, 'shell': False}
[0.600421] (parkbot_motion) StdoutLine: {'line': b'running egg_info\n'}
[0.600557] (-) TimerEvent: {}
[0.600679] (parkbot_motion) StdoutLine: {'line': b'writing ../../build/parkbot_motion/parkbot_motion.egg-info/PKG-INFO\n'}
[0.600793] (parkbot_motion) StdoutLine: {'line': b'writing dependency_links to ../../build/parkbot_motion/parkbot_motion.egg-info/dependency_links.txt\n'}
[0.600864] (parkbot_motion) StdoutLine: {'line': b'writing entry points to ../../build/parkbot_motion/parkbot_motion.egg-info/entry_points.txt\n'}
[0.600935] (parkbot_motion) StdoutLine: {'line': b'writing requirements to ../../build/parkbot_motion/parkbot_motion.egg-info/requires.txt\n'}
[0.601012] (parkbot_motion) StdoutLine: {'line': b'writing top-level names to ../../build/parkbot_motion/parkbot_motion.egg-info/top_level.txt\n'}
[0.601624] (parkbot_motion) StdoutLine: {'line': b"reading manifest file '../../build/parkbot_motion/parkbot_motion.egg-info/SOURCES.txt'\n"}
[0.601970] (parkbot_motion) StdoutLine: {'line': b"writing manifest file '../../build/parkbot_motion/parkbot_motion.egg-info/SOURCES.txt'\n"}
[0.602430] (parkbot_motion) StdoutLine: {'line': b'running build\n'}
[0.602461] (parkbot_motion) StdoutLine: {'line': b'running build_py\n'}
[0.602483] (parkbot_motion) StdoutLine: {'line': b'running install\n'}
[0.602514] (parkbot_motion) StdoutLine: {'line': b'running install_lib\n'}
[0.603553] (parkbot_motion) StdoutLine: {'line': b'running install_data\n'}
[0.603611] (parkbot_motion) StdoutLine: {'line': b'running install_egg_info\n'}
[0.604335] (parkbot_motion) StdoutLine: {'line': b"removing '/home/rokey/p3/cobot_ws/install/parkbot_motion/lib/python3.10/site-packages/parkbot_motion-0.1.0-py3.10.egg-info' (and everything under it)\n"}
[0.605550] (parkbot_motion) StdoutLine: {'line': b'Copying ../../build/parkbot_motion/parkbot_motion.egg-info to /home/rokey/p3/cobot_ws/install/parkbot_motion/lib/python3.10/site-packages/parkbot_motion-0.1.0-py3.10.egg-info\n'}
[0.605854] (parkbot_motion) StdoutLine: {'line': b'running install_scripts\n'}
[0.616037] (parkbot_motion) StdoutLine: {'line': b'Installing axle_detector_node script to /home/rokey/p3/cobot_ws/install/parkbot_motion/lib/parkbot_motion\n'}
[0.616183] (parkbot_motion) StdoutLine: {'line': b'Installing carry_action_server script to /home/rokey/p3/cobot_ws/install/parkbot_motion/lib/parkbot_motion\n'}
[0.616220] (parkbot_motion) StdoutLine: {'line': b'Installing ingress_node script to /home/rokey/p3/cobot_ws/install/parkbot_motion/lib/parkbot_motion\n'}
[0.616241] (parkbot_motion) StdoutLine: {'line': b'Installing lift_action_server script to /home/rokey/p3/cobot_ws/install/parkbot_motion/lib/parkbot_motion\n'}
[0.616261] (parkbot_motion) StdoutLine: {'line': b'Installing pickup_orchestrator_node script to /home/rokey/p3/cobot_ws/install/parkbot_motion/lib/parkbot_motion\n'}
[0.616281] (parkbot_motion) StdoutLine: {'line': b'Installing pose_controller_node script to /home/rokey/p3/cobot_ws/install/parkbot_motion/lib/parkbot_motion\n'}
[0.616299] (parkbot_motion) StdoutLine: {'line': b"writing list of installed files to '/home/rokey/p3/cobot_ws/build/parkbot_motion/install.log'\n"}
[0.626438] (parkbot_motion) CommandEnded: {'returncode': 0}
[0.629340] (parkbot_motion) JobEnded: {'identifier': 'parkbot_motion', 'rc': 0}
[0.630038] (-) EventReactorShutdown: {}
