{
  "passed": false,
  "assets": {
    "parking": "/home/rokey/p4/isaacpjt/Isaac_envo/parking/parking_environment.usd",
    "vehicle": "/home/rokey/p4/isaacpjt/Isaac_envo/fab_vehicles.usd",
    "robot": "/home/rokey/p4/isaacpjt/hwia_parking_robot_final_caster_package/hwia_depth_cam_mecha_roller.usd",
    "test_stage": "/home/rokey/p4/isaacpjt/Isaac_envo/depth_stop_lift_test.usd"
  },
  "vehicle": "Pickup",
  "keep_drivetrain": false,
  "sphere_wheels": true,
  "parking_bay": "A7",
  "robot_start_xyz_m": [
    8.500007629394531,
    0.0001295916736125946,
    4.549992084503174
  ],
  "robot_stop_xyz_m": [
    8.50985050201416,
    0.00018811970949172974,
    5.50225305557251
  ],
  "robot_final_xyz_m": [
    8.539145469665527,
    0.00014452263712882996,
    5.481590270996094
  ],
  "robot_target_z_m": 5.8690810546875,
  "arrival_error_m": 0.36682799911499053,
  "pickup_start_xyz_m": [
    8.5,
    1.7881393432617188e-07,
    7.799999237060547
  ],
  "pickup_final_xyz_m": [
    8.50747299194336,
    0.05581468343734741,
    7.8018798828125
  ],
  "initial_wheel_centers_m": {
    "FrontLeftWheel": [
      9.3207255859375,
      0.42297140073776207,
      9.463458221435546
    ],
    "FrontRightWheel": [
      7.6792734375,
      0.42297140073776207,
      9.463458221435546
    ],
    "RearLeftWheel": [
      9.3207255859375,
      0.42297140073776285,
      5.869080291748047
    ],
    "RearRightWheel": [
      7.6792734375,
      0.42297140073776285,
      5.869080291748047
    ]
  },
  "before_lift_wheel_centers_m": {
    "FrontLeftWheel": [
      9.3207255859375,
      0.42297140073776207,
      9.463458221435546
    ],
    "FrontRightWheel": [
      7.6792734375,
      0.42297140073776207,
      9.463458221435546
    ],
    "RearLeftWheel": [
      9.3207255859375,
      0.42297140073776285,
      5.869080291748047
    ],
    "RearRightWheel": [
      7.6792734375,
      0.42297140073776285,
      5.869080291748047
    ]
  },
  "after_lift_wheel_centers_m": {
    "FrontLeftWheel": [
      9.321040167391425,
      0.42295968030311254,
      9.482029857367149
    ],
    "FrontRightWheel": [
      7.679602948653551,
      0.4229602835633831,
      9.475028960868048
    ],
    "RearLeftWheel": [
      9.336361896560646,
      0.5430770430381981,
      5.889692211041371
    ],
    "RearRightWheel": [
      7.694924677822772,
      0.5430776462984687,
      5.882691314542271
    ]
  },
  "rear_wheel_lift_m": [
    0.1201056423004353,
    0.12010624556070582
  ],
  "front_wheel_lift_m": [
    -1.172043464953143e-05,
    -1.1117174378960648e-05
  ],
  "mean_rear_lift_m": 0.12010594393057056,
  "mean_front_lift_m": -1.141880451424604e-05,
  "arm_angles_deg": {
    "arm_left_front_joint": 90.00013910826156,
    "arm_left_rear_joint": -90.00076065547604,
    "arm_right_front_joint": -90.00028254223413,
    "arm_right_rear_joint": 90.0008835988811
  },
  "depth_baseline_m": 0.3328322172164917,
  "depth_threshold_m": 0.2528322172164917,
  "depth_drop_margin_m": 0.08,
  "depth_stop_value_m": 0.24933266639709473,
  "stop_step": 145,
  "stop_reason": "depth_trigger",
  "depth_trace": [
    {
      "step": 1,
      "x": 8.5,
      "z": 4.5506,
      "roi_min_depth_m": 0.3324
    },
    {
      "step": 2,
      "x": 8.5,
      "z": 4.5524,
      "roi_min_depth_m": 0.3324
    },
    {
      "step": 3,
      "x": 8.5001,
      "z": 4.5555,
      "roi_min_depth_m": 0.3342
    },
    {
      "step": 4,
      "x": 8.5007,
      "z": 4.5593,
      "roi_min_depth_m": 0.333
    },
    {
      "step": 5,
      "x": 8.5014,
      "z": 4.5637,
      "roi_min_depth_m": 0.333
    },
    {
      "step": 6,
      "x": 8.5024,
      "z": 4.5685,
      "roi_min_depth_m": 0.3327
    },
    {
      "step": 7,
      "x": 8.5035,
      "z": 4.574,
      "roi_min_depth_m": 0.3333
    },
    {
      "step": 8,
      "x": 8.5041,
      "z": 4.5799,
      "roi_min_depth_m": 0.3329
    },
    {
      "step": 9,
      "x": 8.5047,
      "z": 4.586,
      "roi_min_depth_m": 0.3324
    },
    {
      "step": 10,
      "x": 8.5051,
      "z": 4.5923,
      "roi_min_depth_m": 0.3344
    },
    {
      "step": 11,
      "x": 8.5052,
      "z": 4.5989,
      "roi_min_depth_m": 0.3315
    },
    {
      "step": 12,
      "x": 8.5052,
      "z": 4.6055,
      "roi_min_depth_m": 0.3321
    },
    {
      "step": 13,
      "x": 8.5054,
      "z": 4.6121,
      "roi_min_depth_m": 0.3336
    },
    {
      "step": 14,
      "x": 8.5056,
      "z": 4.6186,
      "roi_min_depth_m": 0.3322
    },
    {
      "step": 15,
      "x": 8.5057,
      "z": 4.6252,
      "roi_min_depth_m": 0.333
    },
    {
      "step": 16,
      "x": 8.5059,
      "z": 4.6316,
      "roi_min_depth_m": 0.3328
    },
    {
      "step": 17,
      "x": 8.5062,
      "z": 4.6381,
      "roi_min_depth_m": 0.3314
    },
    {
      "step": 18,
      "x": 8.5064,
      "z": 4.6446,
      "roi_min_depth_m": 0.3344
    },
    {
      "step": 19,
      "x": 8.5066,
      "z": 4.651,
      "roi_min_depth_m": 0.3328
    },
    {
      "step": 20,
      "x": 8.5069,
      "z": 4.6574,
      "roi_min_depth_m": 0.3318
    },
    {
      "step": 21,
      "x": 8.5071,
      "z": 4.664,
      "roi_min_depth_m": 0.3348
    },
    {
      "step": 22,
      "x": 8.5074,
      "z": 4.6705,
      "roi_min_depth_m": 0.333
    },
    {
      "step": 23,
      "x": 8.5077,
      "z": 4.6769,
      "roi_min_depth_m": 0.3313
    },
    {
      "step": 24,
      "x": 8.5078,
      "z": 4.6835,
      "roi_min_depth_m": 0.3355
    },
    {
      "step": 25,
      "x": 8.5079,
      "z": 4.6902,
      "roi_min_depth_m": 0.3327
    },
    {
      "step": 26,
      "x": 8.5079,
      "z": 4.6968,
      "roi_min_depth_m": 0.3322
    },
    {
      "step": 27,
      "x": 8.508,
      "z": 4.7036,
      "roi_min_depth_m": 0.3344
    },
    {
      "step": 28,
      "x": 8.508,
      "z": 4.7103,
      "roi_min_depth_m": 0.3329
    },
    {
      "step": 29,
      "x": 8.508,
      "z": 4.717,
      "roi_min_depth_m": 0.3321
    },
    {
      "step": 30,
      "x": 8.508,
      "z": 4.7236,
      "roi_min_depth_m": 0.3327
    },
    {
      "step": 31,
      "x": 8.5079,
      "z": 4.7301,
      "roi_min_depth_m": 0.3324
    },
    {
      "step": 32,
      "x": 8.5079,
      "z": 4.7366,
      "roi_min_depth_m": 0.3324
    },
    {
      "step": 33,
      "x": 8.5079,
      "z": 4.7432,
      "roi_min_depth_m": 0.3325
    },
    {
      "step": 34,
      "x": 8.5079,
      "z": 4.7497,
      "roi_min_depth_m": 0.3326
    },
    {
      "step": 35,
      "x": 8.5079,
      "z": 4.7562,
      "roi_min_depth_m": 0.3324
    },
    {
      "step": 36,
      "x": 8.5079,
      "z": 4.7628,
      "roi_min_depth_m": 0.3326
    },
    {
      "step": 37,
      "x": 8.5078,
      "z": 4.7692,
      "roi_min_depth_m": 0.3323
    },
    {
      "step": 38,
      "x": 8.5078,
      "z": 4.7757,
      "roi_min_depth_m": 0.3329
    },
    {
      "step": 39,
      "x": 8.5078,
      "z": 4.7823,
      "roi_min_depth_m": 0.3327
    },
    {
      "step": 40,
      "x": 8.5077,
      "z": 4.7887,
      "roi_min_depth_m": 0.3323
    },
    {
      "step": 41,
      "x": 8.5077,
      "z": 4.7953,
      "roi_min_depth_m": 0.3327
    },
    {
      "step": 42,
      "x": 8.5077,
      "z": 4.802,
      "roi_min_depth_m": 0.3327
    },
    {
      "step": 43,
      "x": 8.5077,
      "z": 4.8087,
      "roi_min_depth_m": 0.3324
    },
    {
      "step": 44,
      "x": 8.5077,
      "z": 4.8154,
      "roi_min_depth_m": 0.3332
    },
    {
      "step": 45,
      "x": 8.5078,
      "z": 4.8222,
      "roi_min_depth_m": 0.3331
    },
    {
      "step": 46,
      "x": 8.5077,
      "z": 4.8289,
      "roi_min_depth_m": 0.3313
    },
    {
      "step": 47,
      "x": 8.5078,
      "z": 4.8356,
      "roi_min_depth_m": 0.3345
    },
    {
      "step": 48,
      "x": 8.5078,
      "z": 4.8421,
      "roi_min_depth_m": 0.3329
    },
    {
      "step": 49,
      "x": 8.508,