{
  "phases": {
    "settle": {
      "teammate/A3_Compact": {
        "drift_m": 0.021089160145985383,
        "path_m": 0.04001075314629466,
        "jitter_ratio": 1.8972188967852883,
        "max_step_m": 0.0035562370767382007
      },
      "teammate/A5_Coupe": {
        "drift_m": 0.009674319008608977,
        "path_m": 0.15766151839870873,
        "jitter_ratio": 16.296911261496444,
        "max_step_m": 0.0027205005602320607
      },
      "teammate/A6_Hatchback": {
        "drift_m": 0.05877404024741535,
        "path_m": 0.06345764868894148,
        "jitter_ratio": 1.0796883866041878,
        "max_step_m": 0.00434375354154188
      },
      "teammate/B3_Minivan": {
        "drift_m": 0.021544267871446074,
        "path_m": 0.0276256321791136,
        "jitter_ratio": 1.2822729620683713,
        "max_step_m": 0.0026244216773991702
      },
      "teammate/B5_Pickup": {
        "drift_m": 0.07815344294445907,
        "path_m": 0.08710089734783062,
        "jitter_ratio": 1.1144857355770006,
        "max_step_m": 0.003325202498835693
      },
      "teammate/B7_Sedan": {
        "drift_m": 0.07507125944277845,
        "path_m": 0.08120390853045004,
        "jitter_ratio": 1.081691037731238,
        "max_step_m": 0.002385038320475938
      },
      "teammate/H1_SUV": {
        "drift_m": 0.05345439910888672,
        "path_m": 0.053508758544921875,
        "jitter_ratio": 1.0010169310092594,
        "max_step_m": 0.00353240966796875
      },
      "teammate/H2_Wagon": {
        "drift_m": 0.07363271713256836,
        "path_m": 0.07489824295043945,
        "jitter_ratio": 1.017187004189899,
        "max_step_m": 0.00562286376953125
      },
      "teammate/H3_Sport": {
        "drift_m": 0.02421038976104447,
        "path_m": 0.02425947807740653,
        "jitter_ratio": 1.0020275723293413,
        "max_step_m": 0.002660774458833702
      },
      "teammate/H4_Offroad": {
        "drift_m": 0.0710592269897461,
        "path_m": 0.07470130920410156,
        "jitter_ratio": 1.051254177235576,
        "max_step_m": 0.0041980743408203125
      },
      "teammate/H5_Hatchback": {
        "drift_m": 0.06857392191886902,
        "path_m": 0.0714445412158966,
        "jitter_ratio": 1.0418616759359902,
        "max_step_m": 0.0057964324951171875
      },
      "teammate/H6_Minivan": {
        "drift_m": 0.0729539458208151,
        "path_m": 0.07928551393985263,
        "jitter_ratio": 1.0867885629461185,
        "max_step_m": 0.005340576177196844
      },
      "test/Sedan": {
        "drift_m": 9.578560996048568e-07,
        "path_m": 1.749614325073395e-05,
        "jitter_ratio": 0.1749614325073395,
        "max_step_m": 1.9680818296788998e-06
      },
      "robot/base_link": {
        "drift_m": 2.6985325120529254e-06,
        "path_m": 0.00011438201085139264,
        "jitter_ratio": 1.1438201085139263,
        "max_step_m": 9.839258993231736e-06
      }
    },
    "arm_window": {
      "teammate/A3_Compact": {
        "drift_m": 0.0016760535570122736,
        "path_m": 0.0174849279781869,
        "jitter_ratio": 10.432201229509314,
        "max_step_m": 0.0024339937775427504
      },
      "teammate/A5_Coupe": {
        "drift_m": 0.014076147912706996,
        "path_m": 0.29834384425703275,
        "jitter_ratio": 21.194992131882053,
        "max_step_m": 0.002676939165141426
      },
      "teammate/A6_Hatchback": {
        "drift_m": 0.011249186464847292,
        "path_m": 0.011493634225637308,
        "jitter_ratio": 1.0217302612552377,
        "max_step_m": 0.0021799944337463706
      },
      "teammate/B3_Minivan": {
        "drift_m": 0.005715067785805012,
        "path_m": 0.026848636025413503,
        "jitter_ratio": 4.6978683423667675,
        "max_step_m": 0.0022977835510731934
      },
      "teammate/B5_Pickup": {
        "drift_m": 0.008436213599323042,
        "path_m": 0.020540195331918695,
        "jitter_ratio": 2.434764730656764,
        "max_step_m": 0.0010279151049745667
      },
      "teammate/B7_Sedan": {
        "drift_m": 0.0,
        "path_m": 0.0,
        "jitter_ratio": 0.0,
        "max_step_m": 0.0
      },
      "teammate/H1_SUV": {
        "drift_m": 0.0,
        "path_m": 0.0,
        "jitter_ratio": 0.0,
        "max_step_m": 0.0
      },
      "teammate/H2_Wagon": {
        "drift_m": 0.0,
        "path_m": 0.0,
        "jitter_ratio": 0.0,
        "max_step_m": 0.0
      },
      "teammate/H3_Sport": {
        "drift_m": 0.0,
        "path_m": 0.0,
        "jitter_ratio": 0.0,
        "max_step_m": 0.0
      },
      "teammate/H4_Offroad": {
        "drift_m": 0.0,
        "path_m": 0.0,
        "jitter_ratio": 0.0,
        "max_step_m": 0.0
      },
      "teammate/H5_Hatchback": {
        "drift_m": 0.0,
        "path_m": 0.0,
        "jitter_ratio": 0.0,
        "max_step_m": 0.0
      },
      "teammate/H6_Minivan": {
        "drift_m": 0.0,
        "path_m": 0.0,
        "jitter_ratio": 0.0,
        "max_step_m": 0.0
      },
      "test/Sedan": {
        "drift_m": 0.0,
        "path_m": 0.0,
        "jitter_ratio": 0.0,
        "max_step_m": 0.0
      },
      "robot/base_link": {
        "drift_m": 0.0,
        "path_m": 0.0,
        "jitter_ratio": 0.0,
        "max_step_m": 0.0
      }
    },
    "hold": {
      "teammate/A3_Compact": {
        "drift_m": 0.00048542176400505273,
        "path_m": 0.01848795678539618,
        "jitter_ratio": 38.08637798366976,
        "max_step_m": 0.0023716148324617724
      },
      "teammate/A5_Coupe": {
        "drift_m": 0.014521746224933815,
        "path_m": 0.3016994828777189,
        "jitter_ratio": 20.775702742945708,
        "max_step_m": 0.002709327281969738
      },
      "teammate/A6_Hatchback": {
        "drift_m": 0.0,
        "path_m": 0.0,
        "jitter_ratio": 0.0,
        "max_step_m": 0.0
      },
      "teammate/B3_Minivan": {
        "drift_m": 0.0021012419530341106,
        "path_m": 0.02323781979890086,
        "jitter_ratio": 11.059088062346348,
        "max_step_m": 0.002187974097425377
      },
      "teammate/B5_Pickup": {
        "drift_m": 0.0,
        "path_m": 0.0,
        "jitter_ratio": 0.0,
        "max_step_m": 0.0
      },
      "teammate/B7_Sedan": {
        "drift_m": 0.0,
        "path_m": 0.0,
        "jitter_ratio": 0.0,
        "max_step_m": 0.0
      },
      "teammate/H1_SUV": {
        "drift_m": 0.0,
        "path_m": 0.0,
        "jitter_ratio": 0.0,
        "max_step_m": 0.0
      },
      "teammate/H2_Wagon": {
        "drift_m": 0.0,
        "path_m": 0.0,
        "jitter_ratio": 0.0,
        "max_step_m": 0.0
      },
      "teammate/H3_Sport": {
        "drift_m": 0.0,
        "path_m": 0.0,
        "jitter_ratio": 0.0,
        "max_step_m": 0.0
      },
      "teammate/H4_Offroad": {
        "drift_m": 0.0,
        "path_m": 0.0,
        "jitter_ratio": 0.0,
        "max_step_m": 0.0
      },
      "teammate/H5_Hatchback": {
        "drift_m": 0.0,
        "path_m": 0.0,
        "jitter_ratio": 0.0,
        "max_step_m": 0.0
      },
      "teammate/H6_Minivan": {
        "drift_m": 0.0,
        "path_m": 0.0,
        "jitter_ratio": 0.0,
        "max_step_m": 0.0
      },
      "test/Sedan": {
        "drift_m": 0.0,
        "path_m": 0.0,
        "jitter_ratio": 0.0,
        "max_step_m": 0.0
      },
      "robot/base_link": {
        "drift_m": 0.0,
        "path_m": 0.0,
        "jitter_ratio": 0.0,
        "max_step_m": 0.0
      }
    }
  },
  "note": "\ud314 \ubbf8\uad6c\ub3d9 \uc870\uac74. \uc21c\uc218 \uc815\ucc29/\uc811\ucd09 \ub5a8\ub9bc\ub9cc \uce21\uc815."
}