{
  "marker": {
    "id": 2,
    "label": "A3",
    "world": [
      -5.1,
      2.5
    ]
  },
  "align_yaw_deg": 0.0,
  "T_cam_marker_tvec": [
    -0.0007000761542776224,
    -0.08649914264022521,
    0.32917553030866903
  ],
  "reproj_px": 0.5240932039858737,
  "marker_fix": {
    "x": -5.094796734263271,
    "z": 1.2477343392919784,
    "yaw": -0.2701268296842294
  },
  "odometry": {
    "x": -5.069993228912353,
    "z": 1.2300015497207641,
    "yaw": 1.4998044839726157
  },
  "fused": {
    "x": -5.082394981587813,
    "z": 1.2388679445063713,
    "yaw": 0.6148388271441831
  },
  "ground_truth": {
    "x": -5.0999932289123535,
    "z": 1.2500015497207642,
    "yaw": -0.00019551602738422194
  },
  "marker_pos_err_cm": 0.5669550226105793,
  "marker_yaw_err_deg": 0.26993131365685485,
  "fused_pos_err_cm": 2.082439612487396
}