{
  "passed": true,
  "robot": "/home/rokey/cobot3_ws/isaacpjt/hwia_parking_robot_final_caster_package/hwia_parking_robot_final_caster.usd",
  "strafe_pattern": {
    "wheel_fl": -1.0,
    "wheel_fr": 1.0,
    "wheel_rl": 1.0,
    "wheel_rr": -1.0
  },
  "start_xyz_m": [
    -2.2758635509489977e-07,
    0.00012947246432304382,
    -1.3949188826245518e-07
  ],
  "end_xyz_m": [
    -4.373947620391846,
    0.0005380995571613312,
    0.11708740144968033
  ],
  "lateral_world_x_m": -4.373947392805491,
  "forward_world_z_m": 0.11708754094156859,
  "vertical_world_y_m": 0.00040862709283828735,
  "checks": {
    "lateral_moved": true,
    "stayed_straight": true,
    "stayed_upright": true
  }
}