{
  "rgba_frame_shape": [
    480,
    640,
    4
  ],
  "depth_frame_shape": [
    480,
    640
  ],
  "depth_axis_order": "height_width",
  "finite_fraction": 0.8729166666666667,
  "depth_min_m": 0.07808715105056763,
  "depth_max_m": 7.259931564331055,
  "depth_mean_m": 0.36598046933654205,
  "roi_min_depth_m": 0.07808715105056763,
  "ok": true
}