{
  "passed": false,
  "keep_drivetrain": true,
  "target_vehicle": "B5_Pickup",
  "target_root": "/World/Parking/ParkingVehicles/Parked/B5_Pickup",
  "sphere_wheels": false,
  "convex_wheels": false,
  "convex_hull_wheels": false,
  "carry_mode_requested": "real",
  "used_guided_fallback": true,
  "car_before_grab_xyz_m": [
    1.7143158912658691,
    -0.013592779636383057,
    -6.193248271942139
  ],
  "car_after_grab_xyz_m": [
    1.7188440561294556,
    -0.013235688209533691,
    -6.1906328201293945
  ],
  "car_final_xyz_m": [
    1.728148341178894,
    -0.022413671016693115,
    -5.195563316345215
  ],
  "real_drive_forward_m": 0.01654815673828125,
  "total_forward_m": 0.9950695037841797,
  "carry_target_m": 1.0,
  "car_lift_m": 0.00035709142684936523,
  "grip_path_m": 0.04959572990143453,
  "grip_drift_m": 0.0053060612513428,
  "grip_jitter_ratio": 9.346995360990864,
  "parked_max_drift_m": 0.42539385934191964,
  "parked_worst_vehicle": "A5_Coupe",
  "parked_count": 11,
  "robot_carry_m": 0.5086283683776855,
  "robot_carry_per_robot_m": {
    "rear": 4.76837158203125e-06,
    "front": 1.017251968383789
  },
  "carry_follow_ratio": 0.03253486782709945,
  "checks": {
    "carried_far_enough": true,
    "car_upright": true,
    "finite": true,
    "real_drive_no_fallback": false,
    "car_actually_lifted": false,
    "car_followed_robot": false
  }
}