[0.005s] Invoking command in '/home/rokey/p3/cobot_ws/build/parking_robot_interfaces': CMAKE_PREFIX_PATH=/opt/ros/humble /usr/bin/cmake /home/rokey/p3/cobot_ws/src/parking_robot_interfaces -DCMAKE_INSTALL_PREFIX=/home/rokey/p3/cobot_ws/install/parking_robot_interfaces
[0.010s] -- Found ament_cmake: 1.3.14 (/opt/ros/humble/share/ament_cmake/cmake)
[0.063s] -- Override CMake install command with custom implementation using symlinks instead of copying resources
[0.066s] -- Found rosidl_default_generators: 1.2.1 (/opt/ros/humble/share/rosidl_default_generators/cmake)
[0.066s] -- Using all available rosidl_typesupport_c: rosidl_typesupport_fastrtps_c;rosidl_typesupport_introspection_c
[0.067s] -- Found rosidl_adapter: 3.1.8 (/opt/ros/humble/share/rosidl_adapter/cmake)
[0.080s] -- Using all available rosidl_typesupport_cpp: rosidl_typesupport_fastrtps_cpp;rosidl_typesupport_introspection_cpp
[0.091s] -- Found geometry_msgs: 4.9.1 (/opt/ros/humble/share/geometry_msgs/cmake)
[0.296s] -- Found ament_cmake_ros: 0.10.0 (/opt/ros/humble/share/ament_cmake_ros/cmake)
[0.408s] -- Using all available rosidl_typesupport_c: rosidl_typesupport_fastrtps_c;rosidl_typesupport_introspection_c
[0.555s] -- Using all available rosidl_typesupport_cpp: rosidl_typesupport_fastrtps_cpp;rosidl_typesupport_introspection_cpp
[0.566s] -- Found python_cmake_module: 0.10.0 (/opt/ros/humble/share/python_cmake_module/cmake)
[0.578s] -- Using PYTHON_EXECUTABLE: /usr/bin/python3
[0.578s] -- Using PYTHON_INCLUDE_DIRS: /usr/include/python3.10
[0.578s] -- Using PYTHON_LIBRARIES: /usr/lib/x86_64-linux-gnu/libpython3.10.so
[0.634s] -- Configuring done
[0.661s] -- Generating done
[0.667s] -- Build files have been written to: /home/rokey/p3/cobot_ws/build/parking_robot_interfaces
[0.673s] Invoked command in '/home/rokey/p3/cobot_ws/build/parking_robot_interfaces' returned '0': CMAKE_PREFIX_PATH=/opt/ros/humble /usr/bin/cmake /home/rokey/p3/cobot_ws/src/parking_robot_interfaces -DCMAKE_INSTALL_PREFIX=/home/rokey/p3/cobot_ws/install/parking_robot_interfaces
[0.673s] Invoking command in '/home/rokey/p3/cobot_ws/build/parking_robot_interfaces': CMAKE_PREFIX_PATH=/opt/ros/humble /usr/bin/cmake --build /home/rokey/p3/cobot_ws/build/parking_robot_interfaces -- -j24 -l24
[0.696s] [  0%] Generating C code for ROS interfaces
[0.702s] [  1%] Generating Rust code for ROS interfaces
[0.703s] [  1%] Generating C++ code for ROS interfaces
[0.705s] [  1%] Built target ament_cmake_python_symlink_parking_robot_interfaces
[0.803s] running egg_info
[0.803s] writing parking_robot_interfaces.egg-info/PKG-INFO
[0.803s] writing dependency_links to parking_robot_interfaces.egg-info/dependency_links.txt
[0.803s] writing top-level names to parking_robot_interfaces.egg-info/top_level.txt
[0.803s] reading manifest file 'parking_robot_interfaces.egg-info/SOURCES.txt'
[0.803s] writing manifest file 'parking_robot_interfaces.egg-info/SOURCES.txt'
[0.816s] [  1%] Built target ament_cmake_python_build_parking_robot_interfaces_egg
[1.078s] [  1%] Built target parking_robot_interfaces__rs
[1.643s] Consolidate compiler generated dependencies of target parking_robot_interfaces__rosidl_generator_c
[1.651s] [  2%] Building C object CMakeFiles/parking_robot_interfaces__rosidl_generator_c.dir/rosidl_generator_c/parking_robot_interfaces/msg/detail/vehicle_info__functions.c.o
[1.653s] [  3%] Building C object CMakeFiles/parking_robot_interfaces__rosidl_generator_c.dir/rosidl_generator_c/parking_robot_interfaces/msg/detail/formation_stop__functions.c.o
[1.653s] [  3%] Building C object CMakeFiles/parking_robot_interfaces__rosidl_generator_c.dir/rosidl_generator_c/parking_robot_interfaces/msg/detail/obstacle_alert__functions.c.o
[1.653s] [  5%] Building C object CMakeFiles/parking_robot_interfaces__rosidl_generator_c.dir/rosidl_generator_c/parking_robot_interfaces/msg/detail/task_state__functions.c.o
[1.654s] [  5%] Building C object CMakeFiles/parking_robot_interfaces__rosidl_generator_c.dir/rosidl_generator_c/parking_robot_interfaces/msg/detail/formation_assignment__functions.c.o
[1.654s] [  6%] Building C object CMakeFiles/parking_robot_interfaces__rosidl_generator_c.dir/rosidl_generator_c/parking_robot_interfaces/srv/detail/park_in_slot__functions.c.o
[1.657s] [  6%] Building C object CMakeFiles/parking_robot_interfaces__rosidl_generator_c.dir/rosidl_generator_c/parking_robot_interfaces/srv/detail/find_empty_slot__functions.c.o
[1.658s] [  6%] Building C object CMakeFiles/parking_robot_interfaces__rosidl_generator_c.dir/rosidl_generator_c/parking_robot_interfaces/srv/detail/get_slot_info__functions.c.o
[1.662s] [  7%] Building C object CMakeFiles/parking_robot_interfaces__rosidl_generator_c.dir/rosidl_generator_c/parking_robot_interfaces/srv/detail/request_parking_task__functions.c.o
[1.663s] [  8%] Building C object CMakeFiles/parking_robot_interfaces__rosidl_generator_c.dir/rosidl_generator_c/parking_robot_interfaces/srv/detail/get_task_status__functions.c.o
[1.663s] [  8%] Building C object CMakeFiles/parking_robot_interfaces__rosidl_generator_c.dir/rosidl_generator_c/parking_robot_interfaces/srv/detail/acquire_zones__functions.c.o
[1.663s] [  9%] Building C object CMakeFiles/parking_robot_interfaces__rosidl_generator_c.dir/rosidl_generator_c/parking_robot_interfaces/srv/detail/release_zones__functions.c.o
[1.664s] [ 10%] Building C object CMakeFiles/parking_robot_interfaces__rosidl_generator_c.dir/rosidl_generator_c/parking_robot_interfaces/action/detail/execute_parking_task__functions.c.o
[1.667s] [ 10%] Building C object CMakeFiles/parking_robot_interfaces__rosidl_generator_c.dir/rosidl_generator_c/parking_robot_interfaces/action/detail/detect_vehicle__functions.c.o
[1.668s] [ 11%] Building C object CMakeFiles/parking_robot_interfaces__rosidl_generator_c.dir/rosidl_generator_c/parking_robot_interfaces/action/detail/align_vehicle__functions.c.o
[1.679s] [ 12%] Building C object CMakeFiles/parking_robot_interfaces__rosidl_generator_c.dir/rosidl_generator_c/parking_robot_interfaces/action/detail/ingress_under_truck__functions.c.o
[1.679s] [ 12%] Building C object CMakeFiles/parking_robot_interfaces__rosidl_generator_c.dir/rosidl_generator_c/parking_robot_interfaces/action/detail/control_lift__functions.c.o
[1.683s] [ 12%] Built target parking_robot_interfaces__cpp
[1.690s] [ 14%] Generating C++ type support for eProsima Fast-RTPS
[1.691s] [ 14%] Generating C++ introspection for ROS interfaces
[1.691s] [ 15%] Generating C++ type support dispatch for ROS interfaces
[1.752s] [ 16%] Linking C shared library libparking_robot_interfaces__rosidl_generator_c.so
[1.778s] [ 16%] Built target parking_robot_interfaces__rosidl_generator_c
[1.785s] [ 17%] Generating C introspection for ROS interfaces
[1.785s] [ 19%] Generating C type support dispatch for ROS interfaces
[1.785s] [ 19%] Generating C type support for eProsima Fast-RTPS
[2.221s] Consolidate compiler generated dependencies of target parking_robot_interfaces__rosidl_typesupport_cpp
[2.232s] [ 21%] Building CXX object CMakeFiles/parking_robot_interfaces__rosidl_typesupport_cpp.dir/rosidl_typesupport_cpp/parking_robot_interfaces/msg/vehicle_info__type_support.cpp.o
[2.232s] [ 21%] Building CXX object CMakeFiles/parking_robot_interfaces__rosidl_typesupport_cpp.dir/rosidl_typesupport_cpp/parking_robot_interfaces/msg/task_state__type_support.cpp.o
[2.232s] [ 21%] Building CXX object CMakeFiles/parking_robot_interfaces__rosidl_typesupport_cpp.dir/rosidl_typesupport_cpp/parking_robot_interfaces/msg/obstacle_alert__type_support.cpp.o
[2.232s] [ 21%] Building CXX object CMakeFiles/parking_robot_interfaces__rosidl_typesupport_cpp.dir/rosidl_typesupport_cpp/parking_robot_interfaces/msg/formation_stop__type_support.cpp.o
[2.232s] [ 21%] Building CXX object CMakeFiles/parking_robot_interfaces__rosidl_typesupport_cpp.dir/rosidl_typesupport_cpp/parking_robot_interfaces/srv/find_empty_slot__type_support.cpp.o
[2.232s] [ 22%] Building CXX object CMakeFiles/parking_robot_interfaces__rosidl_typesupport_cpp.dir/rosidl_typesupport_cpp/parking_robot_interfaces/msg/formation_assignment__type_support.cpp.o
[2.232s] [ 23%] Building CXX object CMakeFiles/parking_robot_interfaces__rosidl_typesupport_cpp.dir/rosidl_typesupport_cpp/parking_robot_interfaces/srv/get_slot_info__type_support.cpp.o
[2.232s] [ 24%] Building CXX object CMakeFiles/parking_robot_interfaces__rosidl_typesupport_cpp.dir/rosidl_typesupport_cpp/parking_robot_interfaces/srv/park_in_slot__type_support.cpp.o
[2.232s] [ 25%] Building CXX object CMakeFiles/parking_robot_interfaces__rosidl_typesupport_cpp.dir/rosidl_typesupport_cpp/parking_robot_interfaces/srv/get_task_status__type_support.cpp.o
[2.232s] [ 25%] Building CXX object CMakeFiles/parking_robot_interfaces__rosidl_typesupport_cpp.dir/rosidl_typesupport_cpp/parking_robot_interfaces/srv/request_parking_task__type_support.cpp.o
[2.233s] [ 25%] Building CXX object CMakeFiles/parking_robot_interfaces__rosidl_typesupport_cpp.dir/rosidl_typesupport_cpp/parking_robot_interfaces/srv/release_zones__type_support.cpp.o
[2.233s] [ 26%] Building CXX object CMakeFiles/parking_robot_interfaces__rosidl_typesupport_cpp.dir/rosidl_typesupport_cpp/parking_robot_interfaces/srv/acquire_zones__type_support.cpp.o
[2.233s] [ 27%] Building CXX object CMakeFiles/parking_robot_interfaces__rosidl_typesupport_cpp.dir/rosidl_typesupport_cpp/parking_robot_interfaces/action/execute_parking_task__type_support.cpp.o
[2.248s] [ 27%] Building CXX object CMakeFiles/parking_robot_interfaces__rosidl_typesupport_cpp.dir/rosidl_typesupport_cpp/parking_robot_interfaces/action/detect_vehicle__type_support.cpp.o
[2.249s] [ 27%] Building CXX object CMakeFiles/parking_robot_interfaces__rosidl_typesupport_cpp.dir/rosidl_typesupport_cpp/parking_robot_interfaces/action/ingress_under_truck__type_support.cpp.o
[2.249s] [ 28%] Building CXX object CMakeFiles/parking_robot_interfaces__rosidl_typesupport_cpp.dir/rosidl_typesupport_cpp/parking_robot_interfaces/action/control_lift__type_support.cpp.o
[2.249s] [ 29%] Building CXX object CMakeFiles/parking_robot_interfaces__rosidl_typesupport_cpp.dir/rosidl_typesupport_cpp/parking_robot_interfaces/action/align_vehicle__type_support.cpp.o
[2.344s] Consolidate compiler generated dependencies of target parking_robot_interfaces__rosidl_typesupport_c
[2.354s] [ 30%] Building CXX object CMakeFiles/parking_robot_interfaces__rosidl_typesupport_c.dir/rosidl_typesupport_c/parking_robot_interfaces/msg/vehicle_info__type_support.cpp.o
[2.354s] [ 30%] Building CXX object CMakeFiles/parking_robot_interfaces__rosidl_typesupport_c.dir/rosidl_typesupport_c/parking_robot_interfaces/msg/task_state__type_support.cpp.o
[2.367s] [ 31%] Building CXX object CMakeFiles/parking_robot_interfaces__rosidl_typesupport_c.dir/rosidl_typesupport_c/parking_robot_interfaces/msg/formation_stop__type_support.cpp.o
[2.367s] [ 31%] Building CXX object CMakeFiles/parking_robot_interfaces__rosidl_typesupport_c.dir/rosidl_typesupport_c/parking_robot_interfaces/msg/obstacle_alert__type_support.cpp.o
[2.367s] [ 32%] Building CXX object CMakeFiles/parking_robot_interfaces__rosidl_typesupport_c.dir/rosidl_typesupport_c/parking_robot_interfaces/msg/formation_assignment__type_support.cpp.o
[2.380s] [ 32%] Building CXX object CMakeFiles/parking_robot_interfaces__rosidl_typesupport_c.dir/rosidl_typesupport_c/parking_robot_interfaces/srv/find_empty_slot__type_support.cpp.o
[2.380s] [ 33%] Building CXX object CMakeFiles/parking_robot_interfaces__rosidl_typesupport_c.dir/rosidl_typesupport_c/parking_robot_interfaces/srv/park_in_slot__type_support.cpp.o
[2.384s] [ 34%] Building CXX object CMakeFiles/parking_robot_interfaces__rosidl_typesupport_c.dir/rosidl_typesupport_c/parking_robot_interfaces/srv/get_slot_info__type_support.cpp.o
[2.389s] [ 34%] Building CXX object CMakeFiles/parking_robot_interfaces__rosidl_typesupport_c.dir/rosidl_typesupport_c/parking_robot_interfaces/srv/request_parking_task__type_support.cpp.o
[2.394s] [ 35%] Building CXX object CMakeFiles/parking_robot_interfaces__rosidl_typesupport_c.dir/rosidl_typesupport_c/parking_robot_interfaces/srv/get_task_status__type_support.cpp.o
[2.394s] [ 35%] Building CXX object CMakeFiles/parking_robot_interfaces__rosidl_typesupport_c.dir/rosidl_typesupport_c/parking_robot_interfaces/srv/acquire_zones__type_support.cpp.o
[2.397s] [ 36%] Building CXX object CMakeFiles/parking_robot_interfaces__rosidl_typesupport_c.dir/rosidl_typesupport_c/parking_robot_interfaces/action/execute_parking_task__type_support.cpp.o
[2.397s] [ 37%] Building CXX object CMakeFiles/parking_robot_interfaces__rosidl_typesupport_c.dir/rosidl_typesupport_c/parking_robot_interfaces/srv/release_zones__type_support.cpp.o
[2.398s] [ 37%] Building CXX object CMakeFiles/parking_robot_interfaces__rosidl_typesupport_c.dir/rosidl_typesupport_c/parking_robot_interfaces/action/detect_vehicle__type_support.cpp.o
[2.399s] [ 38%] Building CXX object CMakeFiles/parking_robot_interfaces__rosidl_typesupport_c.dir/rosidl_typesupport_c/parking_robot_interfaces/action/align_vehicle__type_support.cpp.o
[2.400s] [ 39%] Building CXX object CMakeFiles/parking_robot_interfaces__rosidl_typesupport_c.dir/rosidl_typesupport_c/parking_robot_interfaces/action/control_lift__type_support.cpp.o
[2.400s] [ 39%] Building CXX object CMakeFiles/parking_robot_interfaces__rosidl_typesupport_c.dir/rosidl_typesupport_c/parking_robot_interfaces/action/ingress_under_truck__type_support.cpp.o
[2.430s] Consolidate compiler generated dependencies of target parking_robot_interfaces__rosidl_typesupport_introspection_cpp
[2.431s] [ 40%] Linking CXX shared library libparking_robot_interfaces__rosidl_typesupport_c.so
[2.439s] [ 42%] Building CXX object CMakeFiles/parking_robot_interfaces__rosidl_typesupport_introspection_cpp.dir/rosidl_typesupport_introspection_cpp/parking_robot_interfaces/msg/detail/task_state__type_support.cpp.o
[2.440s] [ 42%] Building CXX object CMakeFiles/parking_robot_interfaces__rosidl_typesupport_introspection_cpp.dir/rosidl_typesupport_introspection_cpp/parking_robot_interfaces/msg/detail/vehicle_info__type_support.cpp.o
[2.440s] [ 42%] Building CXX object CMakeFiles/parking_robot_interfaces__rosidl_typesupport_introspection_cpp.dir/rosidl_typesupport_introspection_cpp/parking_robot_interfaces/msg/detail/obstacle_alert__type_support.cpp.o
[2.440s] [ 42%] Building CXX object CMakeFiles/parking_robot_interfaces__rosidl_typesupport_introspection_cpp.dir/rosidl_typesupport_introspection_cpp/parking_robot_interfaces/msg/detail/formation_stop__type_support.cpp.o
[2.440s] [ 43%] Building CXX object CMakeFiles/parking_robot_interfaces__rosidl_typesupport_introspection_cpp.dir/rosidl_typesupport_introspection_cpp/parking_robot_interfaces/msg/detail/formation_assignment__type_support.cpp.o
[2.440s] [ 43%] Building CXX object CMakeFiles/parking_robot_interfaces__rosidl_typesupport_introspection_cpp.dir/rosidl_typesupport_introspection_cpp/parking_robot_interfaces/srv/detail/find_empty_slot__type_support.cpp.o
[2.442s] [ 44%] Building CXX object CMakeFiles/parking_robot_interfaces__rosidl_typesupport_introspection_cpp.dir/rosidl_typesupport_introspection_cpp/parking_robot_interfaces/srv/detail/park_in_slot__type_support.cpp.o
[2.443s] [ 45%] Building CXX object CMakeFiles/parking_robot_interfaces__rosidl_typesupport_introspection_cpp.dir/rosidl_typesupport_introspection_cpp/parking_robot_interfaces/srv/detail/get_slot_info__type_support.cpp.o
[2.443s] [ 45%] Building CXX object CMakeFiles/parking_robot_interfaces__rosidl_typesupport_introspection_cpp.dir/rosidl_typesupport_introspection_cpp/parking_robot_interfaces/srv/detail/request_parking_task__type_support.cpp.o
[2.443s] [ 46%] Building CXX object CMakeFiles/parking_robot_interfaces__rosidl_typesupport_introspection_cpp.dir/rosidl_typesupport_introspection_cpp/parking_robot_interfaces/srv/detail/get_task_status__type_support.cpp.o
[2.456s] [ 47%] Building CXX object CMakeFiles/parking_robot_interfaces__rosidl_typesupport_introspection_cpp.dir/rosidl_typesupport_introspection_cpp/parking_robot_interfaces/srv/detail/acquire_zones__type_support.cpp.o
[2.458s] [ 48%] Building CXX object CMakeFiles/parking_robot_interfaces__rosidl_typesupport_introspection_cpp.dir/rosidl_typesupport_introspection_cpp/parking_robot_interfaces/action/detail/execute_parking_task__type_support.cpp.o
[2.459s] [ 48%] Building CXX object CMakeFiles/parking_robot_interfaces__rosidl_typesupport_introspection_cpp.dir/rosidl_typesupport_introspection_cpp/parking_robot_interfaces/srv/detail/release_zones__type_support.cpp.o
[2.459s] [ 48%] Building CXX object CMakeFiles/parking_robot_interfaces__rosidl_typesupport_introspection_cpp.dir/rosidl_typesupport_introspection_cpp/parking_robot_interfaces/action/detail/detect_vehicle__type_support.cpp.o
[2.459s] [ 49%] Building CXX object CMakeFiles/parking_robot_interfaces__rosidl_typesupport_introspection_cpp.dir/rosidl_typesupport_introspection_cpp/parking_robot_interfaces/action/detail/align_vehicle__type_support.cpp.o
[2.460s] [ 50%] Building CXX object CMakeFiles/parking_robot_interfaces__rosidl_typesupport_introspection_cpp.dir/rosidl_typesupport_introspection_cpp/parking_robot_interfaces/action/detail/control_lift__type_support.cpp.o
[2.464s] [ 50%] Built target parking_robot_interfaces__rosidl_typesupport_c
[2.470s] [ 50%] Building CXX object CMakeFiles/parking_robot_interfaces__rosidl_typesupport_introspection_cpp.dir/rosidl_typesupport_introspection_cpp/parking_robot_interfaces/action/detail/ingress_under_truck__type_support.cpp.o
[2.548s] [ 51%] Linking CXX shared library libparking_robot_interfaces__rosidl_typesupport_cpp.so
[2.578s] Consolidate compiler generated dependencies of target parking_robot_interfaces__rosidl_typesupport_fastrtps_cpp
[2.582s] [ 51%] Built target parking_robot_interfaces__rosidl_typesupport_cpp
[2.587s] [ 52%] Building CXX object CMakeFiles/parking_robot_interfaces__rosidl_typesupport_fastrtps_cpp.dir/rosidl_typesupport_fastrtps_cpp/parking_robot_interfaces/msg/detail/dds_fastrtps/obstacle_alert__type_support.cpp.o
[2.587s] [ 52%] Building CXX object CMakeFiles/parking_robot_interfaces__rosidl_typesupport_fastrtps_cpp.dir/rosidl_typesupport_fastrtps_cpp/parking_robot_interfaces/msg/detail/dds_fastrtps/vehicle_info__type_support.cpp.o
[2.588s] [ 53%] Building CXX object CMakeFiles/parking_robot_interfaces__rosidl_typesupport_fastrtps_cpp.dir/rosidl_typesupport_fastrtps_cpp/parking_robot_interfaces/msg/detail/dds_fastrtps/task_state__type_support.cpp.o
[2.590s] Consolidate compiler generated dependencies of target parking_robot_interfaces__rosidl_typesupport_introspection_c
[2.595s] [ 53%] Building C object CMakeFiles/parking_robot_interfaces__rosidl_typesupport_introspection_c.dir/rosidl_typesupport_introspection_c/parking_robot_interfaces/msg/detail/vehicle_info__type_support.c.o
[2.596s] [ 53%] Building CXX object CMakeFiles/parking_robot_interfaces__rosidl_typesupport_fastrtps_cpp.dir/rosidl_typesupport_fastrtps_cpp/parking_robot_interfaces/msg/detail/dds_fastrtps/formation_stop__type_support.cpp.o
[2.602s] [ 54%] Building CXX object CMakeFiles/parking_robot_interfaces__rosidl_typesupport_fastrtps_cpp.dir/rosidl_typesupport_fastrtps_cpp/parking_robot_interfaces/msg/detail/dds_fastrtps/formation_assignment__type_support.cpp.o
[2.613s] [ 55%] Building C object CMakeFiles/parking_robot_interfaces__rosidl_typesupport_introspection_c.dir/rosidl_typesupport_introspection_c/parking_robot_interfaces/msg/detail/task_state__type_support.c.o
[2.620s] [ 55%] Building CXX object CMakeFiles/parking_robot_interfaces__rosidl_typesupport_fastrtps_cpp.dir/rosidl_typesupport_fastrtps_cpp/parking_robot_interfaces/srv/detail/dds_fastrtps/find_empty_slot__type_support.cpp.o
[2.631s] [ 55%] Building C object CMakeFiles/parking_robot_interfaces__rosidl_typesupport_introspection_c.dir/rosidl_typesupport_introspection_c/parking_robot_interfaces/msg/detail/obstacle_alert__type_support.c.o
[2.638s] [ 56%] Building C object CMakeFiles/parking_robot_interfaces__rosidl_typesupport_introspection_c.dir/rosidl_typesupport_introspection_c/parking_robot_interfaces/msg/detail/formation_stop__type_support.c.o
[2.641s] [ 57%] Building CXX object CMakeFiles/parking_robot_interfaces__rosidl_typesupport_fastrtps_cpp.dir/rosidl_typesupport_fastrtps_cpp/parking_robot_interfaces/srv/detail/dds_fastrtps/park_in_slot__type_support.cpp.o
[2.645s] [ 58%] Building C object CMakeFiles/parking_robot_interfaces__rosidl_typesupport_introspection_c.dir/rosidl_typesupport_introspection_c/parking_robot_interfaces/msg/detail/formation_assignment__type_support.c.o
[2.647s] [ 58%] Building C object CMakeFiles/parking_robot_interfaces__rosidl_typesupport_introspection_c.dir/rosidl_typesupport_introspection_c/parking_robot_interfaces/srv/detail/find_empty_slot__type_support.c.o
[2.649s] [ 59%] Building C object CMakeFiles/parking_robot_interfaces__rosidl_typesupport_introspection_c.dir/rosidl_typesupport_introspection_c/parking_robot_interfaces/srv/detail/park_in_slot__type_support.c.o
[2.658s] [ 60%] Building C object CMakeFiles/parking_robot_interfaces__rosidl_typesupport_introspection_c.dir/rosidl_typesupport_introspection_c/parking_robot_interfaces/srv/detail/get_slot_info__type_support.c.o
[2.666s] [ 60%] Building C object CMakeFiles/parking_robot_interfaces__rosidl_typesupport_introspection_c.dir/rosidl_typesupport_introspection_c/parking_robot_interfaces/srv/detail/request_parking_task__type_support.c.o
[2.666s] [ 61%] Building C object CMakeFiles/parking_robot_interfaces__rosidl_typesupport_introspection_c.dir/rosidl_typesupport_introspection_c/parking_robot_interfaces/srv/detail/get_task_status__type_support.c.o
[2.673s] [ 61%] Building C object CMakeFiles/parking_robot_interfaces__rosidl_typesupport_introspection_c.dir/rosidl_typesupport_introspection_c/parking_robot_interfaces/srv/detail/acquire_zones__type_support.c.o
[2.678s] [ 63%] Building C object CMakeFiles/parking_robot_interfaces__rosidl_typesupport_introspection_c.dir/rosidl_typesupport_introspection_c/parking_robot_interfaces/srv/detail/release_zones__type_support.c.o
[2.678s] [ 63%] Building CXX object CMakeFiles/parking_robot_interfaces__rosidl_typesupport_fastrtps_cpp.dir/rosidl_typesupport_fastrtps_cpp/parking_robot_interfaces/srv/detail/dds_fastrtps/get_slot_info__type_support.cpp.o
[2.679s] [ 65%] Building CXX object CMakeFiles/parking_robot_interfaces__rosidl_typesupport_fastrtps_cpp.dir/rosidl_typesupport_fastrtps_cpp/parking_robot_interfaces/srv/detail/dds_fastrtps/acquire_zones__type_support.cpp.o
[2.679s] [ 65%] Building C object CMakeFiles/parking_robot_interfaces__rosidl_typesupport_introspection_c.dir/rosidl_typesupport_introspection_c/parking_robot_interfaces/action/detail/execute_parking_task__type_support.c.o
[2.681s] [ 66%] Building CXX object CMakeFiles/parking_robot_interfaces__rosidl_typesupport_fastrtps_cpp.dir/rosidl_typesupport_fastrtps_cpp/parking_robot_interfaces/srv/detail/dds_fastrtps/get_task_status__type_support.cpp.o
[2.681s] [ 66%] Building CXX object CMakeFiles/parking_robot_interfaces__rosidl_typesupport_fastrtps_cpp.dir/rosidl_typesupport_fastrtps_cpp/parking_robot_interfaces/srv/detail/dds_fastrtps/request_parking_task__type_support.cpp.o
[2.687s] Consolidate compiler generated dependencies of target parking_robot_interfaces__rosidl_typesupport_fastrtps_c
[2.690s] [ 66%] Building C object CMakeFiles/parking_robot_interfaces__rosidl_typesupport_introspection_c.dir/rosidl_typesupport_introspection_c/parking_robot_interfaces/action/detail/detect_vehicle__type_support.c.o
[2.695s] [ 66%] Building CXX object CMakeFiles/parking_robot_interfaces__rosidl_typesupport_fastrtps_c.dir/rosidl_typesupport_fastrtps_c/parking_robot_interfaces/msg/detail/vehicle_info__type_support_c.cpp.o
[2.695s] [ 67%] Building C object CMakeFiles/parking_robot_interfaces__rosidl_typesupport_introspection_c.dir/rosidl_typesupport_introspection_c/parking_robot_interfaces/action/detail/align_vehicle__type_support.c.o
[2.698s] [ 68%] Building C object CMakeFiles/parking_robot_interfaces__rosidl_typesupport_introspection_c.dir/rosidl_typesupport_introspection_c/parking_robot_interfaces/action/detail/control_lift__type_support.c.o
[2.704s] [ 68%] Building C object CMakeFiles/parking_robot_interfaces__rosidl_typesupport_introspection_c.dir/rosidl_typesupport_introspection_c/parking_robot_interfaces/action/detail/ingress_under_truck__type_support.c.o
[2.709s] [ 68%] Building CXX object CMakeFiles/parking_robot_interfaces__rosidl_typesupport_fastrtps_cpp.dir/rosidl_typesupport_fastrtps_cpp/parking_robot_interfaces/srv/detail/dds_fastrtps/release_zones__type_support.cpp.o
[2.714s] [ 69%] Building CXX object CMakeFiles/parking_robot_interfaces__rosidl_typesupport_fastrtps_c.dir/rosidl_typesupport_fastrtps_c/parking_robot_interfaces/msg/detail/task_state__type_support_c.cpp.o
[2.716s] [ 69%] Building CXX object CMakeFiles/parking_robot_interfaces__rosidl_typesupport_fastrtps_c.dir/rosidl_typesupport_fastrtps_c/parking_robot_interfaces/msg/detail/obstacle_alert__type_support_c.cpp.o
[2.724s] [ 70%] Building CXX object CMakeFiles/parking_robot_interfaces__rosidl_typesupport_fastrtps_cpp.dir/rosidl_typesupport_fastrtps_cpp/parking_robot_interfaces/action/detail/dds_fastrtps/execute_parking_task__type_support.cpp.o
[2.726s] [ 70%] Building CXX object CMakeFiles/parking_robot_interfaces__rosidl_typesupport_fastrtps_cpp.dir/rosidl_typesupport_fastrtps_cpp/parking_robot_interfaces/action/detail/dds_fastrtps/detect_vehicle__type_support.cpp.o
[2.730s] [ 71%] Building CXX object CMakeFiles/parking_robot_interfaces__rosidl_typesupport_fastrtps_cpp.dir/rosidl_typesupport_fastrtps_cpp/parking_robot_interfaces/action/detail/dds_fastrtps/align_vehicle__type_support.cpp.o
[2.730s] [ 72%] Linking C shared library libparking_robot_interfaces__rosidl_typesupport_introspection_c.so
[2.734s] [ 73%] Building CXX object CMakeFiles/parking_robot_interfaces__rosidl_typesupport_fastrtps_cpp.dir/rosidl_typesupport_fastrtps_cpp/parking_robot_interfaces/action/detail/dds_fastrtps/control_lift__type_support.cpp.o
[2.758s] [ 73%] Built target parking_robot_interfaces__rosidl_typesupport_introspection_c
[2.764s] [ 74%] Building CXX object CMakeFiles/parking_robot_interfaces__rosidl_typesupport_fastrtps_c.dir/rosidl_typesupport_fastrtps_c/parking_robot_interfaces/msg/detail/formation_stop__type_support_c.cpp.o
[2.785s] [ 75%] Building CXX object CMakeFiles/parking_robot_interfaces__rosidl_typesupport_fastrtps_c.dir/rosidl_typesupport_fastrtps_c/parking_robot_interfaces/msg/detail/formation_assignment__type_support_c.cpp.o
[2.797s] [ 75%] Building CXX object CMakeFiles/parking_robot_interfaces__rosidl_typesupport_fastrtps_cpp.dir/rosidl_typesupport_fastrtps_cpp/parking_robot_interfaces/action/detail/dds_fastrtps/ingress_under_truck__type_support.cpp.o
[2.813s] [ 75%] Building CXX object CMakeFiles/parking_robot_interfaces__rosidl_typesupport_fastrtps_c.dir/rosidl_typesupport_fastrtps_c/parking_robot_interfaces/srv/detail/find_empty_slot__type_support_c.cpp.o
[2.825s] [ 77%] Building CXX object CMakeFiles/parking_robot_interfaces__rosidl_typesupport_fastrtps_c.dir/rosidl_typesupport_fastrtps_c/parking_robot_interfaces/srv/detail/get_slot_info__type_support_c.cpp.o
[2.825s] [ 77%] Building CXX object CMakeFiles/parking_robot_interfaces__rosidl_typesupport_fastrtps_c.dir/rosidl_typesupport_fastrtps_c/parking_robot_interfaces/srv/detail/park_in_slot__type_support_c.cpp.o
[2.826s] [ 77%] Building CXX object CMakeFiles/parking_robot_interfaces__rosidl_typesupport_fastrtps_c.dir/rosidl_typesupport_fastrtps_c/parking_robot_interfaces/srv/detail/request_parking_task__type_support_c.cpp.o
[2.827s] [ 78%] Linking CXX shared library libparking_robot_interfaces__rosidl_typesupport_introspection_cpp.so
[2.827s] [ 79%] Building CXX object CMakeFiles/parking_robot_interfaces__rosidl_typesupport_fastrtps_c.dir/rosidl_typesupport_fastrtps_c/parking_robot_interfaces/srv/detail/get_task_status__type_support_c.cpp.o
[2.828s] [ 80%] Building CXX object CMakeFiles/parking_robot_interfaces__rosidl_typesupport_fastrtps_c.dir/rosidl_typesupport_fastrtps_c/parking_robot_interfaces/srv/detail/release_zones__type_support_c.cpp.o
[2.832s] [ 80%] Building CXX object CMakeFiles/parking_robot_interfaces__rosidl_typesupport_fastrtps_c.dir/rosidl_typesupport_fastrtps_c/parking_robot_interfaces/srv/detail/acquire_zones__type_support_c.cpp.o
[2.849s] [ 81%] Building CXX object CMakeFiles/parking_robot_interfaces__rosidl_typesupport_fastrtps_c.dir/rosidl_typesupport_fastrtps_c/parking_robot_interfaces/action/detail/execute_parking_task__type_support_c.cpp.o
[2.862s] [ 81%] Building CXX object CMakeFiles/parking_robot_interfaces__rosidl_typesupport_fastrtps_c.dir/rosidl_typesupport_fastrtps_c/parking_robot_interfaces/action/detail/detect_vehicle__type_support_c.cpp.o
[2.873s] [ 82%] Building CXX object CMakeFiles/parking_robot_interfaces__rosidl_typesupport_fastrtps_c.dir/rosidl_typesupport_fastrtps_c/parking_robot_interfaces/action/detail/align_vehicle__type_support_c.cpp.o
[2.891s] [ 83%] Building CXX object CMakeFiles/parking_robot_interfaces__rosidl_typesupport_fastrtps_c.dir/rosidl_typesupport_fastrtps_c/parking_robot_interfaces/action/detail/control_lift__type_support_c.cpp.o
[2.895s] [ 83%] Built target parking_robot_interfaces__rosidl_typesupport_introspection_cpp
[2.901s] [ 83%] Building CXX object CMakeFiles/parking_robot_interfaces__rosidl_typesupport_fastrtps_c.dir/rosidl_typesupport_fastrtps_c/parking_robot_interfaces/action/detail/ingress_under_truck__type_support_c.cpp.o
[3.060s] [ 84%] Linking CXX shared library libparking_robot_interfaces__rosidl_typesupport_fastrtps_cpp.so
[3.099s] [ 85%] Linking CXX shared library libparking_robot_interfaces__rosidl_typesupport_fastrtps_c.so
[3.103s] [ 85%] Built target parking_robot_interfaces__rosidl_typesupport_fastrtps_cpp
[3.142s] [ 85%] Built target parking_robot_interfaces__rosidl_typesupport_fastrtps_c
[3.152s] [ 85%] Built target parking_robot_interfaces
[3.163s] [ 86%] Generating Python code for ROS interfaces
[4.933s] [ 86%] Built target parking_robot_interfaces__py
[4.946s] Consolidate compiler generated dependencies of target parking_robot_interfaces__rosidl_generator_py
[4.955s] [ 87%] Building C object CMakeFiles/parking_robot_interfaces__rosidl_generator_py.dir/rosidl_generator_py/parking_robot_interfaces/msg/_task_state_s.c.o
[4.955s] [ 87%] Building C object CMakeFiles/parking_robot_interfaces__rosidl_generator_py.dir/rosidl_generator_py/parking_robot_interfaces/msg/_vehicle_info_s.c.o
[4.955s] [ 88%] Building C object CMakeFiles/parking_robot_interfaces__rosidl_generator_py.dir/rosidl_generator_py/parking_robot_interfaces/msg/_obstacle_alert_s.c.o
[4.955s] [ 88%] Building C object CMakeFiles/parking_robot_interfaces__rosidl_generator_py.dir/rosidl_generator_py/parking_robot_interfaces/msg/_formation_stop_s.c.o
[4.955s] [ 88%] Building C object CMakeFiles/parking_robot_interfaces__rosidl_generator_py.dir/rosidl_generator_py/parking_robot_interfaces/srv/_find_empty_slot_s.c.o
[4.955s] [ 90%] Building C object CMakeFiles/parking_robot_interfaces__rosidl_generator_py.dir/rosidl_generator_py/parking_robot_interfaces/srv/_park_in_slot_s.c.o
[4.955s] [ 90%] Building C object CMakeFiles/parking_robot_interfaces__rosidl_generator_py.dir/rosidl_generator_py/parking_robot_interfaces/msg/_formation_assignment_s.c.o
[4.957s] [ 91%] Building C object CMakeFiles/parking_robot_interfaces__rosidl_generator_py.dir/rosidl_generator_py/parking_robot_interfaces/srv/_get_slot_info_s.c.o
[4.957s] [ 91%] Building C object CMakeFiles/parking_robot_interfaces__rosidl_generator_py.dir/rosidl_generator_py/parking_robot_interfaces/srv/_request_parking_task_s.c.o
[4.957s] [ 92%] Building C object CMakeFiles/parking_robot_interfaces__rosidl_generator_py.dir/rosidl_generator_py/parking_robot_interfaces/srv/_get_task_status_s.c.o
[4.958s] [ 92%] Building C object CMakeFiles/parking_robot_interfaces__rosidl_generator_py.dir/rosidl_generator_py/parking_robot_interfaces/srv/_release_zones_s.c.o
[4.958s] [ 93%] Building C object CMakeFiles/parking_robot_interfaces__rosidl_generator_py.dir/rosidl_generator_py/parking_robot_interfaces/srv/_acquire_zones_s.c.o
[4.960s] [ 94%] Building C object CMakeFiles/parking_robot_interfaces__rosidl_generator_py.dir/rosidl_generator_py/parking_robot_interfaces/action/_execute_parking_task_s.c.o
[4.960s] [ 94%] Building C object CMakeFiles/parking_robot_interfaces__rosidl_generator_py.dir/rosidl_generator_py/parking_robot_interfaces/action/_detect_vehicle_s.c.o
[4.960s] [ 95%] Building C object CMakeFiles/parking_robot_interfaces__rosidl_generator_py.dir/rosidl_generator_py/parking_robot_interfaces/action/_align_vehicle_s.c.o
[4.961s] [ 95%] Building C object CMakeFiles/parking_robot_interfaces__rosidl_generator_py.dir/rosidl_generator_py/parking_robot_interfaces/action/_ingress_under_truck_s.c.o
[4.961s] [ 96%] Building C object CMakeFiles/parking_robot_interfaces__rosidl_generator_py.dir/rosidl_generator_py/parking_robot_interfaces/action/_control_lift_s.c.o
[5.041s] [ 97%] Linking C shared library rosidl_generator_py/parking_robot_interfaces/libparking_robot_interfaces__rosidl_generator_py.so
[5.066s] [ 97%] Built target parking_robot_interfaces__rosidl_generator_py
[5.072s] Consolidate compiler generated dependencies of target parking_robot_interfaces__rosidl_typesupport_introspection_c__pyext
[5.072s] Consolidate compiler generated dependencies of target parking_robot_interfaces__rosidl_typesupport_c__pyext
[5.072s] Consolidate compiler generated dependencies of target parking_robot_interfaces__rosidl_typesupport_fastrtps_c__pyext
[5.077s] [ 97%] Building C object CMakeFiles/parking_robot_interfaces__rosidl_typesupport_c__pyext.dir/rosidl_generator_py/parking_robot_interfaces/_parking_robot_interfaces_s.ep.rosidl_typesupport_c.c.o
[5.077s] [ 97%] Building C object CMakeFiles/parking_robot_interfaces__rosidl_typesupport_introspection_c__pyext.dir/rosidl_generator_py/parking_robot_interfaces/_parking_robot_interfaces_s.ep.rosidl_typesupport_introspection_c.c.o
[5.078s] [ 97%] Building C object CMakeFiles/parking_robot_interfaces__rosidl_typesupport_fastrtps_c__pyext.dir/rosidl_generator_py/parking_robot_interfaces/_parking_robot_interfaces_s.ep.rosidl_typesupport_fastrtps_c.c.o
[5.192s] [ 99%] Linking C shared library rosidl_generator_py/parking_robot_interfaces/parking_robot_interfaces_s__rosidl_typesupport_c.cpython-310-x86_64-linux-gnu.so
[5.192s] [ 99%] Linking C shared library rosidl_generator_py/parking_robot_interfaces/parking_robot_interfaces_s__rosidl_typesupport_introspection_c.cpython-310-x86_64-linux-gnu.so
[5.197s] [100%] Linking C shared library rosidl_generator_py/parking_robot_interfaces/parking_robot_interfaces_s__rosidl_typesupport_fastrtps_c.cpython-310-x86_64-linux-gnu.so
[5.219s] [100%] Built target parking_robot_interfaces__rosidl_typesupport_c__pyext
[5.221s] [100%] Built target parking_robot_interfaces__rosidl_typesupport_introspection_c__pyext
[5.226s] [100%] Built target parking_robot_interfaces__rosidl_typesupport_fastrtps_c__pyext
[5.235s] Invoked command in '/home/rokey/p3/cobot_ws/build/parking_robot_interfaces' returned '0': CMAKE_PREFIX_PATH=/opt/ros/humble /usr/bin/cmake --build /home/rokey/p3/cobot_ws/build/parking_robot_interfaces -- -j24 -l24
[5.240s] Invoking command in '/home/rokey/p3/cobot_ws/build/parking_robot_interfaces': CMAKE_PREFIX_PATH=/opt/ros/humble /usr/bin/cmake --install /home/rokey/p3/cobot_ws/build/parking_robot_interfaces
[5.244s] -- Install configuration: ""
[5.244s] -- Execute custom install script
[5.244s] -- Up-to-date symlink: /home/rokey/p3/cobot_ws/install/parking_robot_interfaces/share/ament_index/resource_index/rosidl_interfaces/parking_robot_interfaces
[5.245s] -- Up-to-date symlink: /home/rokey/p3/cobot_ws/install/parking_robot_interfaces/include/parking_robot_interfaces/parking_robot_interfaces/action/align_vehicle.h
[5.245s] -- Up-to-date symlink: /home/rokey/p3/cobot_ws/install/parking_robot_interfaces/include/parking_robot_interfaces/parking_robot_interfaces/action/control_lift.h
[5.245s] -- Up-to-date symlink: /home/rokey/p3/cobot_ws/install/parking_robot_interfaces/include/parking_robot_interfaces/parking_robot_interfaces/action/detail/align_vehicle__functions.h
[5.245s] -- Up-to-date symlink: /home/rokey/p3/cobot_ws/install/parking_robot_interfaces/include/parking_robot_interfaces/parking_robot_interfaces/action/detail/align_vehicle__struct.h
[5.245s] -- Up-to-date symlink: /home/rokey/p3/cobot_ws/install/parking_robot_interfaces/include/parking_robot_interfaces/parking_robot_interfaces/action/detail/align_vehicle__type_support.h
[5.245s] -- Up-to-date symlink: /home/rokey/p3/cobot_ws/install/parking_robot_interfaces/include/parking_robot_interfaces/parking_robot_interfaces/action/detail/control_lift__functions.h
[5.245s] -- Up-to-date symlink: /home/rokey/p3/cobot_ws/install/parking_robot_interfaces/include/parking_robot_interfaces/parking_robot_interfaces/action/detail/control_lift__struct.h
[5.245s] -- Up-to-date symlink: /home/rokey/p3/cobot_ws/install/parking_robot_interfaces/include/parking_robot_interfaces/parking_robot_interfaces/action/detail/control_lift__type_support.h
[5.245s] -- Up-to-date symlink: /home/rokey/p3/cobot_ws/install/parking_robot_interfaces/include/parking_robot_interfaces/parking_robot_interfaces/action/detail/detect_vehicle__functions.h
[5.245s] -- Up-to-date symlink: /home/rokey/p3/cobot_ws/install/parking_robot_interfaces/include/parking_robot_interfaces/parking_robot_interfaces/action/detail/detect_vehicle__struct.h
[5.245s] -- Up-to-date symlink: /home/rokey/p3/cobot_ws/install/parking_robot_interfaces/include/parking_robot_interfaces/parking_robot_interfaces/action/detail/detect_vehicle__type_support.h
[5.245s] -- Up-to-date symlink: /home/rokey/p3/cobot_ws/install/parking_robot_interfaces/include/parking_robot_interfaces/parking_robot_interfaces/action/detail/execute_parking_task__functions.h
[5.245s] -- Up-to-date symlink: /home/rokey/p3/cobot_ws/install/parking_robot_interfaces/include/parking_robot_interfaces/parking_robot_interfaces/action/detail/execute_parking_task__struct.h
[5.245s] -- Up-to-date symlink: /home/rokey/p3/cobot_ws/install/parking_robot_interfaces/include/parking_robot_interfaces/parking_robot_interfaces/action/detail/execute_parking_task__type_support.h
[5.245s] -- Symlinking: /home/rokey/p3/cobot_ws/install/parking_robot_interfaces/include/parking_robot_interfaces/parking_robot_interfaces/action/detail/ingress_under_truck__functions.h
[5.250s] -- Symlinking: /home/rokey/p3/cobot_ws/install/parking_robot_interfaces/include/parking_robot_interfaces/parking_robot_interfaces/action/detail/ingress_under_truck__struct.h
[5.254s] -- Symlinking: /home/rokey/p3/cobot_ws/install/parking_robot_interfaces/include/parking_robot_interfaces/parking_robot_interfaces/action/detail/ingress_under_truck__type_support.h
[5.258s] -- Up-to-date symlink: /home/rokey/p3/cobot_ws/install/parking_robot_interfaces/include/parking_robot_interfaces/parking_robot_interfaces/action/detect_vehicle.h
[5.258s] -- Up-to-date symlink: /home/rokey/p3/cobot_ws/install/parking_robot_interfaces/include/parking_robot_interfaces/parking_robot_interfaces/action/execute_parking_task.h
[5.258s] -- Symlinking: /home/rokey/p3/cobot_ws/install/parking_robot_interfaces/include/parking_robot_interfaces/parking_robot_interfaces/action/ingress_under_truck.h
[5.262s] -- Up-to-date symlink: /home/rokey/p3/cobot_ws/install/parking_robot_interfaces/include/parking_robot_interfaces/parking_robot_interfaces/msg/detail/formation_assignment__functions.h
[5.262s] -- Up-to-date symlink: /home/rokey/p3/cobot_ws/install/parking_robot_interfaces/include/parking_robot_interfaces/parking_robot_interfaces/msg/detail/formation_assignment__struct.h
[5.262s] -- Up-to-date symlink: /home/rokey/p3/cobot_ws/install/parking_robot_interfaces/include/parking_robot_interfaces/parking_robot_interfaces/msg/detail/formation_assignment__type_support.h
[5.262s] -- Up-to-date symlink: /home/rokey/p3/cobot_ws/install/parking_robot_interfaces/include/parking_robot_interfaces/parking_robot_interfaces/msg/detail/formation_stop__functions.h
[5.262s] -- Up-to-date symlink: /home/rokey/p3/cobot_ws/install/parking_robot_interfaces/include/parking_robot_interfaces/parking_robot_interfaces/msg/detail/formation_stop__struct.h
[5.262s] -- Up-to-date symlink: /home/rokey/p3/cobot_ws/install/parking_robot_interfaces/include/parking_robot_interfaces/parking_robot_interfaces/msg/detail/formation_stop__type_support.h
[5.262s] -- Up-to-date symlink: /home/rokey/p3/cobot_ws/install/parking_robot_interfaces/include/parking_robot_interfaces/parking_robot_interfaces/msg/detail/obstacle_alert__functions.h
[5.263s] -- Up-to-date symlink: /home/rokey/p3/cobot_ws/install/parking_robot_interfaces/include/parking_robot_interfaces/parking_robot_interfaces/msg/detail/obstacle_alert__struct.h
[5.263s] -- Up-to-date symlink: /home/rokey/p3/cobot_ws/install/parking_robot_interfaces/include/parking_robot_interfaces/parking_robot_interfaces/msg/detail/obstacle_alert__type_support.h
[5.263s] -- Up-to-date symlink: /home/rokey/p3/cobot_ws/install/parking_robot_interfaces/include/parking_robot_interfaces/parking_robot_interfaces/msg/detail/task_state__functions.h
[5.263s] -- Up-to-date symlink: /home/rokey/p3/cobot_ws/install/parking_robot_interfaces/include/parking_robot_interfaces/parking_robot_interfaces/msg/detail/task_state__struct.h
[5.263s] -- Up-to-date symlink: /home/rokey/p3/cobot_ws/install/parking_robot_interfaces/include/parking_robot_interfaces/parking_robot_interfaces/msg/detail/task_state__type_support.h
[5.263s] -- Up-to-date symlink: /home/rokey/p3/cobot_ws/install/parking_robot_interfaces/include/parking_robot_interfaces/parking_robot_interfaces/msg/detail/vehicle_info__functions.h
[5.263s] -- Up-to-date symlink: /home/rokey/p3/cobot_ws/install/parking_robot_interfaces/include/parking_robot_interfaces/parking_robot_interfaces/msg/detail/vehicle_info__struct.h
[5.263s] -- Up-to-date symlink: /home/rokey/p3/cobot_ws/install/parking_robot_interfaces/include/parking_robot_interfaces/parking_robot_interfaces/msg/detail/vehicle_info__type_support.h
[5.263s] -- Up-to-date symlink: /home/rokey/p3/cobot_ws/install/parking_robot_interfaces/include/parking_robot_interfaces/parking_robot_interfaces/msg/formation_assignment.h
[5.263s] -- Up-to-date symlink: /home/rokey/p3/cobot_ws/install/parking_robot_interfaces/include/parking_robot_interfaces/parking_robot_interfaces/msg/formation_stop.h
[5.263s] -- Up-to-date symlink: /home/rokey/p3/cobot_ws/install/parking_robot_interfaces/include/parking_robot_interfaces/parking_robot_interfaces/msg/obstacle_alert.h
[5.263s] -- Up-to-date symlink: /home/rokey/p3/cobot_ws/install/parking_robot_interfaces/include/parking_robot_interfaces/parking_robot_interfaces/msg/rosidl_generator_c__visibility_control.h
[5.263s] -- Up-to-date symlink: /home/rokey/p3/cobot_ws/install/parking_robot_interfaces/include/parking_robot_interfaces/parking_robot_interfaces/msg/task_state.h
[5.263s] -- Up-to-date symlink: /home/rokey/p3/cobot_ws/install/parking_robot_interfaces/include/parking_robot_interfaces/parking_robot_interfaces/msg/vehicle_info.h
[5.263s] -- Up-to-date symlink: /home/rokey/p3/cobot_ws/install/parking_robot_interfaces/include/parking_robot_interfaces/parking_robot_interfaces/srv/acquire_zones.h
[5.263s] -- Up-to-date symlink: /home/rokey/p3/cobot_ws/install/parking_robot_interfaces/include/parking_robot_interfaces/parking_robot_interfaces/srv/detail/acquire_zones__functions.h
[5.263s] -- Up-to-date symlink: /home/rokey/p3/cobot_ws/install/parking_robot_interfaces/include/parking_robot_interfaces/parking_robot_interfaces/srv/detail/acquire_zones__struct.h
[5.263s] -- Up-to-date symlink: /home/rokey/p3/cobot_ws/install/parking_robot_interfaces/include/parking_robot_interfaces/parking_robot_interfaces/srv/detail/acquire_zones__type_support.h
[5.263s] -- Up-to-date symlink: /home/rokey/p3/cobot_ws/install/parking_robot_interfaces/include/parking_robot_interfaces/parking_robot_interfaces/srv/detail/find_empty_slot__functions.h
[5.263s] -- Up-to-date symlink: /home/rokey/p3/cobot_ws/install/parking_robot_interfaces/include/parking_robot_interfaces/parking_robot_interfaces/srv/detail/find_empty_slot__struct.h
[5.263s] -- Up-to-date symlink: /home/rokey/p3/cobot_ws/install/parking_robot_interfaces/include/parking_robot_interfaces/parking_robot_interfaces/srv/detail/find_empty_slot__type_support.h
[5.264s] -- Up-to-date symlink: /home/rokey/p3/cobot_ws/install/parking_robot_interfaces/include/parking_robot_interfaces/parking_robot_interfaces/srv/detail/get_slot_info__functions.h
[5.264s] -- Up-to-date symlink: /home/rokey/p3/cobot_ws/install/parking_robot_interfaces/include/parking_robot_interfaces/parking_robot_interfaces/srv/detail/get_slot_info__struct.h
[5.264s] -- Up-to-date symlink: /home/rokey/p3/cobot_ws/install/parking_robot_interfaces/include/parking_robot_interfaces/parking_robot_interfaces/srv/detail/get_slot_info__type_support.h
[5.264s] -- Up-to-date symlink: /home/rokey/p3/cobot_ws/install/parking_robot_interfaces/include/parking_robot_interfaces/parking_robot_interfaces/srv/detail/get_task_status__functions.h
[5.264s] -- Up-to-date symlink: /home/rokey/p3/cobot_ws/install/parking_robot_interfaces/include/parking_robot_interfaces/parking_robot_interfaces/srv/detail/get_task_status__struct.h
[5.264s] -- Up-to-date symlink: /home/rokey/p3/cobot_ws/install/parking_robot_interfaces/include/parking_robot_interfaces/parking_robot_interfaces/srv/detail/get_task_status__type_support.h
[5.264s] -- Up-to-date symlink: /home/rokey/p3/cobot_ws/install/parking_robot_interfaces/include/parking_robot_interfaces/parking_robot_interfaces/srv/detail/park_in_slot__functions.h
[5.264s] -- Up-to-date symlink: /home/rokey/p3/cobot_ws/install/parking_robot_interfaces/include/parking_robot_interfaces/parking_robot_interfaces/srv/detail/park_in_slot__struct.h
[5.264s] -- Up-to-date symlink: /home/rokey/p3/cobot_ws/install/parking_robot_interfaces/include/parking_robot_interfaces/parking_robot_interfaces/srv/detail/park_in_slot__type_support.h
[5.264s] -- Up-to-date symlink: /home/rokey/p3/cobot_ws/install/parking_robot_interfaces/include/parking_robot_interfaces/parking_robot_interfaces/srv/detail/release_zones__functions.h
[5.264s] -- Up-to-date symlink: /home/rokey/p3/cobot_ws/install/parking_robot_interfaces/include/parking_robot_interfaces/parking_robot_interfaces/srv/detail/release_zones__struct.h
[5.264s] -- Up-to-date symlink: /home/rokey/p3/cobot_ws/install/parking_robot_interfaces/include/parking_robot_interfaces/parking_robot_interfaces/srv/detail/release_zones__type_support.h
[5.264s] -- Up-to-date symlink: /home/rokey/p3/cobot_ws/install/parking_robot_interfaces/include/parking_robot_interfaces/parking_robot_interfaces/srv/detail/request_parking_task__functions.h
[5.264s] -- Up-to-date symlink: /home/rokey/p3/cobot_ws/install/parking_robot_interfaces/include/parking_robot_interfaces/parking_robot_interfaces/srv/detail/request_parking_task__struct.h
[5.264s] -- Up-to-date symlink: /home/rokey/p3/cobot_ws/install/parking_robot_interfaces/include/parking_robot_interfaces/parking_robot_interfaces/srv/detail/request_parking_task__type_support.h
[5.264s] -- Up-to-date symlink: /home/rokey/p3/cobot_ws/install/parking_robot_interfaces/include/parking_robot_interfaces/parking_robot_interfaces/srv/find_empty_slot.h
[5.264s] -- Up-to-date symlink: /home/rokey/p3/cobot_ws/install/parking_robot_interfaces/include/parking_robot_interfaces/parking_robot_interfaces/srv/get_slot_info.h
[5.264s] -- Up-to-date symlink: /home/rokey/p3/cobot_ws/install/parking_robot_interfaces/include/parking_robot_interfaces/parking_robot_interfaces/srv/get_task_status.h
[5.264s] -- Up-to-date symlink: /home/rokey/p3/cobot_ws/install/parking_robot_interfaces/include/parking_robot_interfaces/parking_robot_interfaces/srv/park_in_slot.h
[5.264s] -- Up-to-date symlink: /home/rokey/p3/cobot_ws/install/parking_robot_interfaces/include/parking_robot_interfaces/parking_robot_interfaces/srv/release_zones.h
[5.264s] -- Up-to-date symlink: /home/rokey/p3/cobot_ws/install/parking_robot_interfaces/include/parking_robot_interfaces/parking_robot_interfaces/srv/request_parking_task.h
[5.264s] -- Up-to-date symlink: /home/rokey/p3/cobot_ws/install/parking_robot_interfaces/share/parking_robot_interfaces/environment/library_path.sh
[5.264s] -- Up-to-date symlink: /home/rokey/p3/cobot_ws/install/parking_robot_interfaces/share/parking_robot_interfaces/environment/library_path.dsv
[5.264s] -- Up-to-date symlink: /home/rokey/p3/cobot_ws/install/parking_robot_interfaces/include/parking_robot_interfaces/parking_robot_interfaces/action/detail/align_vehicle__rosidl_typesupport_fastrtps_c.h
[5.264s] -- Up-to-date symlink: /home/rokey/p3/cobot_ws/install/parking_robot_interfaces/include/parking_robot_interfaces/parking_robot_interfaces/action/detail/control_lift__rosidl_typesupport_fastrtps_c.h
[5.264s] -- Up-to-date symlink: /home/rokey/p3/cobot_ws/install/parking_robot_interfaces/include/parking_robot_interfaces/parking_robot_interfaces/action/detail/detect_vehicle__rosidl_typesupport_fastrtps_c.h
[5.264s] -- Up-to-date symlink: /home/rokey/p3/cobot_ws/install/parking_robot_interfaces/include/parking_robot_interfaces/parking_robot_interfaces/action/detail/execute_parking_task__rosidl_typesupport_fastrtps_c.h
[5.264s] -- Symlinking: /home/rokey/p3/cobot_ws/install/parking_robot_interfaces/include/parking_robot_interfaces/parking_robot_interfaces/action/detail/ingress_under_truck__rosidl_typesupport_fastrtps_c.h
[5.269s] -- Up-to-date symlink: /home/rokey/p3/cobot_ws/install/parking_robot_interfaces/include/parking_robot_interfaces/parking_robot_interfaces/msg/detail/formation_assignment__rosidl_typesupport_fastrtps_c.h
[5.269s] -- Up-to-date symlink: /home/rokey/p3/cobot_ws/install/parking_robot_interfaces/include/parking_robot_interfaces/parking_robot_interfaces/msg/detail/formation_stop__rosidl_typesupport_fastrtps_c.h
[5.271s] -- Up-to-date symlink: /home/rokey/p3/cobot_ws/install/parking_robot_interfaces/include/parking_robot_interfaces/parking_robot_interfaces/msg/detail/obstacle_alert__rosidl_typesupport_fastrtps_c.h
[5.271s] -- Up-to-date symlink: /home/rokey/p3/cobot_ws/install/parking_robot_interfaces/include/parking_robot_interfaces/parking_robot_interfaces/msg/detail/task_state__rosidl_typesupport_fastrtps_c.h
[5.271s] -- Up-to-date symlink: /home/rokey/p3/cobot_ws/install/parking_robot_interfaces/include/parking_robot_interfaces/parking_robot_interfaces/msg/detail/vehicle_info__rosidl_typesupport_fastrtps_c.h
[5.271s] -- Up-to-date symlink: /home/rokey/p3/cobot_ws/install/parking_robot_interfaces/include/parking_robot_interfaces/parking_robot_interfaces/msg/rosidl_typesupport_fastrtps_c__visibility_control.h
[5.271s] -- Up-to-date symlink: /home/rokey/p3/cobot_ws/install/parking_robot_interfaces/include/parking_robot_interfaces/parking_robot_interfaces/srv/detail/acquire_zones__rosidl_typesupport_fastrtps_c.h
[5.271s] -- Up-to-date symlink: /home/rokey/p3/cobot_ws/install/parking_robot_interfaces/include/parking_robot_interfaces/parking_robot_interfaces/srv/detail/find_empty_slot__rosidl_typesupport_fastrtps_c.h
[5.271s] -- Up-to-date symlink: /home/rokey/p3/cobot_ws/install/parking_robot_interfaces/include/parking_robot_interfaces/parking_robot_interfaces/srv/detail/get_slot_info__rosidl_typesupport_fastrtps_c.h
[5.271s] -- Up-to-date symlink: /home/rokey/p3/cobot_ws/install/parking_robot_interfaces/include/parking_robot_interfaces/parking_robot_interfaces/srv/detail/get_task_status__rosidl_typesupport_fastrtps_c.h
[5.271s] -- Up-to-date symlink: /home/rokey/p3/cobot_ws/install/parking_robot_interfaces/include/parking_robot_interfaces/parking_robot_interfaces/srv/detail/park_in_slot__rosidl_typesupport_fastrtps_c.h
[5.271s] -- Up-to-date symlink: /home/rokey/p3/cobot_ws/install/parking_robot_interfaces/include/parking_robot_interfaces/parking_robot_interfaces/srv/detail/release_zones__rosidl_typesupport_fastrtps_c.h
[5.271s] -- Up-to-date symlink: /home/rokey/p3/cobot_ws/install/parking_robot_interfaces/include/parking_robot_interfaces/parking_robot_interfaces/srv/detail/request_parking_task__rosidl_typesupport_fastrtps_c.h
[5.272s] -- Up-to-date symlink: /home/rokey/p3/cobot_ws/install/parking_robot_interfaces/include/parking_robot_interfaces/parking_robot_interfaces/action/detail/align_vehicle__rosidl_typesupport_introspection_c.h
[5.272s] -- Up-to-date symlink: /home/rokey/p3/cobot_ws/install/parking_robot_interfaces/include/parking_robot_interfaces/parking_robot_interfaces/action/detail/control_lift__rosidl_typesupport_introspection_c.h
[5.272s] -- Up-to-date symlink: /home/rokey/p3/cobot_ws/install/parking_robot_interfaces/include/parking_robot_interfaces/parking_robot_interfaces/action/detail/detect_vehicle__rosidl_typesupport_introspection_c.h
[5.272s] -- Up-to-date symlink: /home/rokey/p3/cobot_ws/install/parking_robot_interfaces/include/parking_robot_interfaces/parking_robot_interfaces/action/detail/execute_parking_task__rosidl_typesupport_introspection_c.h
[5.272s] -- Symlinking: /home/rokey/p3/cobot_ws/install/parking_robot_interfaces/include/parking_robot_interfaces/parking_robot_interfaces/action/detail/ingress_under_truck__rosidl_typesupport_introspection_c.h
[5.274s] -- Up-to-date symlink: /home/rokey/p3/cobot_ws/install/parking_robot_interfaces/include/parking_robot_interfaces/parking_robot_interfaces/msg/detail/formation_assignment__rosidl_typesupport_introspection_c.h
[5.274s] -- Up-to-date symlink: /home/rokey/p3/cobot_ws/install/parking_robot_interfaces/include/parking_robot_interfaces/parking_robot_interfaces/msg/detail/formation_stop__rosidl_typesupport_introspection_c.h
[5.274s] -- Up-to-date symlink: /home/rokey/p3/cobot_ws/install/parking_robot_interfaces/include/parking_robot_interfaces/parking_robot_interfaces/msg/detail/obstacle_alert__rosidl_typesupport_introspection_c.h
[5.274s] -- Up-to-date symlink: /home/rokey/p3/cobot_ws/install/parking_robot_interfaces/include/parking_robot_interfaces/parking_robot_interfaces/msg/detail/task_state__rosidl_typesupport_introspection_c.h
[5.274s] -- Up-to-date symlink: /home/rokey/p3/cobot_ws/install/parking_robot_interfaces/include/parking_robot_interfaces/parking_robot_interfaces/msg/detail/vehicle_info__rosidl_typesupport_introspection_c.h
[5.274s] -- Up-to-date symlink: /home/rokey/p3/cobot_ws/install/parking_robot_interfaces/include/parking_robot_interfaces/parking_robot_interfaces/msg/rosidl_typesupport_introspection_c__visibility_control.h
[5.274s] -- Up-to-date symlink: /home/rokey/p3/cobot_ws/install/parking_robot_interfaces/include/parking_robot_interfaces/parking_robot_interfaces/srv/detail/acquire_zones__rosidl_typesupport_introspection_c.h
[5.274s] -- Up-to-date symlink: /home/rokey/p3/cobot_ws/install/parking_robot_interfaces/include/parking_robot_interfaces/parking_robot_interfaces/srv/detail/find_empty_slot__rosidl_typesupport_introspection_c.h
[5.274s] -- Up-to-date symlink: /home/rokey/p3/cobot_ws/install/parking_robot_interfaces/include/parking_robot_interfaces/parking_robot_interfaces/srv/detail/get_slot_info__rosidl_typesupport_introspection_c.h
[5.274s] -- Up-to-date symlink: /home/rokey/p3/cobot_ws/install/parking_robot_interfaces/include/parking_robot_interfaces/parking_robot_interfaces/srv/detail/get_task_status__rosidl_typesupport_introspection_c.h
[5.274s] -- Up-to-date symlink: /home/rokey/p3/cobot_ws/install/parking_robot_interfaces/include/parking_robot_interfaces/parking_robot_interfaces/srv/detail/park_in_slot__rosidl_typesupport_introspection_c.h
[5.274s] -- Up-to-date symlink: /home/rokey/p3/cobot_ws/install/parking_robot_interfaces/include/parking_robot_interfaces/parking_robot_interfaces/srv/detail/release_zones__rosidl_typesupport_introspection_c.h
[5.274s] -- Up-to-date symlink: /home/rokey/p3/cobot_ws/install/parking_robot_interfaces/include/parking_robot_interfaces/parking_robot_interfaces/srv/detail/request_parking_task__rosidl_typesupport_introspection_c.h
[5.275s] -- Up-to-date symlink: /home/rokey/p3/cobot_ws/install/parking_robot_interfaces/include/parking_robot_interfaces/parking_robot_interfaces/action/align_vehicle.hpp
[5.275s] -- Up-to-date symlink: /home/rokey/p3/cobot_ws/install/parking_robot_interfaces/include/parking_robot_interfaces/parking_robot_interfaces/action/control_lift.hpp
[5.275s] -- Up-to-date symlink: /home/rokey/p3/cobot_ws/install/parking_robot_interfaces/include/parking_robot_interfaces/parking_robot_interfaces/action/detail/align_vehicle__builder.hpp
[5.275s] -- Up-to-date symlink: /home/rokey/p3/cobot_ws/install/parking_robot_interfaces/include/parking_robot_interfaces/parking_robot_interfaces/action/detail/align_vehicle__struct.hpp
[5.275s] -- Up-to-date symlink: /home/rokey/p3/cobot_ws/install/parking_robot_interfaces/include/parking_robot_interfaces/parking_robot_interfaces/action/detail/align_vehicle__traits.hpp
[5.275s] -- Up-to-date symlink: /home/rokey/p3/cobot_ws/install/parking_robot_interfaces/include/parking_robot_interfaces/parking_robot_interfaces/action/detail/align_vehicle__type_support.hpp
[5.275s] -- Up-to-date symlink: /home/rokey/p3/cobot_ws/install/parking_robot_interfaces/include/parking_robot_interfaces/parking_robot_interfaces/action/detail/control_lift__builder.hpp
[5.275s] -- Up-to-date symlink: /home/rokey/p3/cobot_ws/install/parking_robot_interfaces/include/parking_robot_interfaces/parking_robot_interfaces/action/detail/control_lift__struct.hpp
[5.275s] -- Up-to-date symlink: /home/rokey/p3/cobot_ws/install/parking_robot_interfaces/include/parking_robot_interfaces/parking_robot_interfaces/action/detail/control_lift__traits.hpp
[5.275s] -- Up-to-date symlink: /home/rokey/p3/cobot_ws/install/parking_robot_interfaces/include/parking_robot_interfaces/parking_robot_interfaces/action/detail/control_lift__type_support.hpp
[5.275s] -- Up-to-date symlink: /home/rokey/p3/cobot_ws/install/parking_robot_interfaces/include/parking_robot_interfaces/parking_robot_interfaces/action/detail/detect_vehicle__builder.hpp
[5.275s] -- Up-to-date symlink: /home/rokey/p3/cobot_ws/install/parking_robot_interfaces/include/parking_robot_interfaces/parking_robot_interfaces/action/detail/detect_vehicle__struct.hpp
[5.275s] -- Up-to-date symlink: /home/rokey/p3/cobot_ws/install/parking_robot_interfaces/include/parking_robot_interfaces/parking_robot_interfaces/action/detail/detect_vehicle__traits.hpp
[5.275s] -- Up-to-date symlink: /home/rokey/p3/cobot_ws/install/parking_robot_interfaces/include/parking_robot_interfaces/parking_robot_interfaces/action/detail/detect_vehicle__type_support.hpp
[5.275s] -- Up-to-date symlink: /home/rokey/p3/cobot_ws/install/parking_robot_interfaces/include/parking_robot_interfaces/parking_robot_interfaces/action/detail/execute_parking_task__builder.hpp
[5.275s] -- Up-to-date symlink: /home/rokey/p3/cobot_ws/install/parking_robot_interfaces/include/parking_robot_interfaces/parking_robot_interfaces/action/detail/execute_parking_task__struct.hpp
[5.275s] -- Up-to-date symlink: /home/rokey/p3/cobot_ws/install/parking_robot_interfaces/include/parking_robot_interfaces/parking_robot_interfaces/action/detail/execute_parking_task__traits.hpp
[5.275s] -- Up-to-date symlink: /home/rokey/p3/cobot_ws/install/parking_robot_interfaces/include/parking_robot_interfaces/parking_robot_interfaces/action/detail/execute_parking_task__type_support.hpp
[5.275s] -- Symlinking: /home/rokey/p3/cobot_ws/install/parking_robot_interfaces/include/parking_robot_interfaces/parking_robot_interfaces/action/detail/ingress_under_truck__builder.hpp
[5.281s] -- Symlinking: /home/rokey/p3/cobot_ws/install/parking_robot_interfaces/include/parking_robot_interfaces/parking_robot_interfaces/action/detail/ingress_under_truck__struct.hpp
[5.285s] -- Symlinking: /home/rokey/p3/cobot_ws/install/parking_robot_interfaces/include/parking_robot_interfaces/parking_robot_interfaces/action/detail/ingress_under_truck__traits.hpp
[5.289s] -- Symlinking: /home/rokey/p3/cobot_ws/install/parking_robot_interfaces/include/parking_robot_interfaces/parking_robot_interfaces/action/detail/ingress_under_truck__type_support.hpp
[5.293s] -- Up-to-date symlink: /home/rokey/p3/cobot_ws/install/parking_robot_interfaces/include/parking_robot_interfaces/parking_robot_interfaces/action/detect_vehicle.hpp
[5.293s] -- Up-to-date symlink: /home/rokey/p3/cobot_ws/install/parking_robot_interfaces/include/parking_robot_interfaces/parking_robot_interfaces/action/execute_parking_task.hpp
[5.293s] -- Symlinking: /home/rokey/p3/cobot_ws/install/parking_robot_interfaces/include/parking_robot_interfaces/parking_robot_interfaces/action/ingress_under_truck.hpp
[5.298s] -- Up-to-date symlink: /home/rokey/p3/cobot_ws/install/parking_robot_interfaces/include/parking_robot_interfaces/parking_robot_interfaces/msg/detail/formation_assignment__builder.hpp
[5.299s] -- Up-to-date symlink: /home/rokey/p3/cobot_ws/install/parking_robot_interfaces/include/parking_robot_interfaces/parking_robot_interfaces/msg/detail/formation_assignment__struct.hpp
[5.299s] -- Up-to-date symlink: /home/rokey/p3/cobot_ws/install/parking_robot_interfaces/include/parking_robot_interfaces/parking_robot_interfaces/msg/detail/formation_assignment__traits.hpp
[5.299s] -- Up-to-date symlink: /home/rokey/p3/cobot_ws/install/parking_robot_interfaces/include/parking_robot_interfaces/parking_robot_interfaces/msg/detail/formation_assignment__type_support.hpp
[5.299s] -- Up-to-date symlink: /home/rokey/p3/cobot_ws/install/parking_robot_interfaces/include/parking_robot_interfaces/parking_robot_interfaces/msg/detail/formation_stop__builder.hpp
[5.299s] -- Up-to-date symlink: /home/rokey/p3/cobot_ws/install/parking_robot_interfaces/include/parking_robot_interfaces/parking_robot_interfaces/msg/detail/formation_stop__struct.hpp
[5.299s] -- Up-to-date symlink: /home/rokey/p3/cobot_ws/install/parking_robot_interfaces/include/parking_robot_interfaces/parking_robot_interfaces/msg/detail/formation_stop__traits.hpp
[5.299s] -- Up-to-date symlink: /home/rokey/p3/cobot_ws/install/parking_robot_interfaces/include/parking_robot_interfaces/parking_robot_interfaces/msg/detail/formation_stop__type_support.hpp
[5.299s] -- Up-to-date symlink: /home/rokey/p3/cobot_ws/install/parking_robot_interfaces/include/parking_robot_interfaces/parking_robot_interfaces/msg/detail/obstacle_alert__builder.hpp
[5.299s] -- Up-to-date symlink: /home/rokey/p3/cobot_ws/install/parking_robot_interfaces/include/parking_robot_interfaces/parking_robot_interfaces/msg/detail/obstacle_alert__struct.hpp
[5.299s] -- Up-to-date symlink: /home/rokey/p3/cobot_ws/install/parking_robot_interfaces/include/parking_robot_interfaces/parking_robot_interfaces/msg/detail/obstacle_alert__traits.hpp
[5.299s] -- Up-to-date symlink: /home/rokey/p3/cobot_ws/install/parking_robot_interfaces/include/parking_robot_interfaces/parking_robot_interfaces/msg/detail/obstacle_alert__type_support.hpp
[5.299s] -- Up-to-date symlink: /home/rokey/p3/cobot_ws/install/parking_robot_interfaces/include/parking_robot_interfaces/parking_robot_interfaces/msg/detail/task_state__builder.hpp
[5.299s] -- Up-to-date symlink: /home/rokey/p3/cobot_ws/install/parking_robot_interfaces/include/parking_robot_interfaces/parking_robot_interfaces/msg/detail/task_state__struct.hpp
[5.299s] -- Up-to-date symlink: /home/rokey/p3/cobot_ws/install/parking_robot_interfaces/include/parking_robot_interfaces/parking_robot_interfaces/msg/detail/task_state__traits.hpp
[5.299s] -- Up-to-date symlink: /home/rokey/p3/cobot_ws/install/parking_robot_interfaces/include/parking_robot_interfaces/parking_robot_interfaces/msg/detail/task_state__type_support.hpp
[5.299s] -- Up-to-date symlink: /home/rokey/p3/cobot_ws/install/parking_robot_interfaces/include/parking_robot_interfaces/parking_robot_interfaces/msg/detail/vehicle_info__builder.hpp
[5.299s] -- Up-to-date symlink: /home/rokey/p3/cobot_ws/install/parking_robot_interfaces/include/parking_robot_interfaces/parking_robot_interfaces/msg/detail/vehicle_info__struct.hpp
[5.299s] -- Up-to-date symlink: /home/rokey/p3/cobot_ws/install/parking_robot_interfaces/include/parking_robot_interfaces/parking_robot_interfaces/msg/detail/vehicle_info__traits.hpp
[5.299s] -- Up-to-date symlink: /home/rokey/p3/cobot_ws/install/parking_robot_interfaces/include/parking_robot_interfaces/parking_robot_interfaces/msg/detail/vehicle_info__type_support.hpp
[5.299s] -- Up-to-date symlink: /home/rokey/p3/cobot_ws/install/parking_robot_interfaces/include/parking_robot_interfaces/parking_robot_interfaces/msg/formation_assignment.hpp
[5.299s] -- Up-to-date symlink: /home/rokey/p3/cobot_ws/install/parking_robot_interfaces/include/parking_robot_interfaces/parking_robot_interfaces/msg/formation_stop.hpp
[5.299s] -- Up-to-date symlink: /home/rokey/p3/cobot_ws/install/parking_robot_interfaces/include/parking_robot_interfaces/parking_robot_interfaces/msg/obstacle_alert.hpp
[5.299s] -- Up-to-date symlink: /home/rokey/p3/cobot_ws/install/parking_robot_interfaces/include/parking_robot_interfaces/parking_robot_interfaces/msg/rosidl_generator_cpp__visibility_control.hpp
[5.299s] -- Up-to-date symlink: /home/rokey/p3/cobot_ws/install/parking_robot_interfaces/include/parking_robot_interfaces/parking_robot_interfaces/msg/task_state.hpp
[5.299s] -- Up-to-date symlink: /home/rokey/p3/cobot_ws/install/parking_robot_interfaces/include/parking_robot_interfaces/parking_robot_interfaces/msg/vehicle_info.hpp
[5.299s] -- Up-to-date symlink: /home/rokey/p3/cobot_ws/install/parking_robot_interfaces/include/parking_robot_interfaces/parking_robot_interfaces/srv/acquire_zones.hpp
[5.299s] -- Up-to-date symlink: /home/rokey/p3/cobot_ws/install/parking_robot_interfaces/include/parking_robot_interfaces/parking_robot_interfaces/srv/detail/acquire_zones__builder.hpp
[5.299s] -- Up-to-date symlink: /home/rokey/p3/cobot_ws/install/parking_robot_interfaces/include/parking_robot_interfaces/parking_robot_interfaces/srv/detail/acquire_zones__struct.hpp
[5.299s] -- Up-to-date symlink: /home/rokey/p3/cobot_ws/install/parking_robot_interfaces/include/parking_robot_interfaces/parking_robot_interfaces/srv/detail/acquire_zones__traits.hpp
[5.299s] -- Up-to-date symlink: /home/rokey/p3/cobot_ws/install/parking_robot_interfaces/include/parking_robot_interfaces/parking_robot_interfaces/srv/detail/acquire_zones__type_support.hpp
[5.299s] -- Up-to-date symlink: /home/rokey/p3/cobot_ws/install/parking_robot_interfaces/include/parking_robot_interfaces/parking_robot_interfaces/srv/detail/find_empty_slot__builder.hpp
[5.299s] -- Up-to-date symlink: /home/rokey/p3/cobot_ws/install/parking_robot_interfaces/include/parking_robot_interfaces/parking_robot_interfaces/srv/detail/find_empty_slot__struct.hpp
[5.300s] -- Up-to-date symlink: /home/rokey/p3/cobot_ws/install/parking_robot_interfaces/include/parking_robot_interfaces/parking_robot_interfaces/srv/detail/find_empty_slot__traits.hpp
[5.300s] -- Up-to-date symlink: /home/rokey/p3/cobot_ws/install/parking_robot_interfaces/include/parking_robot_interfaces/parking_robot_interfaces/srv/detail/find_empty_slot__type_support.hpp
[5.300s] -- Up-to-date symlink: /home/rokey/p3/cobot_ws/install/parking_robot_interfaces/include/parking_robot_interfaces/parking_robot_interfaces/srv/detail/get_slot_info__builder.hpp
[5.300s] -- Up-to-date symlink: /home/rokey/p3/cobot_ws/install/parking_robot_interfaces/include/parking_robot_interfaces/parking_robot_interfaces/srv/detail/get_slot_info__struct.hpp
[5.300s] -- Up-to-date symlink: /home/rokey/p3/cobot_ws/install/parking_robot_interfaces/include/parking_robot_interfaces/parking_robot_interfaces/srv/detail/get_slot_info__traits.hpp
[5.300s] -- Up-to-date symlink: /home/rokey/p3/cobot_ws/install/parking_robot_interfaces/include/parking_robot_interfaces/parking_robot_interfaces/srv/detail/get_slot_info__type_support.hpp
[5.300s] -- Up-to-date symlink: /home/rokey/p3/cobot_ws/install/parking_robot_interfaces/include/parking_robot_interfaces/parking_robot_interfaces/srv/detail/get_task_status__builder.hpp
[5.300s] -- Up-to-date symlink: /home/rokey/p3/cobot_ws/install/parking_robot_interfaces/include/parking_robot_interfaces/parking_robot_interfaces/srv/detail/get_task_status__struct.hpp
[5.300s] -- Up-to-date symlink: /home/rokey/p3/cobot_ws/install/parking_robot_interfaces/include/parking_robot_interfaces/parking_robot_interfaces/srv/detail/get_task_status__traits.hpp
[5.300s] -- Up-to-date symlink: /home/rokey/p3/cobot_ws/install/parking_robot_interfaces/include/parking_robot_interfaces/parking_robot_interfaces/srv/detail/get_task_status__type_support.hpp
[5.300s] -- Up-to-date symlink: /home/rokey/p3/cobot_ws/install/parking_robot_interfaces/include/parking_robot_interfaces/parking_robot_interfaces/srv/detail/park_in_slot__builder.hpp
[5.300s] -- Up-to-date symlink: /home/rokey/p3/cobot_ws/install/parking_robot_interfaces/include/parking_robot_interfaces/parking_robot_interfaces/srv/detail/park_in_slot__struct.hpp
[5.300s] -- Up-to-date symlink: /home/rokey/p3/cobot_ws/install/parking_robot_interfaces/include/parking_robot_interfaces/parking_robot_interfaces/srv/detail/park_in_slot__traits.hpp
[5.300s] -- Up-to-date symlink: /home/rokey/p3/cobot_ws/install/parking_robot_interfaces/include/parking_robot_interfaces/parking_robot_interfaces/srv/detail/park_in_slot__type_support.hpp
[5.300s] -- Up-to-date symlink: /home/rokey/p3/cobot_ws/install/parking_robot_interfaces/include/parking_robot_interfaces/parking_robot_interfaces/srv/detail/release_zones__builder.hpp
[5.300s] -- Up-to-date symlink: /home/rokey/p3/cobot_ws/install/parking_robot_interfaces/include/parking_robot_interfaces/parking_robot_interfaces/srv/detail/release_zones__struct.hpp
[5.300s] -- Up-to-date symlink: /home/rokey/p3/cobot_ws/install/parking_robot_interfaces/include/parking_robot_interfaces/parking_robot_interfaces/srv/detail/release_zones__traits.hpp
[5.300s] -- Up-to-date symlink: /home/rokey/p3/cobot_ws/install/parking_robot_interfaces/include/parking_robot_interfaces/parking_robot_interfaces/srv/detail/release_zones__type_support.hpp
[5.300s] -- Up-to-date symlink: /home/rokey/p3/cobot_ws/install/parking_robot_interfaces/include/parking_robot_interfaces/parking_robot_interfaces/srv/detail/request_parking_task__builder.hpp
[5.300s] -- Up-to-date symlink: /home/rokey/p3/cobot_ws/install/parking_robot_interfaces/include/parking_robot_interfaces/parking_robot_interfaces/srv/detail/request_parking_task__struct.hpp
[5.300s] -- Up-to-date symlink: /home/rokey/p3/cobot_ws/install/parking_robot_interfaces/include/parking_robot_interfaces/parking_robot_interfaces/srv/detail/request_parking_task__traits.hpp
[5.300s] -- Up-to-date symlink: /home/rokey/p3/cobot_ws/install/parking_robot_interfaces/include/parking_robot_interfaces/parking_robot_interfaces/srv/detail/request_parking_task__type_support.hpp
[5.300s] -- Up-to-date symlink: /home/rokey/p3/cobot_ws/install/parking_robot_interfaces/include/parking_robot_interfaces/parking_robot_interfaces/srv/find_empty_slot.hpp
[5.300s] -- Up-to-date symlink: /home/rokey/p3/cobot_ws/install/parking_robot_interfaces/include/parking_robot_interfaces/parking_robot_interfaces/srv/get_slot_info.hpp
[5.300s] -- Up-to-date symlink: /home/rokey/p3/cobot_ws/install/parking_robot_interfaces/include/parking_robot_interfaces/parking_robot_interfaces/srv/get_task_status.hpp
[5.300s] -- Up-to-date symlink: /home/rokey/p3/cobot_ws/install/parking_robot_interfaces/include/parking_robot_interfaces/parking_robot_interfaces/srv/park_in_slot.hpp
[5.300s] -- Up-to-date symlink: /home/rokey/p3/cobot_ws/install/parking_robot_interfaces/include/parking_robot_interfaces/parking_robot_interfaces/srv/release_zones.hpp
[5.300s] -- Up-to-date symlink: /home/rokey/p3/cobot_ws/install/parking_robot_interfaces/include/parking_robot_interfaces/parking_robot_interfaces/srv/request_parking_task.hpp
[5.300s] -- Up-to-date symlink: /home/rokey/p3/cobot_ws/install/parking_robot_interfaces/include/parking_robot_interfaces/parking_robot_interfaces/action/detail/align_vehicle__rosidl_typesupport_fastrtps_cpp.hpp
[5.300s] -- Up-to-date symlink: /home/rokey/p3/cobot_ws/install/parking_robot_interfaces/include/parking_robot_interfaces/parking_robot_interfaces/action/detail/control_lift__rosidl_typesupport_fastrtps_cpp.hpp
[5.300s] -- Up-to-date symlink: /home/rokey/p3/cobot_ws/install/parking_robot_interfaces/include/parking_robot_interfaces/parking_robot_interfaces/action/detail/detect_vehicle__rosidl_typesupport_fastrtps_cpp.hpp
[5.300s] -- Up-to-date symlink: /home/rokey/p3/cobot_ws/install/parking_robot_interfaces/include/parking_robot_interfaces/parking_robot_interfaces/action/detail/execute_parking_task__rosidl_typesupport_fastrtps_cpp.hpp
[5.300s] -- Symlinking: /home/rokey/p3/cobot_ws/install/parking_robot_interfaces/include/parking_robot_interfaces/parking_robot_interfaces/action/detail/ingress_under_truck__rosidl_typesupport_fastrtps_cpp.hpp
[5.305s] -- Up-to-date symlink: /home/rokey/p3/cobot_ws/install/parking_robot_interfaces/include/parking_robot_interfaces/parking_robot_interfaces/msg/detail/formation_assignment__rosidl_typesupport_fastrtps_cpp.hpp
[5.305s] -- Up-to-date symlink: /home/rokey/p3/cobot_ws/install/parking_robot_interfaces/include/parking_robot_interfaces/parking_robot_interfaces/msg/detail/formation_stop__rosidl_typesupport_fastrtps_cpp.hpp
[5.305s] -- Up-to-date symlink: /home/rokey/p3/cobot_ws/install/parking_robot_interfaces/include/parking_robot_interfaces/parking_robot_interfaces/msg/detail/obstacle_alert__rosidl_typesupport_fastrtps_cpp.hpp
[5.305s] -- Up-to-date symlink: /home/rokey/p3/cobot_ws/install/parking_robot_interfaces/include/parking_robot_interfaces/parking_robot_interfaces/msg/detail/task_state__rosidl_typesupport_fastrtps_cpp.hpp
[5.305s] -- Up-to-date symlink: /home/rokey/p3/cobot_ws/install/parking_robot_interfaces/include/parking_robot_interfaces/parking_robot_interfaces/msg/detail/vehicle_info__rosidl_typesupport_fastrtps_cpp.hpp
[5.305s] -- Up-to-date symlink: /home/rokey/p3/cobot_ws/install/parking_robot_interfaces/include/parking_robot_interfaces/parking_robot_interfaces/msg/rosidl_typesupport_fastrtps_cpp__visibility_control.h
[5.305s] -- Up-to-date symlink: /home/rokey/p3/cobot_ws/install/parking_robot_interfaces/include/parking_robot_interfaces/parking_robot_interfaces/srv/detail/acquire_zones__rosidl_typesupport_fastrtps_cpp.hpp
[5.305s] -- Up-to-date symlink: /home/rokey/p3/cobot_ws/install/parking_robot_interfaces/include/parking_robot_interfaces/parking_robot_interfaces/srv/detail/find_empty_slot__rosidl_typesupport_fastrtps_cpp.hpp
[5.305s] -- Up-to-date symlink: /home/rokey/p3/cobot_ws/install/parking_robot_interfaces/include/parking_robot_interfaces/parking_robot_interfaces/srv/detail/get_slot_info__rosidl_typesupport_fastrtps_cpp.hpp
[5.305s] -- Up-to-date symlink: /home/rokey/p3/cobot_ws/install/parking_robot_interfaces/include/parking_robot_interfaces/parking_robot_interfaces/srv/detail/get_task_status__rosidl_typesupport_fastrtps_cpp.hpp
[5.305s] -- Up-to-date symlink: /home/rokey/p3/cobot_ws/install/parking_robot_interfaces/include/parking_robot_interfaces/parking_robot_interfaces/srv/detail/park_in_slot__rosidl_typesupport_fastrtps_cpp.hpp
[5.305s] -- Up-to-date symlink: /home/rokey/p3/cobot_ws/install/parking_robot_interfaces/include/parking_robot_interfaces/parking_robot_interfaces/srv/detail/release_zones__rosidl_typesupport_fastrtps_cpp.hpp
[5.305s] -- Up-to-date symlink: /home/rokey/p3/cobot_ws/install/parking_robot_interfaces/include/parking_robot_interfaces/parking_robot_interfaces/srv/detail/request_parking_task__rosidl_typesupport_fastrtps_cpp.hpp
[5.305s] -- Up-to-date symlink: /home/rokey/p3/cobot_ws/install/parking_robot_interfaces/include/parking_robot_interfaces/parking_robot_interfaces/action/detail/align_vehicle__rosidl_typesupport_introspection_cpp.hpp
[5.305s] -- Up-to-date symlink: /home/rokey/p3/cobot_ws/install/parking_robot_interfaces/include/parking_robot_interfaces/parking_robot_interfaces/action/detail/control_lift__rosidl_typesupport_introspection_cpp.hpp
[5.305s] -- Up-to-date symlink: /home/rokey/p3/cobot_ws/install/parking_robot_interfaces/include/parking_robot_interfaces/parking_robot_interfaces/action/detail/detect_vehicle__rosidl_typesupport_introspection_cpp.hpp
[5.305s] -- Up-to-date symlink: /home/rokey/p3/cobot_ws/install/parking_robot_interfaces/include/parking_robot_interfaces/parking_robot_interfaces/action/detail/execute_parking_task__rosidl_typesupport_introspection_cpp.hpp
[5.305s] -- Symlinking: /home/rokey/p3/cobot_ws/install/parking_robot_interfaces/include/parking_robot_interfaces/parking_robot_interfaces/action/detail/ingress_under_truck__rosidl_typesupport_introspection_cpp.hpp
[5.311s] -- Up-to-date symlink: /home/rokey/p3/cobot_ws/install/parking_robot_interfaces/include/parking_robot_interfaces/parking_robot_interfaces/msg/detail/formation_assignment__rosidl_typesupport_introspection_cpp.hpp
[5.311s] -- Up-to-date symlink: /home/rokey/p3/cobot_ws/install/parking_robot_interfaces/include/parking_robot_interfaces/parking_robot_interfaces/msg/detail/formation_stop__rosidl_typesupport_introspection_cpp.hpp
[5.311s] -- Up-to-date symlink: /home/rokey/p3/cobot_ws/install/parking_robot_interfaces/include/parking_robot_interfaces/parking_robot_interfaces/msg/detail/obstacle_alert__rosidl_typesupport_introspection_cpp.hpp
[5.311s] -- Up-to-date symlink: /home/rokey/p3/cobot_ws/install/parking_robot_interfaces/include/parking_robot_interfaces/parking_robot_interfaces/msg/detail/task_state__rosidl_typesupport_introspection_cpp.hpp
[5.311s] -- Up-to-date symlink: /home/rokey/p3/cobot_ws/install/parking_robot_interfaces/include/parking_robot_interfaces/parking_robot_interfaces/msg/detail/vehicle_info__rosidl_typesupport_introspection_cpp.hpp
[5.311s] -- Up-to-date symlink: /home/rokey/p3/cobot_ws/install/parking_robot_interfaces/include/parking_robot_interfaces/parking_robot_interfaces/srv/detail/acquire_zones__rosidl_typesupport_introspection_cpp.hpp
[5.311s] -- Up-to-date symlink: /home/rokey/p3/cobot_ws/install/parking_robot_interfaces/include/parking_robot_interfaces/parking_robot_interfaces/srv/detail/find_empty_slot__rosidl_typesupport_introspection_cpp.hpp
[5.311s] -- Up-to-date symlink: /home/rokey/p3/cobot_ws/install/parking_robot_interfaces/include/parking_robot_interfaces/parking_robot_interfaces/srv/detail/get_slot_info__rosidl_typesupport_introspection_cpp.hpp
[5.311s] -- Up-to-date symlink: /home/rokey/p3/cobot_ws/install/parking_robot_interfaces/include/parking_robot_interfaces/parking_robot_interfaces/srv/detail/get_task_status__rosidl_typesupport_introspection_cpp.hpp
[5.311s] -- Up-to-date symlink: /home/rokey/p3/cobot_ws/install/parking_robot_interfaces/include/parking_robot_interfaces/parking_robot_interfaces/srv/detail/park_in_slot__rosidl_typesupport_introspection_cpp.hpp
[5.311s] -- Up-to-date symlink: /home/rokey/p3/cobot_ws/install/parking_robot_interfaces/include/parking_robot_interfaces/parking_robot_interfaces/srv/detail/release_zones__rosidl_typesupport_introspection_cpp.hpp
[5.311s] -- Up-to-date symlink: /home/rokey/p3/cobot_ws/install/parking_robot_interfaces/include/parking_robot_interfaces/parking_robot_interfaces/srv/detail/request_parking_task__rosidl_typesupport_introspection_cpp.hpp
[5.311s] -- Up-to-date symlink: /home/rokey/p3/cobot_ws/install/parking_robot_interfaces/share/parking_robot_interfaces/environment/pythonpath.sh
[5.311s] -- Up-to-date symlink: /home/rokey/p3/cobot_ws/install/parking_robot_interfaces/share/parking_robot_interfaces/environment/pythonpath.dsv
[5.311s] -- Up-to-date symlink: /home/rokey/p3/cobot_ws/install/parking_robot_interfaces/local/lib/python3.10/dist-packages/parking_robot_interfaces-0.0.1-py3.10.egg-info/PKG-INFO
[5.311s] -- Up-to-date symlink: /home/rokey/p3/cobot_ws/install/parking_robot_interfaces/local/lib/python3.10/dist-packages/parking_robot_interfaces-0.0.1-py3.10.egg-info/SOURCES.txt
[5.311s] -- Up-to-date symlink: /home/rokey/p3/cobot_ws/install/parking_robot_interfaces/local/lib/python3.10/dist-packages/parking_robot_interfaces-0.0.1-py3.10.egg-info/dependency_links.txt
[5.311s] -- Up-to-date symlink: /home/rokey/p3/cobot_ws/install/parking_robot_interfaces/local/lib/python3.10/dist-packages/parking_robot_interfaces-0.0.1-py3.10.egg-info/top_level.txt
[5.312s] -- Up-to-date symlink: /home/rokey/p3/cobot_ws/install/parking_robot_interfaces/local/lib/python3.10/dist-packages/parking_robot_interfaces/__init__.py
[5.312s] -- Up-to-date symlink: /home/rokey/p3/cobot_ws/install/parking_robot_interfaces/local/lib/python3.10/dist-packages/parking_robot_interfaces/_parking_robot_interfaces_s.ep.rosidl_typesupport_c.c
[5.312s] -- Up-to-date symlink: /home/rokey/p3/cobot_ws/install/parking_robot_interfaces/local/lib/python3.10/dist-packages/parking_robot_interfaces/_parking_robot_interfaces_s.ep.rosidl_typesupport_fastrtps_c.c
[5.312s] -- Up-to-date symlink: /home/rokey/p3/cobot_ws/install/parking_robot_interfaces/local/lib/python3.10/dist-packages/parking_robot_interfaces/_parking_robot_interfaces_s.ep.rosidl_typesupport_introspection_c.c
[5.312s] -- Up-to-date symlink: /home/rokey/p3/cobot_ws/install/parking_robot_interfaces/local/lib/python3.10/dist-packages/parking_robot_interfaces/action/__init__.py
[5.312s] -- Up-to-date symlink: /home/rokey/p3/cobot_ws/install/parking_robot_interfaces/local/lib/python3.10/dist-packages/parking_robot_interfaces/action/_align_vehicle.py
[5.312s] -- Up-to-date symlink: /home/rokey/p3/cobot_ws/install/parking_robot_interfaces/local/lib/python3.10/dist-packages/parking_robot_interfaces/action/_align_vehicle_s.c
[5.312s] -- Up-to-date symlink: /home/rokey/p3/cobot_ws/install/parking_robot_interfaces/local/lib/python3.10/dist-packages/parking_robot_interfaces/action/_control_lift.py
[5.312s] -- Up-to-date symlink: /home/rokey/p3/cobot_ws/install/parking_robot_interfaces/local/lib/python3.10/dist-packages/parking_robot_interfaces/action/_control_lift_s.c
[5.312s] -- Up-to-date symlink: /home/rokey/p3/cobot_ws/install/parking_robot_interfaces/local/lib/python3.10/dist-packages/parking_robot_interfaces/action/_detect_vehicle.py
[5.312s] -- Up-to-date symlink: /home/rokey/p3/cobot_ws/install/parking_robot_interfaces/local/lib/python3.10/dist-packages/parking_robot_interfaces/action/_detect_vehicle_s.c
[5.312s] -- Up-to-date symlink: /home/rokey/p3/cobot_ws/install/parking_robot_interfaces/local/lib/python3.10/dist-packages/parking_robot_interfaces/action/_execute_parking_task.py
[5.312s] -- Up-to-date symlink: /home/rokey/p3/cobot_ws/install/parking_robot_interfaces/local/lib/python3.10/dist-packages/parking_robot_interfaces/action/_execute_parking_task_s.c
[5.312s] -- Symlinking: /home/rokey/p3/cobot_ws/install/parking_robot_interfaces/local/lib/python3.10/dist-packages/parking_robot_interfaces/action/_ingress_under_truck.py
[5.317s] -- Symlinking: /home/rokey/p3/cobot_ws/install/parking_robot_interfaces/local/lib/python3.10/dist-packages/parking_robot_interfaces/action/_ingress_under_truck_s.c
[5.322s] -- Up-to-date symlink: /home/rokey/p3/cobot_ws/install/parking_robot_interfaces/local/lib/python3.10/dist-packages/parking_robot_interfaces/libparking_robot_interfaces__rosidl_generator_py.so
[5.322s] -- Up-to-date symlink: /home/rokey/p3/cobot_ws/install/parking_robot_interfaces/local/lib/python3.10/dist-packages/parking_robot_interfaces/msg/__init__.py
[5.322s] -- Up-to-date symlink: /home/rokey/p3/cobot_ws/install/parking_robot_interfaces/local/lib/python3.10/dist-packages/parking_robot_interfaces/msg/_formation_assignment.py
[5.322s] -- Up-to-date symlink: /home/rokey/p3/cobot_ws/install/parking_robot_interfaces/local/lib/python3.10/dist-packages/parking_robot_interfaces/msg/_formation_assignment_s.c
[5.322s] -- Up-to-date symlink: /home/rokey/p3/cobot_ws/install/parking_robot_interfaces/local/lib/python3.10/dist-packages/parking_robot_interfaces/msg/_formation_stop.py
[5.322s] -- Up-to-date symlink: /home/rokey/p3/cobot_ws/install/parking_robot_interfaces/local/lib/python3.10/dist-packages/parking_robot_interfaces/msg/_formation_stop_s.c
[5.322s] -- Up-to-date symlink: /home/rokey/p3/cobot_ws/install/parking_robot_interfaces/local/lib/python3.10/dist-packages/parking_robot_interfaces/msg/_obstacle_alert.py
[5.322s] -- Up-to-date symlink: /home/rokey/p3/cobot_ws/install/parking_robot_interfaces/local/lib/python3.10/dist-packages/parking_robot_interfaces/msg/_obstacle_alert_s.c
[5.322s] -- Up-to-date symlink: /home/rokey/p3/cobot_ws/install/parking_robot_interfaces/local/lib/python3.10/dist-packages/parking_robot_interfaces/msg/_task_state.py
[5.322s] -- Up-to-date symlink: /home/rokey/p3/cobot_ws/install/parking_robot_interfaces/local/lib/python3.10/dist-packages/parking_robot_interfaces/msg/_task_state_s.c
[5.322s] -- Up-to-date symlink: /home/rokey/p3/cobot_ws/install/parking_robot_interfaces/local/lib/python3.10/dist-packages/parking_robot_interfaces/msg/_vehicle_info.py
[5.322s] -- Up-to-date symlink: /home/rokey/p3/cobot_ws/install/parking_robot_interfaces/local/lib/python3.10/dist-packages/parking_robot_interfaces/msg/_vehicle_info_s.c
[5.322s] -- Up-to-date symlink: /home/rokey/p3/cobot_ws/install/parking_robot_interfaces/local/lib/python3.10/dist-packages/parking_robot_interfaces/parking_robot_interfaces_s__rosidl_typesupport_c.cpython-310-x86_64-linux-gnu.so
[5.322s] -- Up-to-date symlink: /home/rokey/p3/cobot_ws/install/parking_robot_interfaces/local/lib/python3.10/dist-packages/parking_robot_interfaces/parking_robot_interfaces_s__rosidl_typesupport_fastrtps_c.cpython-310-x86_64-linux-gnu.so
[5.322s] -- Up-to-date symlink: /home/rokey/p3/cobot_ws/install/parking_robot_interfaces/local/lib/python3.10/dist-packages/parking_robot_interfaces/parking_robot_interfaces_s__rosidl_typesupport_introspection_c.cpython-310-x86_64-linux-gnu.so
[5.322s] -- Up-to-date symlink: /home/rokey/p3/cobot_ws/install/parking_robot_interfaces/local/lib/python3.10/dist-packages/parking_robot_interfaces/srv/__init__.py
[5.322s] -- Up-to-date symlink: /home/rokey/p3/cobot_ws/install/parking_robot_interfaces/local/lib/python3.10/dist-packages/parking_robot_interfaces/srv/_acquire_zones.py
[5.322s] -- Up-to-date symlink: /home/rokey/p3/cobot_ws/install/parking_robot_interfaces/local/lib/python3.10/dist-packages/parking_robot_interfaces/srv/_acquire_zones_s.c
[5.322s] -- Up-to-date symlink: /home/rokey/p3/cobot_ws/install/parking_robot_interfaces/local/lib/python3.10/dist-packages/parking_robot_interfaces/srv/_find_empty_slot.py
[5.322s] -- Up-to-date symlink: /home/rokey/p3/cobot_ws/install/parking_robot_interfaces/local/lib/python3.10/dist-packages/parking_robot_interfaces/srv/_find_empty_slot_s.c
[5.322s] -- Up-to-date symlink: /home/rokey/p3/cobot_ws/install/parking_robot_interfaces/local/lib/python3.10/dist-packages/parking_robot_interfaces/srv/_get_slot_info.py
[5.322s] -- Up-to-date symlink: /home/rokey/p3/cobot_ws/install/parking_robot_interfaces/local/lib/python3.10/dist-packages/parking_robot_interfaces/srv/_get_slot_info_s.c
[5.322s] -- Up-to-date symlink: /home/rokey/p3/cobot_ws/install/parking_robot_interfaces/local/lib/python3.10/dist-packages/parking_robot_interfaces/srv/_get_task_status.py
[5.323s] -- Up-to-date symlink: /home/rokey/p3/cobot_ws/install/parking_robot_interfaces/local/lib/python3.10/dist-packages/parking_robot_interfaces/srv/_get_task_status_s.c
[5.323s] -- Up-to-date symlink: /home/rokey/p3/cobot_ws/install/parking_robot_interfaces/local/lib/python3.10/dist-packages/parking_robot_interfaces/srv/_park_in_slot.py
[5.323s] -- Up-to-date symlink: /home/rokey/p3/cobot_ws/install/parking_robot_interfaces/local/lib/python3.10/dist-packages/parking_robot_interfaces/srv/_park_in_slot_s.c
[5.323s] -- Up-to-date symlink: /home/rokey/p3/cobot_ws/install/parking_robot_interfaces/local/lib/python3.10/dist-packages/parking_robot_interfaces/srv/_release_zones.py
[5.323s] -- Up-to-date symlink: /home/rokey/p3/cobot_ws/install/parking_robot_interfaces/local/lib/python3.10/dist-packages/parking_robot_interfaces/srv/_release_zones_s.c
[5.323s] -- Up-to-date symlink: /home/rokey/p3/cobot_ws/install/parking_robot_interfaces/local/lib/python3.10/dist-packages/parking_robot_interfaces/srv/_request_parking_task.py
[5.323s] -- Up-to-date symlink: /home/rokey/p3/cobot_ws/install/parking_robot_interfaces/local/lib/python3.10/dist-packages/parking_robot_interfaces/srv/_request_parking_task_s.c
[5.323s] -- Up-to-date symlink: /home/rokey/p3/cobot_ws/install/parking_robot_interfaces/local/lib/python3.10/dist-packages/parking_robot_interfaces/parking_robot_interfaces_s__rosidl_typesupport_fastrtps_c.cpython-310-x86_64-linux-gnu.so
[5.323s] -- Up-to-date symlink: /home/rokey/p3/cobot_ws/install/parking_robot_interfaces/local/lib/python3.10/dist-packages/parking_robot_interfaces/parking_robot_interfaces_s__rosidl_typesupport_introspection_c.cpython-310-x86_64-linux-gnu.so
[5.323s] -- Up-to-date symlink: /home/rokey/p3/cobot_ws/install/parking_robot_interfaces/local/lib/python3.10/dist-packages/parking_robot_interfaces/parking_robot_interfaces_s__rosidl_typesupport_c.cpython-310-x86_64-linux-gnu.so
[5.323s] -- Up-to-date symlink: /home/rokey/p3/cobot_ws/install/parking_robot_interfaces/share/ament_index/resource_index/rust_packages/parking_robot_interfaces
[5.323s] -- Up-to-date symlink: /home/rokey/p3/cobot_ws/install/parking_robot_interfaces/share/parking_robot_interfaces/rust/Cargo.toml
[5.323s] -- Up-to-date symlink: /home/rokey/p3/cobot_ws/install/parking_robot_interfaces/share/parking_robot_interfaces/rust/build.rs
[5.323s] -- Up-to-date symlink: /home/rokey/p3/cobot_ws/install/parking_robot_interfaces/share/parking_robot_interfaces/rust/src/action.rs
[5.323s] -- Up-to-date symlink: /home/rokey/p3/cobot_ws/install/parking_robot_interfaces/share/parking_robot_interfaces/rust/src/action/rmw.rs
[5.323s] -- Up-to-date symlink: /home/rokey/p3/cobot_ws/install/parking_robot_interfaces/share/parking_robot_interfaces/rust/src/lib.rs
[5.323s] -- Up-to-date symlink: /home/rokey/p3/cobot_ws/install/parking_robot_interfaces/share/parking_robot_interfaces/rust/src/msg.rs
[5.323s] -- Up-to-date symlink: /home/rokey/p3/cobot_ws/install/parking_robot_interfaces/share/parking_robot_interfaces/rust/src/msg/rmw.rs
[5.323s] -- Up-to-date symlink: /home/rokey/p3/cobot_ws/install/parking_robot_interfaces/share/parking_robot_interfaces/rust/src/srv.rs
[5.323s] -- Up-to-date symlink: /home/rokey/p3/cobot_ws/install/parking_robot_interfaces/share/parking_robot_interfaces/rust/src/srv/rmw.rs
[5.323s] -- Up-to-date symlink: /home/rokey/p3/cobot_ws/install/parking_robot_interfaces/share/parking_robot_interfaces/msg/VehicleInfo.idl
[5.324s] -- Up-to-date symlink: /home/rokey/p3/cobot_ws/install/parking_robot_interfaces/share/parking_robot_interfaces/msg/TaskState.idl
[5.324s] -- Up-to-date symlink: /home/rokey/p3/cobot_ws/install/parking_robot_interfaces/share/parking_robot_interfaces/msg/ObstacleAlert.idl
[5.324s] -- Up-to-date symlink: /home/rokey/p3/cobot_ws/install/parking_robot_interfaces/share/parking_robot_interfaces/msg/FormationStop.idl
[5.324s] -- Up-to-date symlink: /home/rokey/p3/cobot_ws/install/parking_robot_interfaces/share/parking_robot_interfaces/msg/FormationAssignment.idl
[5.324s] -- Up-to-date symlink: /home/rokey/p3/cobot_ws/install/parking_robot_interfaces/share/parking_robot_interfaces/srv/FindEmptySlot.idl
[5.324s] -- Up-to-date symlink: /home/rokey/p3/cobot_ws/install/parking_robot_interfaces/share/parking_robot_interfaces/srv/ParkInSlot.idl
[5.324s] -- Up-to-date symlink: /home/rokey/p3/cobot_ws/install/parking_robot_interfaces/share/parking_robot_interfaces/srv/GetSlotInfo.idl
[5.324s] -- Up-to-date symlink: /home/rokey/p3/cobot_ws/install/parking_robot_interfaces/share/parking_robot_interfaces/srv/RequestParkingTask.idl
[5.324s] -- Up-to-date symlink: /home/rokey/p3/cobot_ws/install/parking_robot_interfaces/share/parking_robot_interfaces/srv/GetTaskStatus.idl
[5.324s] -- Up-to-date symlink: /home/rokey/p3/cobot_ws/install/parking_robot_interfaces/share/parking_robot_interfaces/srv/AcquireZones.idl
[5.324s] -- Up-to-date symlink: /home/rokey/p3/cobot_ws/install/parking_robot_interfaces/share/parking_robot_interfaces/srv/ReleaseZones.idl
[5.324s] -- Up-to-date symlink: /home/rokey/p3/cobot_ws/install/parking_robot_interfaces/share/parking_robot_interfaces/action/ExecuteParkingTask.idl
[5.324s] -- Up-to-date symlink: /home/rokey/p3/cobot_ws/install/parking_robot_interfaces/share/parking_robot_interfaces/action/DetectVehicle.idl
[5.324s] -- Up-to-date symlink: /home/rokey/p3/cobot_ws/install/parking_robot_interfaces/share/parking_robot_interfaces/action/AlignVehicle.idl
[5.324s] -- Up-to-date symlink: /home/rokey/p3/cobot_ws/install/parking_robot_interfaces/share/parking_robot_interfaces/action/ControlLift.idl
[5.324s] -- Symlinking: /home/rokey/p3/cobot_ws/install/parking_robot_interfaces/share/parking_robot_interfaces/action/IngressUnderTruck.idl
[5.329s] -- Up-to-date symlink: /home/rokey/p3/cobot_ws/install/parking_robot_interfaces/share/parking_robot_interfaces/msg/VehicleInfo.msg
[5.329s] -- Up-to-date symlink: /home/rokey/p3/cobot_ws/install/parking_robot_interfaces/share/parking_robot_interfaces/msg/TaskState.msg
[5.329s] -- Up-to-date symlink: /home/rokey/p3/cobot_ws/install/parking_robot_interfaces/share/parking_robot_interfaces/msg/ObstacleAlert.msg
[5.329s] -- Up-to-date symlink: /home/rokey/p3/cobot_ws/install/parking_robot_interfaces/share/parking_robot_interfaces/msg/FormationStop.msg
[5.329s] -- Up-to-date symlink: /home/rokey/p3/cobot_ws/install/parking_robot_interfaces/share/parking_robot_interfaces/msg/FormationAssignment.msg
[5.329s] -- Up-to-date symlink: /home/rokey/p3/cobot_ws/install/parking_robot_interfaces/share/parking_robot_interfaces/srv/FindEmptySlot.srv
[5.329s] -- Up-to-date symlink: /home/rokey/p3/cobot_ws/install/parking_robot_interfaces/share/parking_robot_interfaces/srv/FindEmptySlot_Request.msg
[5.329s] -- Up-to-date symlink: /home/rokey/p3/cobot_ws/install/parking_robot_interfaces/share/parking_robot_interfaces/srv/FindEmptySlot_Response.msg
[5.329s] -- Up-to-date symlink: /home/rokey/p3/cobot_ws/install/parking_robot_interfaces/share/parking_robot_interfaces/srv/ParkInSlot.srv
[5.329s] -- Up-to-date symlink: /home/rokey/p3/cobot_ws/install/parking_robot_interfaces/share/parking_robot_interfaces/srv/ParkInSlot_Request.msg
[5.329s] -- Up-to-date symlink: /home/rokey/p3/cobot_ws/install/parking_robot_interfaces/share/parking_robot_interfaces/srv/ParkInSlot_Response.msg
[5.329s] -- Up-to-date symlink: /home/rokey/p3/cobot_ws/install/parking_robot_interfaces/share/parking_robot_interfaces/srv/GetSlotInfo.srv
[5.329s] -- Up-to-date symlink: /home/rokey/p3/cobot_ws/install/parking_robot_interfaces/share/parking_robot_interfaces/srv/GetSlotInfo_Request.msg
[5.329s] -- Up-to-date symlink: /home/rokey/p3/cobot_ws/install/parking_robot_interfaces/share/parking_robot_interfaces/srv/GetSlotInfo_Response.msg
[5.329s] -- Up-to-date symlink: /home/rokey/p3/cobot_ws/install/parking_robot_interfaces/share/parking_robot_interfaces/srv/RequestParkingTask.srv
[5.329s] -- Up-to-date symlink: /home/rokey/p3/cobot_ws/install/parking_robot_interfaces/share/parking_robot_interfaces/srv/RequestParkingTask_Request.msg
[5.329s] -- Up-to-date symlink: /home/rokey/p3/cobot_ws/install/parking_robot_interfaces/share/parking_robot_interfaces/srv/RequestParkingTask_Response.msg
[5.329s] -- Up-to-date symlink: /home/rokey/p3/cobot_ws/install/parking_robot_interfaces/share/parking_robot_interfaces/srv/GetTaskStatus.srv
[5.329s] -- Up-to-date symlink: /home/rokey/p3/cobot_ws/install/parking_robot_interfaces/share/parking_robot_interfaces/srv/GetTaskStatus_Request.msg
[5.329s] -- Up-to-date symlink: /home/rokey/p3/cobot_ws/install/parking_robot_interfaces/share/parking_robot_interfaces/srv/GetTaskStatus_Response.msg
[5.330s] -- Up-to-date symlink: /home/rokey/p3/cobot_ws/install/parking_robot_interfaces/share/parking_robot_interfaces/srv/AcquireZones.srv
[5.330s] -- Up-to-date symlink: /home/rokey/p3/cobot_ws/install/parking_robot_interfaces/share/parking_robot_interfaces/srv/AcquireZones_Request.msg
[5.330s] -- Up-to-date symlink: /home/rokey/p3/cobot_ws/install/parking_robot_interfaces/share/parking_robot_interfaces/srv/AcquireZones_Response.msg
[5.330s] -- Up-to-date symlink: /home/rokey/p3/cobot_ws/install/parking_robot_interfaces/share/parking_robot_interfaces/srv/ReleaseZones.srv
[5.330s] -- Up-to-date symlink: /home/rokey/p3/cobot_ws/install/parking_robot_interfaces/share/parking_robot_interfaces/srv/ReleaseZones_Request.msg
[5.330s] -- Up-to-date symlink: /home/rokey/p3/cobot_ws/install/parking_robot_interfaces/share/parking_robot_interfaces/srv/ReleaseZones_Response.msg
[5.330s] -- Up-to-date symlink: /home/rokey/p3/cobot_ws/install/parking_robot_interfaces/share/parking_robot_interfaces/action/ExecuteParkingTask.action
[5.330s] -- Up-to-date symlink: /home/rokey/p3/cobot_ws/install/parking_robot_interfaces/share/parking_robot_interfaces/action/DetectVehicle.action
[5.330s] -- Up-to-date symlink: /home/rokey/p3/cobot_ws/install/parking_robot_interfaces/share/parking_robot_interfaces/action/AlignVehicle.action
[5.330s] -- Up-to-date symlink: /home/rokey/p3/cobot_ws/install/parking_robot_interfaces/share/parking_robot_interfaces/action/ControlLift.action
[5.330s] -- Symlinking: /home/rokey/p3/cobot_ws/install/parking_robot_interfaces/share/parking_robot_interfaces/action/IngressUnderTruck.action
[5.334s] -- Up-to-date symlink: /home/rokey/p3/cobot_ws/install/parking_robot_interfaces/share/ament_index/resource_index/package_run_dependencies/parking_robot_interfaces
[5.334s] -- Up-to-date symlink: /home/rokey/p3/cobot_ws/install/parking_robot_interfaces/share/ament_index/resource_index/parent_prefix_path/parking_robot_interfaces
[5.334s] -- Up-to-date symlink: /home/rokey/p3/cobot_ws/install/parking_robot_interfaces/share/parking_robot_interfaces/environment/ament_prefix_path.sh
[5.334s] -- Up-to-date symlink: /home/rokey/p3/cobot_ws/install/parking_robot_interfaces/share/parking_robot_interfaces/environment/ament_prefix_path.dsv
[5.334s] -- Up-to-date symlink: /home/rokey/p3/cobot_ws/install/parking_robot_interfaces/share/parking_robot_interfaces/environment/path.sh
[5.334s] -- Up-to-date symlink: /home/rokey/p3/cobot_ws/install/parking_robot_interfaces/share/parking_robot_interfaces/environment/path.dsv
[5.334s] -- Up-to-date symlink: /home/rokey/p3/cobot_ws/install/parking_robot_interfaces/share/parking_robot_interfaces/local_setup.bash
[5.334s] -- Up-to-date symlink: /home/rokey/p3/cobot_ws/install/parking_robot_interfaces/share/parking_robot_interfaces/local_setup.sh
[5.334s] -- Up-to-date symlink: /home/rokey/p3/cobot_ws/install/parking_robot_interfaces/share/parking_robot_interfaces/local_setup.zsh
[5.334s] -- Up-to-date symlink: /home/rokey/p3/cobot_ws/install/parking_robot_interfaces/share/parking_robot_interfaces/local_setup.dsv
[5.334s] -- Symlinking: /home/rokey/p3/cobot_ws/install/parking_robot_interfaces/share/parking_robot_interfaces/package.dsv
[5.339s] -- Up-to-date symlink: /home/rokey/p3/cobot_ws/install/parking_robot_interfaces/share/ament_index/resource_index/packages/parking_robot_interfaces
[5.339s] -- Up-to-date symlink: /home/rokey/p3/cobot_ws/install/parking_robot_interfaces/share/parking_robot_interfaces/cmake/rosidl_cmake-extras.cmake
[5.339s] -- Up-to-date symlink: /home/rokey/p3/cobot_ws/install/parking_robot_interfaces/share/parking_robot_interfaces/cmake/ament_cmake_export_dependencies-extras.cmake
[5.339s] -- Up-to-date symlink: /home/rokey/p3/cobot_ws/install/parking_robot_interfaces/share/parking_robot_interfaces/cmake/ament_cmake_export_include_directories-extras.cmake
[5.339s] -- Up-to-date symlink: /home/rokey/p3/cobot_ws/install/parking_robot_interfaces/share/parking_robot_interfaces/cmake/ament_cmake_export_libraries-extras.cmake
[5.339s] -- Up-to-date symlink: /home/rokey/p3/cobot_ws/install/parking_robot_interfaces/share/parking_robot_interfaces/cmake/ament_cmake_export_targets-extras.cmake
[5.339s] -- Up-to-date symlink: /home/rokey/p3/cobot_ws/install/parking_robot_interfaces/share/parking_robot_interfaces/cmake/rosidl_cmake_export_typesupport_targets-extras.cmake
[5.339s] -- Up-to-date symlink: /home/rokey/p3/cobot_ws/install/parking_robot_interfaces/share/parking_robot_interfaces/cmake/rosidl_cmake_export_typesupport_libraries-extras.cmake
[5.339s] -- Up-to-date symlink: /home/rokey/p3/cobot_ws/install/parking_robot_interfaces/share/parking_robot_interfaces/cmake/parking_robot_interfacesConfig.cmake
[5.339s] -- Up-to-date symlink: /home/rokey/p3/cobot_ws/install/parking_robot_interfaces/share/parking_robot_interfaces/cmake/parking_robot_interfacesConfig-version.cmake
[5.339s] -- Up-to-date symlink: /home/rokey/p3/cobot_ws/install/parking_robot_interfaces/share/parking_robot_interfaces/package.xml
[5.340s] -- Installing: /home/rokey/p3/cobot_ws/install/parking_robot_interfaces/lib/libparking_robot_interfaces__rosidl_generator_c.so
[5.340s] -- Set runtime path of "/home/rokey/p3/cobot_ws/install/parking_robot_interfaces/lib/libparking_robot_interfaces__rosidl_generator_c.so" to ""
[5.340s] -- Installing: /home/rokey/p3/cobot_ws/install/parking_robot_interfaces/lib/libparking_robot_interfaces__rosidl_typesupport_fastrtps_c.so
[5.340s] -- Set runtime path of "/home/rokey/p3/cobot_ws/install/parking_robot_interfaces/lib/libparking_robot_interfaces__rosidl_typesupport_fastrtps_c.so" to ""
[5.340s] -- Installing: /home/rokey/p3/cobot_ws/install/parking_robot_interfaces/lib/libparking_robot_interfaces__rosidl_typesupport_introspection_c.so
[5.340s] -- Set runtime path of "/home/rokey/p3/cobot_ws/install/parking_robot_interfaces/lib/libparking_robot_interfaces__rosidl_typesupport_introspection_c.so" to ""
[5.340s] -- Installing: /home/rokey/p3/cobot_ws/install/parking_robot_interfaces/lib/libparking_robot_interfaces__rosidl_typesupport_c.so
[5.341s] -- Set runtime path of "/home/rokey/p3/cobot_ws/install/parking_robot_interfaces/lib/libparking_robot_interfaces__rosidl_typesupport_c.so" to ""
[5.341s] -- Installing: /home/rokey/p3/cobot_ws/install/parking_robot_interfaces/lib/libparking_robot_interfaces__rosidl_typesupport_fastrtps_cpp.so
[5.341s] -- Set runtime path of "/home/rokey/p3/cobot_ws/install/parking_robot_interfaces/lib/libparking_robot_interfaces__rosidl_typesupport_fastrtps_cpp.so" to ""
[5.341s] -- Installing: /home/rokey/p3/cobot_ws/install/parking_robot_interfaces/lib/libparking_robot_interfaces__rosidl_typesupport_introspection_cpp.so
[5.341s] -- Set runtime path of "/home/rokey/p3/cobot_ws/install/parking_robot_interfaces/lib/libparking_robot_interfaces__rosidl_typesupport_introspection_cpp.so" to ""
[5.341s] -- Installing: /home/rokey/p3/cobot_ws/install/parking_robot_interfaces/lib/libparking_robot_interfaces__rosidl_typesupport_cpp.so
[5.341s] -- Set runtime path of "/home/rokey/p3/cobot_ws/install/parking_robot_interfaces/lib/libparking_robot_interfaces__rosidl_typesupport_cpp.so" to ""
[5.379s] Listing '/home/rokey/p3/cobot_ws/install/parking_robot_interfaces/local/lib/python3.10/dist-packages/parking_robot_interfaces'...
[5.379s] Compiling '/home/rokey/p3/cobot_ws/install/parking_robot_interfaces/local/lib/python3.10/dist-packages/parking_robot_interfaces/__init__.py'...
[5.379s] Listing '/home/rokey/p3/cobot_ws/install/parking_robot_interfaces/local/lib/python3.10/dist-packages/parking_robot_interfaces/action'...
[5.379s] Compiling '/home/rokey/p3/cobot_ws/install/parking_robot_interfaces/local/lib/python3.10/dist-packages/parking_robot_interfaces/action/__init__.py'...
[5.379s] Compiling '/home/rokey/p3/cobot_ws/install/parking_robot_interfaces/local/lib/python3.10/dist-packages/parking_robot_interfaces/action/_align_vehicle.py'...
[5.379s] Compiling '/home/rokey/p3/cobot_ws/install/parking_robot_interfaces/local/lib/python3.10/dist-packages/parking_robot_interfaces/action/_control_lift.py'...
[5.379s] Compiling '/home/rokey/p3/cobot_ws/install/parking_robot_interfaces/local/lib/python3.10/dist-packages/parking_robot_interfaces/action/_detect_vehicle.py'...
[5.379s] Compiling '/home/rokey/p3/cobot_ws/install/parking_robot_interfaces/local/lib/python3.10/dist-packages/parking_robot_interfaces/action/_execute_parking_task.py'...
[5.379s] Compiling '/home/rokey/p3/cobot_ws/install/parking_robot_interfaces/local/lib/python3.10/dist-packages/parking_robot_interfaces/action/_ingress_under_truck.py'...
[5.379s] Listing '/home/rokey/p3/cobot_ws/install/parking_robot_interfaces/local/lib/python3.10/dist-packages/parking_robot_interfaces/msg'...
[5.379s] Compiling '/home/rokey/p3/cobot_ws/install/parking_robot_interfaces/local/lib/python3.10/dist-packages/parking_robot_interfaces/msg/__init__.py'...
[5.379s] Compiling '/home/rokey/p3/cobot_ws/install/parking_robot_interfaces/local/lib/python3.10/dist-packages/parking_robot_interfaces/msg/_formation_assignment.py'...
[5.379s] Compiling '/home/rokey/p3/cobot_ws/install/parking_robot_interfaces/local/lib/python3.10/dist-packages/parking_robot_interfaces/msg/_formation_stop.py'...
[5.379s] Compiling '/home/rokey/p3/cobot_ws/install/parking_robot_interfaces/local/lib/python3.10/dist-packages/parking_robot_interfaces/msg/_obstacle_alert.py'...
[5.379s] Compiling '/home/rokey/p3/cobot_ws/install/parking_robot_interfaces/local/lib/python3.10/dist-packages/parking_robot_interfaces/msg/_task_state.py'...
[5.379s] Compiling '/home/rokey/p3/cobot_ws/install/parking_robot_interfaces/local/lib/python3.10/dist-packages/parking_robot_interfaces/msg/_vehicle_info.py'...
[5.379s] Listing '/home/rokey/p3/cobot_ws/install/parking_robot_interfaces/local/lib/python3.10/dist-packages/parking_robot_interfaces/srv'...
[5.379s] Compiling '/home/rokey/p3/cobot_ws/install/parking_robot_interfaces/local/lib/python3.10/dist-packages/parking_robot_interfaces/srv/__init__.py'...
[5.379s] Compiling '/home/rokey/p3/cobot_ws/install/parking_robot_interfaces/local/lib/python3.10/dist-packages/parking_robot_interfaces/srv/_acquire_zones.py'...
[5.379s] Compiling '/home/rokey/p3/cobot_ws/install/parking_robot_interfaces/local/lib/python3.10/dist-packages/parking_robot_interfaces/srv/_find_empty_slot.py'...
[5.379s] Compiling '/home/rokey/p3/cobot_ws/install/parking_robot_interfaces/local/lib/python3.10/dist-packages/parking_robot_interfaces/srv/_get_slot_info.py'...
[5.379s] Compiling '/home/rokey/p3/cobot_ws/install/parking_robot_interfaces/local/lib/python3.10/dist-packages/parking_robot_interfaces/srv/_get_task_status.py'...
[5.379s] Compiling '/home/rokey/p3/cobot_ws/install/parking_robot_interfaces/local/lib/python3.10/dist-packages/parking_robot_interfaces/srv/_park_in_slot.py'...
[5.379s] Compiling '/home/rokey/p3/cobot_ws/install/parking_robot_interfaces/local/lib/python3.10/dist-packages/parking_robot_interfaces/srv/_release_zones.py'...
[5.379s] Compiling '/home/rokey/p3/cobot_ws/install/parking_robot_interfaces/local/lib/python3.10/dist-packages/parking_robot_interfaces/srv/_request_parking_task.py'...
[5.381s] -- Installing: /home/rokey/p3/cobot_ws/install/parking_robot_interfaces/lib/libparking_robot_interfaces__rosidl_generator_py.so
[5.382s] -- Set runtime path of "/home/rokey/p3/cobot_ws/install/parking_robot_interfaces/lib/libparking_robot_interfaces__rosidl_generator_py.so" to ""
[5.382s] -- Up-to-date: /home/rokey/p3/cobot_ws/install/parking_robot_interfaces/share/parking_robot_interfaces/cmake/export_parking_robot_interfaces__rosidl_generator_cExport.cmake
[5.382s] -- Up-to-date: /home/rokey/p3/cobot_ws/install/parking_robot_interfaces/share/parking_robot_interfaces/cmake/export_parking_robot_interfaces__rosidl_generator_cExport-noconfig.cmake
[5.382s] -- Up-to-date: /home/rokey/p3/cobot_ws/install/parking_robot_interfaces/share/parking_robot_interfaces/cmake/export_parking_robot_interfaces__rosidl_typesupport_fastrtps_cExport.cmake
[5.382s] -- Up-to-date: /home/rokey/p3/cobot_ws/install/parking_robot_interfaces/share/parking_robot_interfaces/cmake/export_parking_robot_interfaces__rosidl_typesupport_fastrtps_cExport-noconfig.cmake
[5.382s] -- Up-to-date: /home/rokey/p3/cobot_ws/install/parking_robot_interfaces/share/parking_robot_interfaces/cmake/parking_robot_interfaces__rosidl_typesupport_introspection_cExport.cmake
[5.382s] -- Up-to-date: /home/rokey/p3/cobot_ws/install/parking_robot_interfaces/share/parking_robot_interfaces/cmake/parking_robot_interfaces__rosidl_typesupport_introspection_cExport-noconfig.cmake
[5.382s] -- Up-to-date: /home/rokey/p3/cobot_ws/install/parking_robot_interfaces/share/parking_robot_interfaces/cmake/parking_robot_interfaces__rosidl_typesupport_cExport.cmake
[5.382s] -- Up-to-date: /home/rokey/p3/cobot_ws/install/parking_robot_interfaces/share/parking_robot_interfaces/cmake/parking_robot_interfaces__rosidl_typesupport_cExport-noconfig.cmake
[5.382s] -- Up-to-date: /home/rokey/p3/cobot_ws/install/parking_robot_interfaces/share/parking_robot_interfaces/cmake/export_parking_robot_interfaces__rosidl_generator_cppExport.cmake
[5.382s] -- Up-to-date: /home/rokey/p3/cobot_ws/install/parking_robot_interfaces/share/parking_robot_interfaces/cmake/export_parking_robot_interfaces__rosidl_typesupport_fastrtps_cppExport.cmake
[5.382s] -- Up-to-date: /home/rokey/p3/cobot_ws/install/parking_robot_interfaces/share/parking_robot_interfaces/cmake/export_parking_robot_interfaces__rosidl_typesupport_fastrtps_cppExport-noconfig.cmake
[5.382s] -- Up-to-date: /home/rokey/p3/cobot_ws/install/parking_robot_interfaces/share/parking_robot_interfaces/cmake/parking_robot_interfaces__rosidl_typesupport_introspection_cppExport.cmake
[5.382s] -- Up-to-date: /home/rokey/p3/cobot_ws/install/parking_robot_interfaces/share/parking_robot_interfaces/cmake/parking_robot_interfaces__rosidl_typesupport_introspection_cppExport-noconfig.cmake
[5.382s] -- Up-to-date: /home/rokey/p3/cobot_ws/install/parking_robot_interfaces/share/parking_robot_interfaces/cmake/parking_robot_interfaces__rosidl_typesupport_cppExport.cmake
[5.382s] -- Up-to-date: /home/rokey/p3/cobot_ws/install/parking_robot_interfaces/share/parking_robot_interfaces/cmake/parking_robot_interfaces__rosidl_typesupport_cppExport-noconfig.cmake
[5.382s] -- Up-to-date: /home/rokey/p3/cobot_ws/install/parking_robot_interfaces/share/parking_robot_interfaces/cmake/export_parking_robot_interfaces__rosidl_generator_pyExport.cmake
[5.382s] -- Up-to-date: /home/rokey/p3/cobot_ws/install/parking_robot_interfaces/share/parking_robot_interfaces/cmake/export_parking_robot_interfaces__rosidl_generator_pyExport-noconfig.cmake
[5.385s] Invoked command in '/home/rokey/p3/cobot_ws/build/parking_robot_interfaces' returned '0': CMAKE_PREFIX_PATH=/opt/ros/humble /usr/bin/cmake --install /home/rokey/p3/cobot_ws/build/parking_robot_interfaces
